[      -3ms] [LOG] [Fast Refresh] done in 1585ms @ http://localhost:3001/_next/static/chunks/node_modules_next_dist_1e8vcs8._.js:776
[      98ms] [LOG] [Fast Refresh] done in 1585ms @ http://localhost:3001/_next/static/chunks/node_modules_next_dist_1e8vcs8._.js:776
[     178ms] [LOG] [Fast Refresh] done in 1585ms @ http://localhost:3001/_next/static/chunks/node_modules_next_dist_1e8vcs8._.js:776
[    1230ms] [INFO] %cDownload the React DevTools for a better development experience: https://react.dev/link/react-devtools font-weight:bold @ http://localhost:3001/_next/static/chunks/node_modules_next_dist_1e8vcs8._.js:776
[    1262ms] [LOG] [HMR] connected @ http://localhost:3001/_next/static/chunks/node_modules_next_dist_1e8vcs8._.js:776
[  121775ms] [INFO] %cDownload the React DevTools for a better development experience: https://react.dev/link/react-devtools font-weight:bold @ http://localhost:3001/_next/static/chunks/node_modules_next_dist_1e8vcs8._.js:776
[  121795ms] [LOG] [HMR] connected @ http://localhost:3001/_next/static/chunks/node_modules_next_dist_1e8vcs8._.js:776
[  122123ms] [INFO] %cDownload the React DevTools for a better development experience: https://react.dev/link/react-devtools font-weight:bold @ http://localhost:3001/_next/static/chunks/node_modules_next_dist_1e8vcs8._.js:776
[  122136ms] [LOG] [HMR] connected @ http://localhost:3001/_next/static/chunks/node_modules_next_dist_1e8vcs8._.js:776
[  122441ms] [INFO] %cDownload the React DevTools for a better development experience: https://react.dev/link/react-devtools font-weight:bold @ http://localhost:3001/_next/static/chunks/node_modules_next_dist_1e8vcs8._.js:776
[  122453ms] [LOG] [HMR] connected @ http://localhost:3001/_next/static/chunks/node_modules_next_dist_1e8vcs8._.js:776
[  148905ms] [INFO] %cDownload the React DevTools for a better development experience: https://react.dev/link/react-devtools font-weight:bold @ http://localhost:3001/_next/static/chunks/node_modules_next_dist_1e8vcs8._.js:776
[  148917ms] [LOG] [HMR] connected @ http://localhost:3001/_next/static/chunks/node_modules_next_dist_1e8vcs8._.js:776
[  150663ms] [INFO] %cDownload the React DevTools for a better development experience: https://react.dev/link/react-devtools font-weight:bold @ http://localhost:3001/_next/static/chunks/node_modules_next_dist_1e8vcs8._.js:776
[  150688ms] [LOG] [HMR] connected @ http://localhost:3001/_next/static/chunks/node_modules_next_dist_1e8vcs8._.js:776
[  151244ms] [INFO] %cDownload the React DevTools for a better development experience: https://react.dev/link/react-devtools font-weight:bold @ http://localhost:3001/_next/static/chunks/node_modules_next_dist_1e8vcs8._.js:776
[  151257ms] [LOG] [HMR] connected @ http://localhost:3001/_next/static/chunks/node_modules_next_dist_1e8vcs8._.js:776
[  184255ms] [LOG] [Fast Refresh] rebuilding @ http://localhost:3001/_next/static/chunks/node_modules_next_dist_1e8vcs8._.js:776
[  184354ms] [LOG] [Fast Refresh] done in 57ms @ http://localhost:3001/_next/static/chunks/node_modules_next_dist_1e8vcs8._.js:776
[  184388ms] [LOG] [Fast Refresh] done in 57ms @ http://localhost:3001/_next/static/chunks/node_modules_next_dist_1e8vcs8._.js:776
[  184426ms] [LOG] [Fast Refresh] done in 57ms @ http://localhost:3001/_next/static/chunks/node_modules_next_dist_1e8vcs8._.js:776
[  184484ms] [LOG] [Fast Refresh] done in 57ms @ http://localhost:3001/_next/static/chunks/node_modules_next_dist_1e8vcs8._.js:776
[  184528ms] [LOG] [Fast Refresh] done in 57ms @ http://localhost:3001/_next/static/chunks/node_modules_next_dist_1e8vcs8._.js:776
[  184576ms] [LOG] [Fast Refresh] done in 57ms @ http://localhost:3001/_next/static/chunks/node_modules_next_dist_1e8vcs8._.js:776
[  184634ms] [LOG] [Fast Refresh] done in 57ms @ http://localhost:3001/_next/static/chunks/node_modules_next_dist_1e8vcs8._.js:776
[  184673ms] [LOG] [Fast Refresh] done in 57ms @ http://localhost:3001/_next/static/chunks/node_modules_next_dist_1e8vcs8._.js:776
[  184730ms] [LOG] [Fast Refresh] done in 57ms @ http://localhost:3001/_next/static/chunks/node_modules_next_dist_1e8vcs8._.js:776
[  184775ms] [LOG] [Fast Refresh] done in 57ms @ http://localhost:3001/_next/static/chunks/node_modules_next_dist_1e8vcs8._.js:776
[  184830ms] [LOG] [Fast Refresh] done in 57ms @ http://localhost:3001/_next/static/chunks/node_modules_next_dist_1e8vcs8._.js:776
[  184865ms] [LOG] [Fast Refresh] done in 57ms @ http://localhost:3001/_next/static/chunks/node_modules_next_dist_1e8vcs8._.js:776
[  184903ms] [LOG] [Fast Refresh] done in 57ms @ http://localhost:3001/_next/static/chunks/node_modules_next_dist_1e8vcs8._.js:776
[  184948ms] [LOG] [Fast Refresh] done in 57ms @ http://localhost:3001/_next/static/chunks/node_modules_next_dist_1e8vcs8._.js:776
[  184992ms] [LOG] [Fast Refresh] done in 57ms @ http://localhost:3001/_next/static/chunks/node_modules_next_dist_1e8vcs8._.js:776
[  185050ms] [LOG] [Fast Refresh] done in 57ms @ http://localhost:3001/_next/static/chunks/node_modules_next_dist_1e8vcs8._.js:776
[  185105ms] [LOG] [Fast Refresh] done in 57ms @ http://localhost:3001/_next/static/chunks/node_modules_next_dist_1e8vcs8._.js:776
[  185149ms] [LOG] [Fast Refresh] done in 57ms @ http://localhost:3001/_next/static/chunks/node_modules_next_dist_1e8vcs8._.js:776
[  185196ms] [LOG] [Fast Refresh] done in 57ms @ http://localhost:3001/_next/static/chunks/node_modules_next_dist_1e8vcs8._.js:776
[  185234ms] [LOG] [Fast Refresh] done in 57ms @ http://localhost:3001/_next/static/chunks/node_modules_next_dist_1e8vcs8._.js:776
[  185281ms] [LOG] [Fast Refresh] done in 57ms @ http://localhost:3001/_next/static/chunks/node_modules_next_dist_1e8vcs8._.js:776
[  185327ms] [LOG] [Fast Refresh] done in 57ms @ http://localhost:3001/_next/static/chunks/node_modules_next_dist_1e8vcs8._.js:776
[  185377ms] [LOG] [Fast Refresh] done in 57ms @ http://localhost:3001/_next/static/chunks/node_modules_next_dist_1e8vcs8._.js:776
[  185433ms] [LOG] [Fast Refresh] done in 57ms @ http://localhost:3001/_next/static/chunks/node_modules_next_dist_1e8vcs8._.js:776
[  185478ms] [LOG] [Fast Refresh] done in 57ms @ http://localhost:3001/_next/static/chunks/node_modules_next_dist_1e8vcs8._.js:776
[  185523ms] [LOG] [Fast Refresh] done in 57ms @ http://localhost:3001/_next/static/chunks/node_modules_next_dist_1e8vcs8._.js:776
[  185568ms] [LOG] [Fast Refresh] done in 57ms @ http://localhost:3001/_next/static/chunks/node_modules_next_dist_1e8vcs8._.js:776
[  185611ms] [LOG] [Fast Refresh] done in 57ms @ http://localhost:3001/_next/static/chunks/node_modules_next_dist_1e8vcs8._.js:776
[  185655ms] [LOG] [Fast Refresh] done in 57ms @ http://localhost:3001/_next/static/chunks/node_modules_next_dist_1e8vcs8._.js:776
[  185711ms] [LOG] [Fast Refresh] done in 57ms @ http://localhost:3001/_next/static/chunks/node_modules_next_dist_1e8vcs8._.js:776
[  185754ms] [LOG] [Fast Refresh] done in 57ms @ http://localhost:3001/_next/static/chunks/node_modules_next_dist_1e8vcs8._.js:776
[  185811ms] [LOG] [Fast Refresh] done in 57ms @ http://localhost:3001/_next/static/chunks/node_modules_next_dist_1e8vcs8._.js:776
[  185856ms] [LOG] [Fast Refresh] done in 57ms @ http://localhost:3001/_next/static/chunks/node_modules_next_dist_1e8vcs8._.js:776
[  185905ms] [LOG] [Fast Refresh] done in 57ms @ http://localhost:3001/_next/static/chunks/node_modules_next_dist_1e8vcs8._.js:776
[  185940ms] [LOG] [Fast Refresh] done in 57ms @ http://localhost:3001/_next/static/chunks/node_modules_next_dist_1e8vcs8._.js:776
[  185992ms] [LOG] [Fast Refresh] done in 57ms @ http://localhost:3001/_next/static/chunks/node_modules_next_dist_1e8vcs8._.js:776
[  186050ms] [LOG] [Fast Refresh] done in 57ms @ http://localhost:3001/_next/static/chunks/node_modules_next_dist_1e8vcs8._.js:776
[  186105ms] [LOG] [Fast Refresh] done in 57ms @ http://localhost:3001/_next/static/chunks/node_modules_next_dist_1e8vcs8._.js:776
[  186151ms] [LOG] [Fast Refresh] done in 57ms @ http://localhost:3001/_next/static/chunks/node_modules_next_dist_1e8vcs8._.js:776
[  186194ms] [LOG] [Fast Refresh] done in 57ms @ http://localhost:3001/_next/static/chunks/node_modules_next_dist_1e8vcs8._.js:776
[  186239ms] [LOG] [Fast Refresh] done in 57ms @ http://localhost:3001/_next/static/chunks/node_modules_next_dist_1e8vcs8._.js:776
[  186283ms] [LOG] [Fast Refresh] done in 57ms @ http://localhost:3001/_next/static/chunks/node_modules_next_dist_1e8vcs8._.js:776
[  186328ms] [LOG] [Fast Refresh] done in 57ms @ http://localhost:3001/_next/static/chunks/node_modules_next_dist_1e8vcs8._.js:776
[  186372ms] [LOG] [Fast Refresh] done in 57ms @ http://localhost:3001/_next/static/chunks/node_modules_next_dist_1e8vcs8._.js:776
[  186427ms] [LOG] [Fast Refresh] done in 57ms @ http://localhost:3001/_next/static/chunks/node_modules_next_dist_1e8vcs8._.js:776
[  186466ms] [LOG] [Fast Refresh] done in 57ms @ http://localhost:3001/_next/static/chunks/node_modules_next_dist_1e8vcs8._.js:776
[  186522ms] [LOG] [Fast Refresh] done in 57ms @ http://localhost:3001/_next/static/chunks/node_modules_next_dist_1e8vcs8._.js:776
[  186566ms] [LOG] [Fast Refresh] done in 57ms @ http://localhost:3001/_next/static/chunks/node_modules_next_dist_1e8vcs8._.js:776
[  186622ms] [LOG] [Fast Refresh] done in 57ms @ http://localhost:3001/_next/static/chunks/node_modules_next_dist_1e8vcs8._.js:776
[  186666ms] [LOG] [Fast Refresh] done in 57ms @ http://localhost:3001/_next/static/chunks/node_modules_next_dist_1e8vcs8._.js:776
[  186711ms] [LOG] [Fast Refresh] done in 57ms @ http://localhost:3001/_next/static/chunks/node_modules_next_dist_1e8vcs8._.js:776
[  186755ms] [LOG] [Fast Refresh] done in 57ms @ http://localhost:3001/_next/static/chunks/node_modules_next_dist_1e8vcs8._.js:776
[  186801ms] [LOG] [Fast Refresh] done in 57ms @ http://localhost:3001/_next/static/chunks/node_modules_next_dist_1e8vcs8._.js:776
[  186846ms] [LOG] [Fast Refresh] done in 57ms @ http://localhost:3001/_next/static/chunks/node_modules_next_dist_1e8vcs8._.js:776
[  186892ms] [LOG] [Fast Refresh] done in 57ms @ http://localhost:3001/_next/static/chunks/node_modules_next_dist_1e8vcs8._.js:776
[  186933ms] [LOG] [Fast Refresh] done in 57ms @ http://localhost:3001/_next/static/chunks/node_modules_next_dist_1e8vcs8._.js:776
[  186977ms] [LOG] [Fast Refresh] done in 57ms @ http://localhost:3001/_next/static/chunks/node_modules_next_dist_1e8vcs8._.js:776
[  187027ms] [LOG] [Fast Refresh] done in 57ms @ http://localhost:3001/_next/static/chunks/node_modules_next_dist_1e8vcs8._.js:776
[  187065ms] [LOG] [Fast Refresh] done in 57ms @ http://localhost:3001/_next/static/chunks/node_modules_next_dist_1e8vcs8._.js:776
[  187123ms] [LOG] [Fast Refresh] done in 57ms @ http://localhost:3001/_next/static/chunks/node_modules_next_dist_1e8vcs8._.js:776
[  187171ms] [LOG] [Fast Refresh] done in 57ms @ http://localhost:3001/_next/static/chunks/node_modules_next_dist_1e8vcs8._.js:776
[  187214ms] [LOG] [Fast Refresh] done in 57ms @ http://localhost:3001/_next/static/chunks/node_modules_next_dist_1e8vcs8._.js:776
[  187258ms] [LOG] [Fast Refresh] done in 57ms @ http://localhost:3001/_next/static/chunks/node_modules_next_dist_1e8vcs8._.js:776
[  187300ms] [LOG] [Fast Refresh] done in 57ms @ http://localhost:3001/_next/static/chunks/node_modules_next_dist_1e8vcs8._.js:776
[  187334ms] [LOG] [Fast Refresh] done in 57ms @ http://localhost:3001/_next/static/chunks/node_modules_next_dist_1e8vcs8._.js:776
[  187369ms] [LOG] [Fast Refresh] done in 57ms @ http://localhost:3001/_next/static/chunks/node_modules_next_dist_1e8vcs8._.js:776
[  187404ms] [LOG] [Fast Refresh] done in 57ms @ http://localhost:3001/_next/static/chunks/node_modules_next_dist_1e8vcs8._.js:776
[  187453ms] [LOG] [Fast Refresh] done in 57ms @ http://localhost:3001/_next/static/chunks/node_modules_next_dist_1e8vcs8._.js:776
[  187488ms] [LOG] [Fast Refresh] done in 57ms @ http://localhost:3001/_next/static/chunks/node_modules_next_dist_1e8vcs8._.js:776
[  187527ms] [LOG] [Fast Refresh] done in 57ms @ http://localhost:3001/_next/static/chunks/node_modules_next_dist_1e8vcs8._.js:776
[  187563ms] [LOG] [Fast Refresh] done in 57ms @ http://localhost:3001/_next/static/chunks/node_modules_next_dist_1e8vcs8._.js:776
[  187598ms] [LOG] [Fast Refresh] done in 57ms @ http://localhost:3001/_next/static/chunks/node_modules_next_dist_1e8vcs8._.js:776
[  187639ms] [LOG] [Fast Refresh] done in 57ms @ http://localhost:3001/_next/static/chunks/node_modules_next_dist_1e8vcs8._.js:776
[  187688ms] [LOG] [Fast Refresh] done in 57ms @ http://localhost:3001/_next/static/chunks/node_modules_next_dist_1e8vcs8._.js:776
[  187724ms] [LOG] [Fast Refresh] done in 57ms @ http://localhost:3001/_next/static/chunks/node_modules_next_dist_1e8vcs8._.js:776
[  187781ms] [LOG] [Fast Refresh] done in 57ms @ http://localhost:3001/_next/static/chunks/node_modules_next_dist_1e8vcs8._.js:776
[  187826ms] [LOG] [Fast Refresh] done in 57ms @ http://localhost:3001/_next/static/chunks/node_modules_next_dist_1e8vcs8._.js:776
[  187878ms] [LOG] [Fast Refresh] done in 57ms @ http://localhost:3001/_next/static/chunks/node_modules_next_dist_1e8vcs8._.js:776
[  187919ms] [LOG] [Fast Refresh] done in 57ms @ http://localhost:3001/_next/static/chunks/node_modules_next_dist_1e8vcs8._.js:776
[  187965ms] [LOG] [Fast Refresh] done in 57ms @ http://localhost:3001/_next/static/chunks/node_modules_next_dist_1e8vcs8._.js:776
[  188008ms] [LOG] [Fast Refresh] done in 57ms @ http://localhost:3001/_next/static/chunks/node_modules_next_dist_1e8vcs8._.js:776
[  188049ms] [LOG] [Fast Refresh] done in 57ms @ http://localhost:3001/_next/static/chunks/node_modules_next_dist_1e8vcs8._.js:776
[  188086ms] [LOG] [Fast Refresh] done in 57ms @ http://localhost:3001/_next/static/chunks/node_modules_next_dist_1e8vcs8._.js:776
[  188144ms] [LOG] [Fast Refresh] done in 57ms @ http://localhost:3001/_next/static/chunks/node_modules_next_dist_1e8vcs8._.js:776
[  188185ms] [LOG] [Fast Refresh] done in 57ms @ http://localhost:3001/_next/static/chunks/node_modules_next_dist_1e8vcs8._.js:776
[  188221ms] [LOG] [Fast Refresh] done in 57ms @ http://localhost:3001/_next/static/chunks/node_modules_next_dist_1e8vcs8._.js:776
[  188256ms] [LOG] [Fast Refresh] done in 57ms @ http://localhost:3001/_next/static/chunks/node_modules_next_dist_1e8vcs8._.js:776
[  188290ms] [LOG] [Fast Refresh] done in 57ms @ http://localhost:3001/_next/static/chunks/node_modules_next_dist_1e8vcs8._.js:776
[  188327ms] [LOG] [Fast Refresh] done in 57ms @ http://localhost:3001/_next/static/chunks/node_modules_next_dist_1e8vcs8._.js:776
[  188363ms] [LOG] [Fast Refresh] done in 57ms @ http://localhost:3001/_next/static/chunks/node_modules_next_dist_1e8vcs8._.js:776
[  188398ms] [LOG] [Fast Refresh] done in 57ms @ http://localhost:3001/_next/static/chunks/node_modules_next_dist_1e8vcs8._.js:776
[  188433ms] [LOG] [Fast Refresh] done in 57ms @ http://localhost:3001/_next/static/chunks/node_modules_next_dist_1e8vcs8._.js:776
[  188468ms] [LOG] [Fast Refresh] done in 57ms @ http://localhost:3001/_next/static/chunks/node_modules_next_dist_1e8vcs8._.js:776
[  188503ms] [LOG] [Fast Refresh] done in 57ms @ http://localhost:3001/_next/static/chunks/node_modules_next_dist_1e8vcs8._.js:776
[  188537ms] [LOG] [Fast Refresh] done in 57ms @ http://localhost:3001/_next/static/chunks/node_modules_next_dist_1e8vcs8._.js:776
[  188572ms] [LOG] [Fast Refresh] done in 57ms @ http://localhost:3001/_next/static/chunks/node_modules_next_dist_1e8vcs8._.js:776
[  188609ms] [LOG] [Fast Refresh] done in 57ms @ http://localhost:3001/_next/static/chunks/node_modules_next_dist_1e8vcs8._.js:776
[  188645ms] [LOG] [Fast Refresh] done in 57ms @ http://localhost:3001/_next/static/chunks/node_modules_next_dist_1e8vcs8._.js:776
[  188683ms] [LOG] [Fast Refresh] done in 57ms @ http://localhost:3001/_next/static/chunks/node_modules_next_dist_1e8vcs8._.js:776
[  188719ms] [LOG] [Fast Refresh] done in 57ms @ http://localhost:3001/_next/static/chunks/node_modules_next_dist_1e8vcs8._.js:776
[  188753ms] [LOG] [Fast Refresh] done in 57ms @ http://localhost:3001/_next/static/chunks/node_modules_next_dist_1e8vcs8._.js:776
[  188788ms] [LOG] [Fast Refresh] done in 57ms @ http://localhost:3001/_next/static/chunks/node_modules_next_dist_1e8vcs8._.js:776
[  188823ms] [LOG] [Fast Refresh] done in 57ms @ http://localhost:3001/_next/static/chunks/node_modules_next_dist_1e8vcs8._.js:776
[  188858ms] [LOG] [Fast Refresh] done in 57ms @ http://localhost:3001/_next/static/chunks/node_modules_next_dist_1e8vcs8._.js:776
[  188892ms] [LOG] [Fast Refresh] done in 57ms @ http://localhost:3001/_next/static/chunks/node_modules_next_dist_1e8vcs8._.js:776
[  188926ms] [LOG] [Fast Refresh] done in 57ms @ http://localhost:3001/_next/static/chunks/node_modules_next_dist_1e8vcs8._.js:776
[  188960ms] [LOG] [Fast Refresh] done in 57ms @ http://localhost:3001/_next/static/chunks/node_modules_next_dist_1e8vcs8._.js:776
[  188994ms] [LOG] [Fast Refresh] done in 57ms @ http://localhost:3001/_next/static/chunks/node_modules_next_dist_1e8vcs8._.js:776
[  189030ms] [LOG] [Fast Refresh] done in 57ms @ http://localhost:3001/_next/static/chunks/node_modules_next_dist_1e8vcs8._.js:776
[  189065ms] [LOG] [Fast Refresh] done in 57ms @ http://localhost:3001/_next/static/chunks/node_modules_next_dist_1e8vcs8._.js:776
[  189101ms] [LOG] [Fast Refresh] done in 57ms @ http://localhost:3001/_next/static/chunks/node_modules_next_dist_1e8vcs8._.js:776
[  189135ms] [LOG] [Fast Refresh] done in 57ms @ http://localhost:3001/_next/static/chunks/node_modules_next_dist_1e8vcs8._.js:776
[  189172ms] [LOG] [Fast Refresh] done in 57ms @ http://localhost:3001/_next/static/chunks/node_modules_next_dist_1e8vcs8._.js:776
[  189213ms] [LOG] [Fast Refresh] done in 57ms @ http://localhost:3001/_next/static/chunks/node_modules_next_dist_1e8vcs8._.js:776
[  189252ms] [LOG] [Fast Refresh] done in 57ms @ http://localhost:3001/_next/static/chunks/node_modules_next_dist_1e8vcs8._.js:776
[  189302ms] [LOG] [Fast Refresh] done in 57ms @ http://localhost:3001/_next/static/chunks/node_modules_next_dist_1e8vcs8._.js:776
[  189353ms] [LOG] [Fast Refresh] done in 57ms @ http://localhost:3001/_next/static/chunks/node_modules_next_dist_1e8vcs8._.js:776
[  189399ms] [LOG] [Fast Refresh] done in 57ms @ http://localhost:3001/_next/static/chunks/node_modules_next_dist_1e8vcs8._.js:776
[  189458ms] [LOG] [Fast Refresh] done in 57ms @ http://localhost:3001/_next/static/chunks/node_modules_next_dist_1e8vcs8._.js:776
[  189497ms] [LOG] [Fast Refresh] done in 57ms @ http://localhost:3001/_next/static/chunks/node_modules_next_dist_1e8vcs8._.js:776
[  189531ms] [LOG] [Fast Refresh] done in 57ms @ http://localhost:3001/_next/static/chunks/node_modules_next_dist_1e8vcs8._.js:776
[  189577ms] [LOG] [Fast Refresh] done in 57ms @ http://localhost:3001/_next/static/chunks/node_modules_next_dist_1e8vcs8._.js:776
[  189613ms] [LOG] [Fast Refresh] done in 57ms @ http://localhost:3001/_next/static/chunks/node_modules_next_dist_1e8vcs8._.js:776
[  189647ms] [LOG] [Fast Refresh] done in 57ms @ http://localhost:3001/_next/static/chunks/node_modules_next_dist_1e8vcs8._.js:776
[  189689ms] [LOG] [Fast Refresh] done in 57ms @ http://localhost:3001/_next/static/chunks/node_modules_next_dist_1e8vcs8._.js:776
[  189727ms] [LOG] [Fast Refresh] done in 57ms @ http://localhost:3001/_next/static/chunks/node_modules_next_dist_1e8vcs8._.js:776
[  189775ms] [LOG] [Fast Refresh] done in 57ms @ http://localhost:3001/_next/static/chunks/node_modules_next_dist_1e8vcs8._.js:776
[  189833ms] [LOG] [Fast Refresh] done in 57ms @ http://localhost:3001/_next/static/chunks/node_modules_next_dist_1e8vcs8._.js:776
[  189878ms] [LOG] [Fast Refresh] done in 57ms @ http://localhost:3001/_next/static/chunks/node_modules_next_dist_1e8vcs8._.js:776
[  189927ms] [LOG] [Fast Refresh] done in 57ms @ http://localhost:3001/_next/static/chunks/node_modules_next_dist_1e8vcs8._.js:776
[  189964ms] [LOG] [Fast Refresh] done in 57ms @ http://localhost:3001/_next/static/chunks/node_modules_next_dist_1e8vcs8._.js:776
[  190017ms] [LOG] [Fast Refresh] done in 57ms @ http://localhost:3001/_next/static/chunks/node_modules_next_dist_1e8vcs8._.js:776
[  190054ms] [LOG] [Fast Refresh] done in 57ms @ http://localhost:3001/_next/static/chunks/node_modules_next_dist_1e8vcs8._.js:776
[  190114ms] [LOG] [Fast Refresh] done in 57ms @ http://localhost:3001/_next/static/chunks/node_modules_next_dist_1e8vcs8._.js:776
[  190152ms] [LOG] [Fast Refresh] done in 57ms @ http://localhost:3001/_next/static/chunks/node_modules_next_dist_1e8vcs8._.js:776
[  190199ms] [LOG] [Fast Refresh] done in 57ms @ http://localhost:3001/_next/static/chunks/node_modules_next_dist_1e8vcs8._.js:776
[  190258ms] [LOG] [Fast Refresh] done in 57ms @ http://localhost:3001/_next/static/chunks/node_modules_next_dist_1e8vcs8._.js:776
[  190316ms] [LOG] [Fast Refresh] done in 57ms @ http://localhost:3001/_next/static/chunks/node_modules_next_dist_1e8vcs8._.js:776
[  190360ms] [LOG] [Fast Refresh] done in 57ms @ http://localhost:3001/_next/static/chunks/node_modules_next_dist_1e8vcs8._.js:776
[  190401ms] [LOG] [Fast Refresh] done in 57ms @ http://localhost:3001/_next/static/chunks/node_modules_next_dist_1e8vcs8._.js:776
[  190449ms] [LOG] [Fast Refresh] done in 57ms @ http://localhost:3001/_next/static/chunks/node_modules_next_dist_1e8vcs8._.js:776
[  190487ms] [LOG] [Fast Refresh] done in 57ms @ http://localhost:3001/_next/static/chunks/node_modules_next_dist_1e8vcs8._.js:776
[  190532ms] [LOG] [Fast Refresh] done in 57ms @ http://localhost:3001/_next/static/chunks/node_modules_next_dist_1e8vcs8._.js:776
[  190579ms] [LOG] [Fast Refresh] done in 57ms @ http://localhost:3001/_next/static/chunks/node_modules_next_dist_1e8vcs8._.js:776
[  190631ms] [LOG] [Fast Refresh] done in 57ms @ http://localhost:3001/_next/static/chunks/node_modules_next_dist_1e8vcs8._.js:776
[  190688ms] [LOG] [Fast Refresh] done in 57ms @ http://localhost:3001/_next/static/chunks/node_modules_next_dist_1e8vcs8._.js:776
[  190730ms] [LOG] [Fast Refresh] done in 57ms @ http://localhost:3001/_next/static/chunks/node_modules_next_dist_1e8vcs8._.js:776
[  190789ms] [LOG] [Fast Refresh] done in 57ms @ http://localhost:3001/_next/static/chunks/node_modules_next_dist_1e8vcs8._.js:776
[  190833ms] [LOG] [Fast Refresh] done in 57ms @ http://localhost:3001/_next/static/chunks/node_modules_next_dist_1e8vcs8._.js:776
[  190878ms] [LOG] [Fast Refresh] done in 57ms @ http://localhost:3001/_next/static/chunks/node_modules_next_dist_1e8vcs8._.js:776
[  190922ms] [LOG] [Fast Refresh] done in 57ms @ http://localhost:3001/_next/static/chunks/node_modules_next_dist_1e8vcs8._.js:776
[  190965ms] [LOG] [Fast Refresh] done in 57ms @ http://localhost:3001/_next/static/chunks/node_modules_next_dist_1e8vcs8._.js:776
[  191004ms] [LOG] [Fast Refresh] done in 57ms @ http://localhost:3001/_next/static/chunks/node_modules_next_dist_1e8vcs8._.js:776
[  191061ms] [LOG] [Fast Refresh] done in 57ms @ http://localhost:3001/_next/static/chunks/node_modules_next_dist_1e8vcs8._.js:776
[  191105ms] [LOG] [Fast Refresh] done in 57ms @ http://localhost:3001/_next/static/chunks/node_modules_next_dist_1e8vcs8._.js:776
[  191150ms] [LOG] [Fast Refresh] done in 57ms @ http://localhost:3001/_next/static/chunks/node_modules_next_dist_1e8vcs8._.js:776
[  191194ms] [LOG] [Fast Refresh] done in 57ms @ http://localhost:3001/_next/static/chunks/node_modules_next_dist_1e8vcs8._.js:776
[  191238ms] [LOG] [Fast Refresh] done in 57ms @ http://localhost:3001/_next/static/chunks/node_modules_next_dist_1e8vcs8._.js:776
[  191283ms] [LOG] [Fast Refresh] done in 57ms @ http://localhost:3001/_next/static/chunks/node_modules_next_dist_1e8vcs8._.js:776
[  191327ms] [LOG] [Fast Refresh] done in 57ms @ http://localhost:3001/_next/static/chunks/node_modules_next_dist_1e8vcs8._.js:776
[  191372ms] [LOG] [Fast Refresh] done in 57ms @ http://localhost:3001/_next/static/chunks/node_modules_next_dist_1e8vcs8._.js:776
[  191417ms] [LOG] [Fast Refresh] done in 57ms @ http://localhost:3001/_next/static/chunks/node_modules_next_dist_1e8vcs8._.js:776
[  191461ms] [LOG] [Fast Refresh] done in 57ms @ http://localhost:3001/_next/static/chunks/node_modules_next_dist_1e8vcs8._.js:776
[  191505ms] [LOG] [Fast Refresh] done in 57ms @ http://localhost:3001/_next/static/chunks/node_modules_next_dist_1e8vcs8._.js:776
[  191543ms] [LOG] [Fast Refresh] done in 57ms @ http://localhost:3001/_next/static/chunks/node_modules_next_dist_1e8vcs8._.js:776
[  191590ms] [LOG] [Fast Refresh] done in 57ms @ http://localhost:3001/_next/static/chunks/node_modules_next_dist_1e8vcs8._.js:776
[  191650ms] [LOG] [Fast Refresh] done in 57ms @ http://localhost:3001/_next/static/chunks/node_modules_next_dist_1e8vcs8._.js:776
[  191694ms] [LOG] [Fast Refresh] done in 57ms @ http://localhost:3001/_next/static/chunks/node_modules_next_dist_1e8vcs8._.js:776
[  191738ms] [LOG] [Fast Refresh] done in 57ms @ http://localhost:3001/_next/static/chunks/node_modules_next_dist_1e8vcs8._.js:776
[  191783ms] [LOG] [Fast Refresh] done in 57ms @ http://localhost:3001/_next/static/chunks/node_modules_next_dist_1e8vcs8._.js:776
[  191820ms] [LOG] [Fast Refresh] done in 57ms @ http://localhost:3001/_next/static/chunks/node_modules_next_dist_1e8vcs8._.js:776
[  191854ms] [LOG] [Fast Refresh] done in 57ms @ http://localhost:3001/_next/static/chunks/node_modules_next_dist_1e8vcs8._.js:776
[  191890ms] [LOG] [Fast Refresh] done in 57ms @ http://localhost:3001/_next/static/chunks/node_modules_next_dist_1e8vcs8._.js:776
[  191925ms] [LOG] [Fast Refresh] done in 57ms @ http://localhost:3001/_next/static/chunks/node_modules_next_dist_1e8vcs8._.js:776
[  191960ms] [LOG] [Fast Refresh] done in 57ms @ http://localhost:3001/_next/static/chunks/node_modules_next_dist_1e8vcs8._.js:776
[  192004ms] [LOG] [Fast Refresh] done in 57ms @ http://localhost:3001/_next/static/chunks/node_modules_next_dist_1e8vcs8._.js:776
[  192047ms] [LOG] [Fast Refresh] done in 57ms @ http://localhost:3001/_next/static/chunks/node_modules_next_dist_1e8vcs8._.js:776
[  192090ms] [LOG] [Fast Refresh] done in 57ms @ http://localhost:3001/_next/static/chunks/node_modules_next_dist_1e8vcs8._.js:776
[  192136ms] [LOG] [Fast Refresh] done in 57ms @ http://localhost:3001/_next/static/chunks/node_modules_next_dist_1e8vcs8._.js:776
[  192172ms] [LOG] [Fast Refresh] done in 57ms @ http://localhost:3001/_next/static/chunks/node_modules_next_dist_1e8vcs8._.js:776
[  192207ms] [LOG] [Fast Refresh] done in 57ms @ http://localhost:3001/_next/static/chunks/node_modules_next_dist_1e8vcs8._.js:776
[  192240ms] [LOG] [Fast Refresh] done in 57ms @ http://localhost:3001/_next/static/chunks/node_modules_next_dist_1e8vcs8._.js:776
[  192276ms] [LOG] [Fast Refresh] done in 57ms @ http://localhost:3001/_next/static/chunks/node_modules_next_dist_1e8vcs8._.js:776
[  192312ms] [LOG] [Fast Refresh] done in 57ms @ http://localhost:3001/_next/static/chunks/node_modules_next_dist_1e8vcs8._.js:776
[  192348ms] [LOG] [Fast Refresh] done in 57ms @ http://localhost:3001/_next/static/chunks/node_modules_next_dist_1e8vcs8._.js:776
[  192395ms] [LOG] [Fast Refresh] done in 57ms @ http://localhost:3001/_next/static/chunks/node_modules_next_dist_1e8vcs8._.js:776
[  192430ms] [LOG] [Fast Refresh] done in 57ms @ http://localhost:3001/_next/static/chunks/node_modules_next_dist_1e8vcs8._.js:776
[  192465ms] [LOG] [Fast Refresh] done in 57ms @ http://localhost:3001/_next/static/chunks/node_modules_next_dist_1e8vcs8._.js:776
[  192501ms] [LOG] [Fast Refresh] done in 57ms @ http://localhost:3001/_next/static/chunks/node_modules_next_dist_1e8vcs8._.js:776
[  192537ms] [LOG] [Fast Refresh] done in 57ms @ http://localhost:3001/_next/static/chunks/node_modules_next_dist_1e8vcs8._.js:776
[  192572ms] [LOG] [Fast Refresh] done in 57ms @ http://localhost:3001/_next/static/chunks/node_modules_next_dist_1e8vcs8._.js:776
[  192608ms] [LOG] [Fast Refresh] done in 57ms @ http://localhost:3001/_next/static/chunks/node_modules_next_dist_1e8vcs8._.js:776
[  192643ms] [LOG] [Fast Refresh] done in 57ms @ http://localhost:3001/_next/static/chunks/node_modules_next_dist_1e8vcs8._.js:776
[  192679ms] [LOG] [Fast Refresh] done in 57ms @ http://localhost:3001/_next/static/chunks/node_modules_next_dist_1e8vcs8._.js:776
[  192714ms] [LOG] [Fast Refresh] done in 57ms @ http://localhost:3001/_next/static/chunks/node_modules_next_dist_1e8vcs8._.js:776
[  192749ms] [LOG] [Fast Refresh] done in 57ms @ http://localhost:3001/_next/static/chunks/node_modules_next_dist_1e8vcs8._.js:776
[  192787ms] [LOG] [Fast Refresh] done in 57ms @ http://localhost:3001/_next/static/chunks/node_modules_next_dist_1e8vcs8._.js:776
[  192847ms] [LOG] [Fast Refresh] done in 57ms @ http://localhost:3001/_next/static/chunks/node_modules_next_dist_1e8vcs8._.js:776
[  192885ms] [LOG] [Fast Refresh] done in 57ms @ http://localhost:3001/_next/static/chunks/node_modules_next_dist_1e8vcs8._.js:776
[  192941ms] [LOG] [Fast Refresh] done in 57ms @ http://localhost:3001/_next/static/chunks/node_modules_next_dist_1e8vcs8._.js:776
[  192976ms] [LOG] [Fast Refresh] done in 57ms @ http://localhost:3001/_next/static/chunks/node_modules_next_dist_1e8vcs8._.js:776
[  193010ms] [LOG] [Fast Refresh] done in 57ms @ http://localhost:3001/_next/static/chunks/node_modules_next_dist_1e8vcs8._.js:776
[  193046ms] [LOG] [Fast Refresh] done in 57ms @ http://localhost:3001/_next/static/chunks/node_modules_next_dist_1e8vcs8._.js:776
[  193089ms] [LOG] [Fast Refresh] done in 57ms @ http://localhost:3001/_next/static/chunks/node_modules_next_dist_1e8vcs8._.js:776
[  193130ms] [LOG] [Fast Refresh] done in 57ms @ http://localhost:3001/_next/static/chunks/node_modules_next_dist_1e8vcs8._.js:776
[  193189ms] [LOG] [Fast Refresh] done in 57ms @ http://localhost:3001/_next/static/chunks/node_modules_next_dist_1e8vcs8._.js:776
[  193230ms] [LOG] [Fast Refresh] done in 57ms @ http://localhost:3001/_next/static/chunks/node_modules_next_dist_1e8vcs8._.js:776
[  193288ms] [LOG] [Fast Refresh] done in 57ms @ http://localhost:3001/_next/static/chunks/node_modules_next_dist_1e8vcs8._.js:776
[  193333ms] [LOG] [Fast Refresh] done in 57ms @ http://localhost:3001/_next/static/chunks/node_modules_next_dist_1e8vcs8._.js:776
[  193378ms] [LOG] [Fast Refresh] done in 57ms @ http://localhost:3001/_next/static/chunks/node_modules_next_dist_1e8vcs8._.js:776
[  193422ms] [LOG] [Fast Refresh] done in 57ms @ http://localhost:3001/_next/static/chunks/node_modules_next_dist_1e8vcs8._.js:776
[  193467ms] [LOG] [Fast Refresh] done in 57ms @ http://localhost:3001/_next/static/chunks/node_modules_next_dist_1e8vcs8._.js:776
[  193511ms] [LOG] [Fast Refresh] done in 57ms @ http://localhost:3001/_next/static/chunks/node_modules_next_dist_1e8vcs8._.js:776
[  193554ms] [LOG] [Fast Refresh] done in 57ms @ http://localhost:3001/_next/static/chunks/node_modules_next_dist_1e8vcs8._.js:776
[  193606ms] [LOG] [Fast Refresh] done in 57ms @ http://localhost:3001/_next/static/chunks/node_modules_next_dist_1e8vcs8._.js:776
[  193650ms] [LOG] [Fast Refresh] done in 57ms @ http://localhost:3001/_next/static/chunks/node_modules_next_dist_1e8vcs8._.js:776
[  193694ms] [LOG] [Fast Refresh] done in 57ms @ http://localhost:3001/_next/static/chunks/node_modules_next_dist_1e8vcs8._.js:776
[  193731ms] [LOG] [Fast Refresh] done in 57ms @ http://localhost:3001/_next/static/chunks/node_modules_next_dist_1e8vcs8._.js:776
[  193766ms] [LOG] [Fast Refresh] done in 57ms @ http://localhost:3001/_next/static/chunks/node_modules_next_dist_1e8vcs8._.js:776
[  193799ms] [LOG] [Fast Refresh] done in 57ms @ http://localhost:3001/_next/static/chunks/node_modules_next_dist_1e8vcs8._.js:776
[  193834ms] [LOG] [Fast Refresh] done in 57ms @ http://localhost:3001/_next/static/chunks/node_modules_next_dist_1e8vcs8._.js:776
[  193870ms] [LOG] [Fast Refresh] done in 57ms @ http://localhost:3001/_next/static/chunks/node_modules_next_dist_1e8vcs8._.js:776
[  193904ms] [LOG] [Fast Refresh] done in 57ms @ http://localhost:3001/_next/static/chunks/node_modules_next_dist_1e8vcs8._.js:776
[  193944ms] [LOG] [Fast Refresh] done in 57ms @ http://localhost:3001/_next/static/chunks/node_modules_next_dist_1e8vcs8._.js:776
[  193983ms] [LOG] [Fast Refresh] done in 57ms @ http://localhost:3001/_next/static/chunks/node_modules_next_dist_1e8vcs8._.js:776
[  194022ms] [LOG] [Fast Refresh] done in 57ms @ http://localhost:3001/_next/static/chunks/node_modules_next_dist_1e8vcs8._.js:776
[  194061ms] [LOG] [Fast Refresh] done in 57ms @ http://localhost:3001/_next/static/chunks/node_modules_next_dist_1e8vcs8._.js:776
[  194099ms] [LOG] [Fast Refresh] done in 57ms @ http://localhost:3001/_next/static/chunks/node_modules_next_dist_1e8vcs8._.js:776
[  194137ms] [LOG] [Fast Refresh] done in 57ms @ http://localhost:3001/_next/static/chunks/node_modules_next_dist_1e8vcs8._.js:776
[  194176ms] [LOG] [Fast Refresh] done in 57ms @ http://localhost:3001/_next/static/chunks/node_modules_next_dist_1e8vcs8._.js:776
[  194211ms] [LOG] [Fast Refresh] done in 57ms @ http://localhost:3001/_next/static/chunks/node_modules_next_dist_1e8vcs8._.js:776
[  194245ms] [LOG] [Fast Refresh] done in 57ms @ http://localhost:3001/_next/static/chunks/node_modules_next_dist_1e8vcs8._.js:776
[  194282ms] [LOG] [Fast Refresh] done in 57ms @ http://localhost:3001/_next/static/chunks/node_modules_next_dist_1e8vcs8._.js:776
[  194316ms] [LOG] [Fast Refresh] done in 57ms @ http://localhost:3001/_next/static/chunks/node_modules_next_dist_1e8vcs8._.js:776
[  194363ms] [LOG] [Fast Refresh] done in 57ms @ http://localhost:3001/_next/static/chunks/node_modules_next_dist_1e8vcs8._.js:776
[  194410ms] [LOG] [Fast Refresh] done in 57ms @ http://localhost:3001/_next/static/chunks/node_modules_next_dist_1e8vcs8._.js:776
[  194461ms] [LOG] [Fast Refresh] done in 57ms @ http://localhost:3001/_next/static/chunks/node_modules_next_dist_1e8vcs8._.js:776
[  194497ms] [LOG] [Fast Refresh] done in 57ms @ http://localhost:3001/_next/static/chunks/node_modules_next_dist_1e8vcs8._.js:776
[  194544ms] [LOG] [Fast Refresh] done in 57ms @ http://localhost:3001/_next/static/chunks/node_modules_next_dist_1e8vcs8._.js:776
[  194598ms] [LOG] [Fast Refresh] done in 57ms @ http://localhost:3001/_next/static/chunks/node_modules_next_dist_1e8vcs8._.js:776
[  194655ms] [LOG] [Fast Refresh] done in 57ms @ http://localhost:3001/_next/static/chunks/node_modules_next_dist_1e8vcs8._.js:776
[  194707ms] [LOG] [Fast Refresh] done in 57ms @ http://localhost:3001/_next/static/chunks/node_modules_next_dist_1e8vcs8._.js:776
[  194752ms] [LOG] [Fast Refresh] done in 57ms @ http://localhost:3001/_next/static/chunks/node_modules_next_dist_1e8vcs8._.js:776
[  194808ms] [LOG] [Fast Refresh] done in 57ms @ http://localhost:3001/_next/static/chunks/node_modules_next_dist_1e8vcs8._.js:776
[  194842ms] [LOG] [Fast Refresh] done in 57ms @ http://localhost:3001/_next/static/chunks/node_modules_next_dist_1e8vcs8._.js:776
[  194890ms] [LOG] [Fast Refresh] done in 57ms @ http://localhost:3001/_next/static/chunks/node_modules_next_dist_1e8vcs8._.js:776
[  194936ms] [LOG] [Fast Refresh] done in 57ms @ http://localhost:3001/_next/static/chunks/node_modules_next_dist_1e8vcs8._.js:776
[  194980ms] [LOG] [Fast Refresh] done in 57ms @ http://localhost:3001/_next/static/chunks/node_modules_next_dist_1e8vcs8._.js:776
[  195022ms] [LOG] [Fast Refresh] done in 57ms @ http://localhost:3001/_next/static/chunks/node_modules_next_dist_1e8vcs8._.js:776
[  195066ms] [LOG] [Fast Refresh] done in 57ms @ http://localhost:3001/_next/static/chunks/node_modules_next_dist_1e8vcs8._.js:776
[  195110ms] [LOG] [Fast Refresh] done in 57ms @ http://localhost:3001/_next/static/chunks/node_modules_next_dist_1e8vcs8._.js:776
[  195155ms] [LOG] [Fast Refresh] done in 57ms @ http://localhost:3001/_next/static/chunks/node_modules_next_dist_1e8vcs8._.js:776
[  195200ms] [LOG] [Fast Refresh] done in 57ms @ http://localhost:3001/_next/static/chunks/node_modules_next_dist_1e8vcs8._.js:776
[  195244ms] [LOG] [Fast Refresh] done in 57ms @ http://localhost:3001/_next/static/chunks/node_modules_next_dist_1e8vcs8._.js:776
[  195289ms] [LOG] [Fast Refresh] done in 57ms @ http://localhost:3001/_next/static/chunks/node_modules_next_dist_1e8vcs8._.js:776
[  195333ms] [LOG] [Fast Refresh] done in 57ms @ http://localhost:3001/_next/static/chunks/node_modules_next_dist_1e8vcs8._.js:776
[  195370ms] [LOG] [Fast Refresh] done in 57ms @ http://localhost:3001/_next/static/chunks/node_modules_next_dist_1e8vcs8._.js:776
[  195404ms] [LOG] [Fast Refresh] done in 57ms @ http://localhost:3001/_next/static/chunks/node_modules_next_dist_1e8vcs8._.js:776
[  195440ms] [LOG] [Fast Refresh] done in 57ms @ http://localhost:3001/_next/static/chunks/node_modules_next_dist_1e8vcs8._.js:776
[  195473ms] [LOG] [Fast Refresh] done in 57ms @ http://localhost:3001/_next/static/chunks/node_modules_next_dist_1e8vcs8._.js:776
[  195508ms] [LOG] [Fast Refresh] done in 57ms @ http://localhost:3001/_next/static/chunks/node_modules_next_dist_1e8vcs8._.js:776
[  195543ms] [LOG] [Fast Refresh] done in 57ms @ http://localhost:3001/_next/static/chunks/node_modules_next_dist_1e8vcs8._.js:776
[  195586ms] [LOG] [Fast Refresh] done in 57ms @ http://localhost:3001/_next/static/chunks/node_modules_next_dist_1e8vcs8._.js:776
[  195632ms] [LOG] [Fast Refresh] done in 57ms @ http://localhost:3001/_next/static/chunks/node_modules_next_dist_1e8vcs8._.js:776
[  195668ms] [LOG] [Fast Refresh] done in 57ms @ http://localhost:3001/_next/static/chunks/node_modules_next_dist_1e8vcs8._.js:776
[  195724ms] [LOG] [Fast Refresh] done in 57ms @ http://localhost:3001/_next/static/chunks/node_modules_next_dist_1e8vcs8._.js:776
[  195769ms] [LOG] [Fast Refresh] done in 57ms @ http://localhost:3001/_next/static/chunks/node_modules_next_dist_1e8vcs8._.js:776
[  195809ms] [LOG] [Fast Refresh] done in 57ms @ http://localhost:3001/_next/static/chunks/node_modules_next_dist_1e8vcs8._.js:776
[  195845ms] [LOG] [Fast Refresh] done in 57ms @ http://localhost:3001/_next/static/chunks/node_modules_next_dist_1e8vcs8._.js:776
[  195880ms] [LOG] [Fast Refresh] done in 57ms @ http://localhost:3001/_next/static/chunks/node_modules_next_dist_1e8vcs8._.js:776
[  195920ms] [LOG] [Fast Refresh] done in 57ms @ http://localhost:3001/_next/static/chunks/node_modules_next_dist_1e8vcs8._.js:776
[  195954ms] [LOG] [Fast Refresh] done in 57ms @ http://localhost:3001/_next/static/chunks/node_modules_next_dist_1e8vcs8._.js:776
[  195989ms] [LOG] [Fast Refresh] done in 57ms @ http://localhost:3001/_next/static/chunks/node_modules_next_dist_1e8vcs8._.js:776
[  196023ms] [LOG] [Fast Refresh] done in 57ms @ http://localhost:3001/_next/static/chunks/node_modules_next_dist_1e8vcs8._.js:776
[  196059ms] [LOG] [Fast Refresh] done in 57ms @ http://localhost:3001/_next/static/chunks/node_modules_next_dist_1e8vcs8._.js:776
[  196094ms] [LOG] [Fast Refresh] done in 57ms @ http://localhost:3001/_next/static/chunks/node_modules_next_dist_1e8vcs8._.js:776
[  196131ms] [LOG] [Fast Refresh] done in 57ms @ http://localhost:3001/_next/static/chunks/node_modules_next_dist_1e8vcs8._.js:776
[  196171ms] [LOG] [Fast Refresh] done in 57ms @ http://localhost:3001/_next/static/chunks/node_modules_next_dist_1e8vcs8._.js:776
[  196217ms] [LOG] [Fast Refresh] done in 57ms @ http://localhost:3001/_next/static/chunks/node_modules_next_dist_1e8vcs8._.js:776
[  196252ms] [LOG] [Fast Refresh] done in 57ms @ http://localhost:3001/_next/static/chunks/node_modules_next_dist_1e8vcs8._.js:776
[  196287ms] [LOG] [Fast Refresh] done in 57ms @ http://localhost:3001/_next/static/chunks/node_modules_next_dist_1e8vcs8._.js:776
[  196338ms] [LOG] [Fast Refresh] done in 57ms @ http://localhost:3001/_next/static/chunks/node_modules_next_dist_1e8vcs8._.js:776
[  196373ms] [LOG] [Fast Refresh] done in 57ms @ http://localhost:3001/_next/static/chunks/node_modules_next_dist_1e8vcs8._.js:776
[  196408ms] [LOG] [Fast Refresh] done in 57ms @ http://localhost:3001/_next/static/chunks/node_modules_next_dist_1e8vcs8._.js:776
[  196455ms] [LOG] [Fast Refresh] done in 57ms @ http://localhost:3001/_next/static/chunks/node_modules_next_dist_1e8vcs8._.js:776
[  196492ms] [LOG] [Fast Refresh] done in 57ms @ http://localhost:3001/_next/static/chunks/node_modules_next_dist_1e8vcs8._.js:776
[  196547ms] [LOG] [Fast Refresh] done in 57ms @ http://localhost:3001/_next/static/chunks/node_modules_next_dist_1e8vcs8._.js:776
[  196585ms] [LOG] [Fast Refresh] done in 57ms @ http://localhost:3001/_next/static/chunks/node_modules_next_dist_1e8vcs8._.js:776
[  196630ms] [LOG] [Fast Refresh] done in 57ms @ http://localhost:3001/_next/static/chunks/node_modules_next_dist_1e8vcs8._.js:776
[  196668ms] [LOG] [Fast Refresh] done in 57ms @ http://localhost:3001/_next/static/chunks/node_modules_next_dist_1e8vcs8._.js:776
[  196709ms] [LOG] [Fast Refresh] done in 57ms @ http://localhost:3001/_next/static/chunks/node_modules_next_dist_1e8vcs8._.js:776
[  196752ms] [LOG] [Fast Refresh] done in 57ms @ http://localhost:3001/_next/static/chunks/node_modules_next_dist_1e8vcs8._.js:776
[  196797ms] [LOG] [Fast Refresh] done in 57ms @ http://localhost:3001/_next/static/chunks/node_modules_next_dist_1e8vcs8._.js:776
[  196843ms] [LOG] [Fast Refresh] done in 57ms @ http://localhost:3001/_next/static/chunks/node_modules_next_dist_1e8vcs8._.js:776
[  196881ms] [LOG] [Fast Refresh] done in 57ms @ http://localhost:3001/_next/static/chunks/node_modules_next_dist_1e8vcs8._.js:776
[  196920ms] [LOG] [Fast Refresh] done in 57ms @ http://localhost:3001/_next/static/chunks/node_modules_next_dist_1e8vcs8._.js:776
[  196956ms] [LOG] [Fast Refresh] done in 57ms @ http://localhost:3001/_next/static/chunks/node_modules_next_dist_1e8vcs8._.js:776
[  197002ms] [LOG] [Fast Refresh] done in 57ms @ http://localhost:3001/_next/static/chunks/node_modules_next_dist_1e8vcs8._.js:776
[  197047ms] [LOG] [Fast Refresh] done in 57ms @ http://localhost:3001/_next/static/chunks/node_modules_next_dist_1e8vcs8._.js:776
[  197090ms] [LOG] [Fast Refresh] done in 57ms @ http://localhost:3001/_next/static/chunks/node_modules_next_dist_1e8vcs8._.js:776
[  197124ms] [LOG] [Fast Refresh] done in 57ms @ http://localhost:3001/_next/static/chunks/node_modules_next_dist_1e8vcs8._.js:776
[  197162ms] [LOG] [Fast Refresh] done in 57ms @ http://localhost:3001/_next/static/chunks/node_modules_next_dist_1e8vcs8._.js:776
[  197209ms] [LOG] [Fast Refresh] done in 57ms @ http://localhost:3001/_next/static/chunks/node_modules_next_dist_1e8vcs8._.js:776
[  197247ms] [LOG] [Fast Refresh] done in 57ms @ http://localhost:3001/_next/static/chunks/node_modules_next_dist_1e8vcs8._.js:776
[  197293ms] [LOG] [Fast Refresh] done in 57ms @ http://localhost:3001/_next/static/chunks/node_modules_next_dist_1e8vcs8._.js:776
[  197338ms] [LOG] [Fast Refresh] done in 57ms @ http://localhost:3001/_next/static/chunks/node_modules_next_dist_1e8vcs8._.js:776
[  197377ms] [LOG] [Fast Refresh] done in 57ms @ http://localhost:3001/_next/static/chunks/node_modules_next_dist_1e8vcs8._.js:776
[  197422ms] [LOG] [Fast Refresh] done in 57ms @ http://localhost:3001/_next/static/chunks/node_modules_next_dist_1e8vcs8._.js:776
[  197481ms] [LOG] [Fast Refresh] done in 57ms @ http://localhost:3001/_next/static/chunks/node_modules_next_dist_1e8vcs8._.js:776
[  197516ms] [LOG] [Fast Refresh] done in 57ms @ http://localhost:3001/_next/static/chunks/node_modules_next_dist_1e8vcs8._.js:776
[  197552ms] [LOG] [Fast Refresh] done in 57ms @ http://localhost:3001/_next/static/chunks/node_modules_next_dist_1e8vcs8._.js:776
[  197600ms] [LOG] [Fast Refresh] done in 57ms @ http://localhost:3001/_next/static/chunks/node_modules_next_dist_1e8vcs8._.js:776
[  197637ms] [LOG] [Fast Refresh] done in 57ms @ http://localhost:3001/_next/static/chunks/node_modules_next_dist_1e8vcs8._.js:776
[  197671ms] [LOG] [Fast Refresh] done in 57ms @ http://localhost:3001/_next/static/chunks/node_modules_next_dist_1e8vcs8._.js:776
[  197706ms] [LOG] [Fast Refresh] done in 57ms @ http://localhost:3001/_next/static/chunks/node_modules_next_dist_1e8vcs8._.js:776
[  197749ms] [LOG] [Fast Refresh] done in 57ms @ http://localhost:3001/_next/static/chunks/node_modules_next_dist_1e8vcs8._.js:776
[  197798ms] [LOG] [Fast Refresh] done in 57ms @ http://localhost:3001/_next/static/chunks/node_modules_next_dist_1e8vcs8._.js:776
[  197840ms] [LOG] [Fast Refresh] done in 57ms @ http://localhost:3001/_next/static/chunks/node_modules_next_dist_1e8vcs8._.js:776
[  197877ms] [LOG] [Fast Refresh] done in 57ms @ http://localhost:3001/_next/static/chunks/node_modules_next_dist_1e8vcs8._.js:776
[  197912ms] [LOG] [Fast Refresh] done in 57ms @ http://localhost:3001/_next/static/chunks/node_modules_next_dist_1e8vcs8._.js:776
[  197959ms] [LOG] [Fast Refresh] done in 57ms @ http://localhost:3001/_next/static/chunks/node_modules_next_dist_1e8vcs8._.js:776
[  198002ms] [LOG] [Fast Refresh] done in 57ms @ http://localhost:3001/_next/static/chunks/node_modules_next_dist_1e8vcs8._.js:776
[  198037ms] [LOG] [Fast Refresh] done in 57ms @ http://localhost:3001/_next/static/chunks/node_modules_next_dist_1e8vcs8._.js:776
[  198072ms] [LOG] [Fast Refresh] done in 57ms @ http://localhost:3001/_next/static/chunks/node_modules_next_dist_1e8vcs8._.js:776
[  198107ms] [LOG] [Fast Refresh] done in 57ms @ http://localhost:3001/_next/static/chunks/node_modules_next_dist_1e8vcs8._.js:776
[  198142ms] [LOG] [Fast Refresh] done in 57ms @ http://localhost:3001/_next/static/chunks/node_modules_next_dist_1e8vcs8._.js:776
[  198177ms] [LOG] [Fast Refresh] done in 57ms @ http://localhost:3001/_next/static/chunks/node_modules_next_dist_1e8vcs8._.js:776
[  198216ms] [LOG] [Fast Refresh] done in 57ms @ http://localhost:3001/_next/static/chunks/node_modules_next_dist_1e8vcs8._.js:776
[  198251ms] [LOG] [Fast Refresh] done in 57ms @ http://localhost:3001/_next/static/chunks/node_modules_next_dist_1e8vcs8._.js:776
[  198287ms] [LOG] [Fast Refresh] done in 57ms @ http://localhost:3001/_next/static/chunks/node_modules_next_dist_1e8vcs8._.js:776
[  198335ms] [LOG] [Fast Refresh] done in 57ms @ http://localhost:3001/_next/static/chunks/node_modules_next_dist_1e8vcs8._.js:776
[  198372ms] [LOG] [Fast Refresh] done in 57ms @ http://localhost:3001/_next/static/chunks/node_modules_next_dist_1e8vcs8._.js:776
[  198406ms] [LOG] [Fast Refresh] done in 57ms @ http://localhost:3001/_next/static/chunks/node_modules_next_dist_1e8vcs8._.js:776
[  198448ms] [LOG] [Fast Refresh] done in 57ms @ http://localhost:3001/_next/static/chunks/node_modules_next_dist_1e8vcs8._.js:776
[  198483ms] [LOG] [Fast Refresh] done in 57ms @ http://localhost:3001/_next/static/chunks/node_modules_next_dist_1e8vcs8._.js:776
[  198525ms] [LOG] [Fast Refresh] done in 57ms @ http://localhost:3001/_next/static/chunks/node_modules_next_dist_1e8vcs8._.js:776
[  198570ms] [LOG] [Fast Refresh] done in 57ms @ http://localhost:3001/_next/static/chunks/node_modules_next_dist_1e8vcs8._.js:776
[  198633ms] [LOG] [Fast Refresh] done in 57ms @ http://localhost:3001/_next/static/chunks/node_modules_next_dist_1e8vcs8._.js:776
[  198669ms] [LOG] [Fast Refresh] done in 57ms @ http://localhost:3001/_next/static/chunks/node_modules_next_dist_1e8vcs8._.js:776
[  198703ms] [LOG] [Fast Refresh] done in 57ms @ http://localhost:3001/_next/static/chunks/node_modules_next_dist_1e8vcs8._.js:776
[  198738ms] [LOG] [Fast Refresh] done in 57ms @ http://localhost:3001/_next/static/chunks/node_modules_next_dist_1e8vcs8._.js:776
[  198781ms] [LOG] [Fast Refresh] done in 57ms @ http://localhost:3001/_next/static/chunks/node_modules_next_dist_1e8vcs8._.js:776
[  198827ms] [LOG] [Fast Refresh] done in 57ms @ http://localhost:3001/_next/static/chunks/node_modules_next_dist_1e8vcs8._.js:776
[  198864ms] [LOG] [Fast Refresh] done in 57ms @ http://localhost:3001/_next/static/chunks/node_modules_next_dist_1e8vcs8._.js:776
[  198911ms] [LOG] [Fast Refresh] done in 57ms @ http://localhost:3001/_next/static/chunks/node_modules_next_dist_1e8vcs8._.js:776
[  198949ms] [LOG] [Fast Refresh] done in 57ms @ http://localhost:3001/_next/static/chunks/node_modules_next_dist_1e8vcs8._.js:776
[  198988ms] [LOG] [Fast Refresh] done in 57ms @ http://localhost:3001/_next/static/chunks/node_modules_next_dist_1e8vcs8._.js:776
[  199033ms] [LOG] [Fast Refresh] done in 57ms @ http://localhost:3001/_next/static/chunks/node_modules_next_dist_1e8vcs8._.js:776
[  199077ms] [LOG] [Fast Refresh] done in 57ms @ http://localhost:3001/_next/static/chunks/node_modules_next_dist_1e8vcs8._.js:776
[  199122ms] [LOG] [Fast Refresh] done in 57ms @ http://localhost:3001/_next/static/chunks/node_modules_next_dist_1e8vcs8._.js:776
[  199167ms] [LOG] [Fast Refresh] done in 57ms @ http://localhost:3001/_next/static/chunks/node_modules_next_dist_1e8vcs8._.js:776
[  199211ms] [LOG] [Fast Refresh] done in 57ms @ http://localhost:3001/_next/static/chunks/node_modules_next_dist_1e8vcs8._.js:776
[  199255ms] [LOG] [Fast Refresh] done in 57ms @ http://localhost:3001/_next/static/chunks/node_modules_next_dist_1e8vcs8._.js:776
[  199300ms] [LOG] [Fast Refresh] done in 57ms @ http://localhost:3001/_next/static/chunks/node_modules_next_dist_1e8vcs8._.js:776
[  199344ms] [LOG] [Fast Refresh] done in 57ms @ http://localhost:3001/_next/static/chunks/node_modules_next_dist_1e8vcs8._.js:776
[  199389ms] [LOG] [Fast Refresh] done in 57ms @ http://localhost:3001/_next/static/chunks/node_modules_next_dist_1e8vcs8._.js:776
[  199433ms] [LOG] [Fast Refresh] done in 57ms @ http://localhost:3001/_next/static/chunks/node_modules_next_dist_1e8vcs8._.js:776
[  199477ms] [LOG] [Fast Refresh] done in 57ms @ http://localhost:3001/_next/static/chunks/node_modules_next_dist_1e8vcs8._.js:776
[  199523ms] [LOG] [Fast Refresh] done in 57ms @ http://localhost:3001/_next/static/chunks/node_modules_next_dist_1e8vcs8._.js:776
[  199561ms] [LOG] [Fast Refresh] done in 57ms @ http://localhost:3001/_next/static/chunks/node_modules_next_dist_1e8vcs8._.js:776
[  199595ms] [LOG] [Fast Refresh] done in 57ms @ http://localhost:3001/_next/static/chunks/node_modules_next_dist_1e8vcs8._.js:776
[  199631ms] [LOG] [Fast Refresh] done in 57ms @ http://localhost:3001/_next/static/chunks/node_modules_next_dist_1e8vcs8._.js:776
[  199667ms] [LOG] [Fast Refresh] done in 57ms @ http://localhost:3001/_next/static/chunks/node_modules_next_dist_1e8vcs8._.js:776
[  199703ms] [LOG] [Fast Refresh] done in 57ms @ http://localhost:3001/_next/static/chunks/node_modules_next_dist_1e8vcs8._.js:776
[  199738ms] [LOG] [Fast Refresh] done in 57ms @ http://localhost:3001/_next/static/chunks/node_modules_next_dist_1e8vcs8._.js:776
[  199775ms] [LOG] [Fast Refresh] done in 57ms @ http://localhost:3001/_next/static/chunks/node_modules_next_dist_1e8vcs8._.js:776
[  199814ms] [LOG] [Fast Refresh] done in 57ms @ http://localhost:3001/_next/static/chunks/node_modules_next_dist_1e8vcs8._.js:776
[  199849ms] [LOG] [Fast Refresh] done in 57ms @ http://localhost:3001/_next/static/chunks/node_modules_next_dist_1e8vcs8._.js:776
[  199883ms] [LOG] [Fast Refresh] done in 57ms @ http://localhost:3001/_next/static/chunks/node_modules_next_dist_1e8vcs8._.js:776
[  199921ms] [LOG] [Fast Refresh] done in 57ms @ http://localhost:3001/_next/static/chunks/node_modules_next_dist_1e8vcs8._.js:776
[  199956ms] [LOG] [Fast Refresh] done in 57ms @ http://localhost:3001/_next/static/chunks/node_modules_next_dist_1e8vcs8._.js:776
[  199990ms] [LOG] [Fast Refresh] done in 57ms @ http://localhost:3001/_next/static/chunks/node_modules_next_dist_1e8vcs8._.js:776
[  200026ms] [LOG] [Fast Refresh] done in 57ms @ http://localhost:3001/_next/static/chunks/node_modules_next_dist_1e8vcs8._.js:776
[  200060ms] [LOG] [Fast Refresh] done in 57ms @ http://localhost:3001/_next/static/chunks/node_modules_next_dist_1e8vcs8._.js:776
[  200097ms] [LOG] [Fast Refresh] done in 57ms @ http://localhost:3001/_next/static/chunks/node_modules_next_dist_1e8vcs8._.js:776
[  200132ms] [LOG] [Fast Refresh] done in 57ms @ http://localhost:3001/_next/static/chunks/node_modules_next_dist_1e8vcs8._.js:776
[  200167ms] [LOG] [Fast Refresh] done in 57ms @ http://localhost:3001/_next/static/chunks/node_modules_next_dist_1e8vcs8._.js:776
[  200202ms] [LOG] [Fast Refresh] done in 57ms @ http://localhost:3001/_next/static/chunks/node_modules_next_dist_1e8vcs8._.js:776
[  200239ms] [LOG] [Fast Refresh] done in 57ms @ http://localhost:3001/_next/static/chunks/node_modules_next_dist_1e8vcs8._.js:776
[  200273ms] [LOG] [Fast Refresh] done in 57ms @ http://localhost:3001/_next/static/chunks/node_modules_next_dist_1e8vcs8._.js:776
[  200308ms] [LOG] [Fast Refresh] done in 57ms @ http://localhost:3001/_next/static/chunks/node_modules_next_dist_1e8vcs8._.js:776
[  200342ms] [LOG] [Fast Refresh] done in 57ms @ http://localhost:3001/_next/static/chunks/node_modules_next_dist_1e8vcs8._.js:776
[  200377ms] [LOG] [Fast Refresh] done in 57ms @ http://localhost:3001/_next/static/chunks/node_modules_next_dist_1e8vcs8._.js:776
[  200412ms] [LOG] [Fast Refresh] done in 57ms @ http://localhost:3001/_next/static/chunks/node_modules_next_dist_1e8vcs8._.js:776
[  200447ms] [LOG] [Fast Refresh] done in 57ms @ http://localhost:3001/_next/static/chunks/node_modules_next_dist_1e8vcs8._.js:776
[  200482ms] [LOG] [Fast Refresh] done in 57ms @ http://localhost:3001/_next/static/chunks/node_modules_next_dist_1e8vcs8._.js:776
[  200517ms] [LOG] [Fast Refresh] done in 57ms @ http://localhost:3001/_next/static/chunks/node_modules_next_dist_1e8vcs8._.js:776
[  200552ms] [LOG] [Fast Refresh] done in 57ms @ http://localhost:3001/_next/static/chunks/node_modules_next_dist_1e8vcs8._.js:776
[  200586ms] [LOG] [Fast Refresh] done in 57ms @ http://localhost:3001/_next/static/chunks/node_modules_next_dist_1e8vcs8._.js:776
[  200621ms] [LOG] [Fast Refresh] done in 57ms @ http://localhost:3001/_next/static/chunks/node_modules_next_dist_1e8vcs8._.js:776
[  200656ms] [LOG] [Fast Refresh] done in 57ms @ http://localhost:3001/_next/static/chunks/node_modules_next_dist_1e8vcs8._.js:776
[  200690ms] [LOG] [Fast Refresh] done in 57ms @ http://localhost:3001/_next/static/chunks/node_modules_next_dist_1e8vcs8._.js:776
[  200726ms] [LOG] [Fast Refresh] done in 57ms @ http://localhost:3001/_next/static/chunks/node_modules_next_dist_1e8vcs8._.js:776
[  200761ms] [LOG] [Fast Refresh] done in 57ms @ http://localhost:3001/_next/static/chunks/node_modules_next_dist_1e8vcs8._.js:776
[  200795ms] [LOG] [Fast Refresh] done in 57ms @ http://localhost:3001/_next/static/chunks/node_modules_next_dist_1e8vcs8._.js:776
[  200830ms] [LOG] [Fast Refresh] done in 57ms @ http://localhost:3001/_next/static/chunks/node_modules_next_dist_1e8vcs8._.js:776
[  200866ms] [LOG] [Fast Refresh] done in 57ms @ http://localhost:3001/_next/static/chunks/node_modules_next_dist_1e8vcs8._.js:776
[  200901ms] [LOG] [Fast Refresh] done in 57ms @ http://localhost:3001/_next/static/chunks/node_modules_next_dist_1e8vcs8._.js:776
[  200937ms] [LOG] [Fast Refresh] done in 57ms @ http://localhost:3001/_next/static/chunks/node_modules_next_dist_1e8vcs8._.js:776
[  200971ms] [LOG] [Fast Refresh] done in 57ms @ http://localhost:3001/_next/static/chunks/node_modules_next_dist_1e8vcs8._.js:776
[  201006ms] [LOG] [Fast Refresh] done in 57ms @ http://localhost:3001/_next/static/chunks/node_modules_next_dist_1e8vcs8._.js:776
[  201042ms] [LOG] [Fast Refresh] done in 57ms @ http://localhost:3001/_next/static/chunks/node_modules_next_dist_1e8vcs8._.js:776
[  201077ms] [LOG] [Fast Refresh] done in 57ms @ http://localhost:3001/_next/static/chunks/node_modules_next_dist_1e8vcs8._.js:776
[  201112ms] [LOG] [Fast Refresh] done in 57ms @ http://localhost:3001/_next/static/chunks/node_modules_next_dist_1e8vcs8._.js:776
[  201147ms] [LOG] [Fast Refresh] done in 57ms @ http://localhost:3001/_next/static/chunks/node_modules_next_dist_1e8vcs8._.js:776
[  201182ms] [LOG] [Fast Refresh] done in 57ms @ http://localhost:3001/_next/static/chunks/node_modules_next_dist_1e8vcs8._.js:776
[  201217ms] [LOG] [Fast Refresh] done in 57ms @ http://localhost:3001/_next/static/chunks/node_modules_next_dist_1e8vcs8._.js:776
[  201252ms] [LOG] [Fast Refresh] done in 57ms @ http://localhost:3001/_next/static/chunks/node_modules_next_dist_1e8vcs8._.js:776
[  201287ms] [LOG] [Fast Refresh] done in 57ms @ http://localhost:3001/_next/static/chunks/node_modules_next_dist_1e8vcs8._.js:776
[  201322ms] [LOG] [Fast Refresh] done in 57ms @ http://localhost:3001/_next/static/chunks/node_modules_next_dist_1e8vcs8._.js:776
[  201357ms] [LOG] [Fast Refresh] done in 57ms @ http://localhost:3001/_next/static/chunks/node_modules_next_dist_1e8vcs8._.js:776
[  201393ms] [LOG] [Fast Refresh] done in 57ms @ http://localhost:3001/_next/static/chunks/node_modules_next_dist_1e8vcs8._.js:776
[  201426ms] [LOG] [Fast Refresh] done in 57ms @ http://localhost:3001/_next/static/chunks/node_modules_next_dist_1e8vcs8._.js:776
[  201462ms] [LOG] [Fast Refresh] done in 57ms @ http://localhost:3001/_next/static/chunks/node_modules_next_dist_1e8vcs8._.js:776
[  201497ms] [LOG] [Fast Refresh] done in 57ms @ http://localhost:3001/_next/static/chunks/node_modules_next_dist_1e8vcs8._.js:776
[  201532ms] [LOG] [Fast Refresh] done in 57ms @ http://localhost:3001/_next/static/chunks/node_modules_next_dist_1e8vcs8._.js:776
[  201567ms] [LOG] [Fast Refresh] done in 57ms @ http://localhost:3001/_next/static/chunks/node_modules_next_dist_1e8vcs8._.js:776
[  201602ms] [LOG] [Fast Refresh] done in 57ms @ http://localhost:3001/_next/static/chunks/node_modules_next_dist_1e8vcs8._.js:776
[  201637ms] [LOG] [Fast Refresh] done in 57ms @ http://localhost:3001/_next/static/chunks/node_modules_next_dist_1e8vcs8._.js:776
[  201673ms] [LOG] [Fast Refresh] done in 57ms @ http://localhost:3001/_next/static/chunks/node_modules_next_dist_1e8vcs8._.js:776
[  201709ms] [LOG] [Fast Refresh] done in 57ms @ http://localhost:3001/_next/static/chunks/node_modules_next_dist_1e8vcs8._.js:776
[  201743ms] [LOG] [Fast Refresh] done in 57ms @ http://localhost:3001/_next/static/chunks/node_modules_next_dist_1e8vcs8._.js:776
[  201777ms] [LOG] [Fast Refresh] done in 57ms @ http://localhost:3001/_next/static/chunks/node_modules_next_dist_1e8vcs8._.js:776
[  201813ms] [LOG] [Fast Refresh] done in 57ms @ http://localhost:3001/_next/static/chunks/node_modules_next_dist_1e8vcs8._.js:776
[  201848ms] [LOG] [Fast Refresh] done in 57ms @ http://localhost:3001/_next/static/chunks/node_modules_next_dist_1e8vcs8._.js:776
[  201883ms] [LOG] [Fast Refresh] done in 57ms @ http://localhost:3001/_next/static/chunks/node_modules_next_dist_1e8vcs8._.js:776
[  201918ms] [LOG] [Fast Refresh] done in 57ms @ http://localhost:3001/_next/static/chunks/node_modules_next_dist_1e8vcs8._.js:776
[  201954ms] [LOG] [Fast Refresh] done in 57ms @ http://localhost:3001/_next/static/chunks/node_modules_next_dist_1e8vcs8._.js:776
[  201988ms] [LOG] [Fast Refresh] done in 57ms @ http://localhost:3001/_next/static/chunks/node_modules_next_dist_1e8vcs8._.js:776
[  202023ms] [LOG] [Fast Refresh] done in 57ms @ http://localhost:3001/_next/static/chunks/node_modules_next_dist_1e8vcs8._.js:776
[  202056ms] [LOG] [Fast Refresh] done in 57ms @ http://localhost:3001/_next/static/chunks/node_modules_next_dist_1e8vcs8._.js:776
[  202092ms] [LOG] [Fast Refresh] done in 57ms @ http://localhost:3001/_next/static/chunks/node_modules_next_dist_1e8vcs8._.js:776
[  202126ms] [LOG] [Fast Refresh] done in 57ms @ http://localhost:3001/_next/static/chunks/node_modules_next_dist_1e8vcs8._.js:776
[  202161ms] [LOG] [Fast Refresh] done in 57ms @ http://localhost:3001/_next/static/chunks/node_modules_next_dist_1e8vcs8._.js:776
[  202196ms] [LOG] [Fast Refresh] done in 57ms @ http://localhost:3001/_next/static/chunks/node_modules_next_dist_1e8vcs8._.js:776
[  202230ms] [LOG] [Fast Refresh] done in 57ms @ http://localhost:3001/_next/static/chunks/node_modules_next_dist_1e8vcs8._.js:776
[  202266ms] [LOG] [Fast Refresh] done in 57ms @ http://localhost:3001/_next/static/chunks/node_modules_next_dist_1e8vcs8._.js:776
[  202301ms] [LOG] [Fast Refresh] done in 57ms @ http://localhost:3001/_next/static/chunks/node_modules_next_dist_1e8vcs8._.js:776
[  202336ms] [LOG] [Fast Refresh] done in 57ms @ http://localhost:3001/_next/static/chunks/node_modules_next_dist_1e8vcs8._.js:776
[  202372ms] [LOG] [Fast Refresh] done in 57ms @ http://localhost:3001/_next/static/chunks/node_modules_next_dist_1e8vcs8._.js:776
[  202407ms] [LOG] [Fast Refresh] done in 57ms @ http://localhost:3001/_next/static/chunks/node_modules_next_dist_1e8vcs8._.js:776
[  202442ms] [LOG] [Fast Refresh] done in 57ms @ http://localhost:3001/_next/static/chunks/node_modules_next_dist_1e8vcs8._.js:776
[  202477ms] [LOG] [Fast Refresh] done in 57ms @ http://localhost:3001/_next/static/chunks/node_modules_next_dist_1e8vcs8._.js:776
[  202512ms] [LOG] [Fast Refresh] done in 57ms @ http://localhost:3001/_next/static/chunks/node_modules_next_dist_1e8vcs8._.js:776
[  202546ms] [LOG] [Fast Refresh] done in 57ms @ http://localhost:3001/_next/static/chunks/node_modules_next_dist_1e8vcs8._.js:776
[  202580ms] [LOG] [Fast Refresh] done in 57ms @ http://localhost:3001/_next/static/chunks/node_modules_next_dist_1e8vcs8._.js:776
[  202615ms] [LOG] [Fast Refresh] done in 57ms @ http://localhost:3001/_next/static/chunks/node_modules_next_dist_1e8vcs8._.js:776
[  202650ms] [LOG] [Fast Refresh] done in 57ms @ http://localhost:3001/_next/static/chunks/node_modules_next_dist_1e8vcs8._.js:776
[  202684ms] [LOG] [Fast Refresh] done in 57ms @ http://localhost:3001/_next/static/chunks/node_modules_next_dist_1e8vcs8._.js:776
[  202719ms] [LOG] [Fast Refresh] done in 57ms @ http://localhost:3001/_next/static/chunks/node_modules_next_dist_1e8vcs8._.js:776
[  202753ms] [LOG] [Fast Refresh] done in 57ms @ http://localhost:3001/_next/static/chunks/node_modules_next_dist_1e8vcs8._.js:776
[  202788ms] [LOG] [Fast Refresh] done in 57ms @ http://localhost:3001/_next/static/chunks/node_modules_next_dist_1e8vcs8._.js:776
[  202822ms] [LOG] [Fast Refresh] done in 57ms @ http://localhost:3001/_next/static/chunks/node_modules_next_dist_1e8vcs8._.js:776
[  202856ms] [LOG] [Fast Refresh] done in 57ms @ http://localhost:3001/_next/static/chunks/node_modules_next_dist_1e8vcs8._.js:776
[  202892ms] [LOG] [Fast Refresh] done in 57ms @ http://localhost:3001/_next/static/chunks/node_modules_next_dist_1e8vcs8._.js:776
[  202926ms] [LOG] [Fast Refresh] done in 57ms @ http://localhost:3001/_next/static/chunks/node_modules_next_dist_1e8vcs8._.js:776
[  202961ms] [LOG] [Fast Refresh] done in 57ms @ http://localhost:3001/_next/static/chunks/node_modules_next_dist_1e8vcs8._.js:776
[  202996ms] [LOG] [Fast Refresh] done in 57ms @ http://localhost:3001/_next/static/chunks/node_modules_next_dist_1e8vcs8._.js:776
[  203029ms] [LOG] [Fast Refresh] done in 57ms @ http://localhost:3001/_next/static/chunks/node_modules_next_dist_1e8vcs8._.js:776
[  203064ms] [LOG] [Fast Refresh] done in 57ms @ http://localhost:3001/_next/static/chunks/node_modules_next_dist_1e8vcs8._.js:776
[  203099ms] [LOG] [Fast Refresh] done in 57ms @ http://localhost:3001/_next/static/chunks/node_modules_next_dist_1e8vcs8._.js:776
[  203134ms] [LOG] [Fast Refresh] done in 57ms @ http://localhost:3001/_next/static/chunks/node_modules_next_dist_1e8vcs8._.js:776
[  203169ms] [LOG] [Fast Refresh] done in 57ms @ http://localhost:3001/_next/static/chunks/node_modules_next_dist_1e8vcs8._.js:776
[  203203ms] [LOG] [Fast Refresh] done in 57ms @ http://localhost:3001/_next/static/chunks/node_modules_next_dist_1e8vcs8._.js:776
[  203238ms] [LOG] [Fast Refresh] done in 57ms @ http://localhost:3001/_next/static/chunks/node_modules_next_dist_1e8vcs8._.js:776
[  203273ms] [LOG] [Fast Refresh] done in 57ms @ http://localhost:3001/_next/static/chunks/node_modules_next_dist_1e8vcs8._.js:776
[  203308ms] [LOG] [Fast Refresh] done in 57ms @ http://localhost:3001/_next/static/chunks/node_modules_next_dist_1e8vcs8._.js:776
[  203344ms] [LOG] [Fast Refresh] done in 57ms @ http://localhost:3001/_next/static/chunks/node_modules_next_dist_1e8vcs8._.js:776
[  203378ms] [LOG] [Fast Refresh] done in 57ms @ http://localhost:3001/_next/static/chunks/node_modules_next_dist_1e8vcs8._.js:776
[  203412ms] [LOG] [Fast Refresh] done in 57ms @ http://localhost:3001/_next/static/chunks/node_modules_next_dist_1e8vcs8._.js:776
[  203448ms] [LOG] [Fast Refresh] done in 57ms @ http://localhost:3001/_next/static/chunks/node_modules_next_dist_1e8vcs8._.js:776
[  203482ms] [LOG] [Fast Refresh] done in 57ms @ http://localhost:3001/_next/static/chunks/node_modules_next_dist_1e8vcs8._.js:776
[  203518ms] [LOG] [Fast Refresh] done in 57ms @ http://localhost:3001/_next/static/chunks/node_modules_next_dist_1e8vcs8._.js:776
[  203552ms] [LOG] [Fast Refresh] done in 57ms @ http://localhost:3001/_next/static/chunks/node_modules_next_dist_1e8vcs8._.js:776
[  203588ms] [LOG] [Fast Refresh] done in 57ms @ http://localhost:3001/_next/static/chunks/node_modules_next_dist_1e8vcs8._.js:776
[  203623ms] [LOG] [Fast Refresh] done in 57ms @ http://localhost:3001/_next/static/chunks/node_modules_next_dist_1e8vcs8._.js:776
[  203658ms] [LOG] [Fast Refresh] done in 57ms @ http://localhost:3001/_next/static/chunks/node_modules_next_dist_1e8vcs8._.js:776
[  203693ms] [LOG] [Fast Refresh] done in 57ms @ http://localhost:3001/_next/static/chunks/node_modules_next_dist_1e8vcs8._.js:776
[  203729ms] [LOG] [Fast Refresh] done in 57ms @ http://localhost:3001/_next/static/chunks/node_modules_next_dist_1e8vcs8._.js:776
[  203764ms] [LOG] [Fast Refresh] done in 57ms @ http://localhost:3001/_next/static/chunks/node_modules_next_dist_1e8vcs8._.js:776
[  203800ms] [LOG] [Fast Refresh] done in 57ms @ http://localhost:3001/_next/static/chunks/node_modules_next_dist_1e8vcs8._.js:776
[  203835ms] [LOG] [Fast Refresh] done in 57ms @ http://localhost:3001/_next/static/chunks/node_modules_next_dist_1e8vcs8._.js:776
[  203871ms] [LOG] [Fast Refresh] done in 57ms @ http://localhost:3001/_next/static/chunks/node_modules_next_dist_1e8vcs8._.js:776
[  203905ms] [LOG] [Fast Refresh] done in 57ms @ http://localhost:3001/_next/static/chunks/node_modules_next_dist_1e8vcs8._.js:776
[  203940ms] [LOG] [Fast Refresh] done in 57ms @ http://localhost:3001/_next/static/chunks/node_modules_next_dist_1e8vcs8._.js:776
[  203976ms] [LOG] [Fast Refresh] done in 57ms @ http://localhost:3001/_next/static/chunks/node_modules_next_dist_1e8vcs8._.js:776
[  204012ms] [LOG] [Fast Refresh] done in 57ms @ http://localhost:3001/_next/static/chunks/node_modules_next_dist_1e8vcs8._.js:776
[  204046ms] [LOG] [Fast Refresh] done in 57ms @ http://localhost:3001/_next/static/chunks/node_modules_next_dist_1e8vcs8._.js:776
[  204081ms] [LOG] [Fast Refresh] done in 57ms @ http://localhost:3001/_next/static/chunks/node_modules_next_dist_1e8vcs8._.js:776
[  204117ms] [LOG] [Fast Refresh] done in 57ms @ http://localhost:3001/_next/static/chunks/node_modules_next_dist_1e8vcs8._.js:776
[  204153ms] [LOG] [Fast Refresh] done in 57ms @ http://localhost:3001/_next/static/chunks/node_modules_next_dist_1e8vcs8._.js:776
[  204188ms] [LOG] [Fast Refresh] done in 57ms @ http://localhost:3001/_next/static/chunks/node_modules_next_dist_1e8vcs8._.js:776
[  204222ms] [LOG] [Fast Refresh] done in 57ms @ http://localhost:3001/_next/static/chunks/node_modules_next_dist_1e8vcs8._.js:776
[  204259ms] [LOG] [Fast Refresh] done in 57ms @ http://localhost:3001/_next/static/chunks/node_modules_next_dist_1e8vcs8._.js:776
[  204293ms] [LOG] [Fast Refresh] done in 57ms @ http://localhost:3001/_next/static/chunks/node_modules_next_dist_1e8vcs8._.js:776
[  204329ms] [LOG] [Fast Refresh] done in 57ms @ http://localhost:3001/_next/static/chunks/node_modules_next_dist_1e8vcs8._.js:776
[  204364ms] [LOG] [Fast Refresh] done in 57ms @ http://localhost:3001/_next/static/chunks/node_modules_next_dist_1e8vcs8._.js:776
[  204399ms] [LOG] [Fast Refresh] done in 57ms @ http://localhost:3001/_next/static/chunks/node_modules_next_dist_1e8vcs8._.js:776
[  204434ms] [LOG] [Fast Refresh] done in 57ms @ http://localhost:3001/_next/static/chunks/node_modules_next_dist_1e8vcs8._.js:776
[  204469ms] [LOG] [Fast Refresh] done in 57ms @ http://localhost:3001/_next/static/chunks/node_modules_next_dist_1e8vcs8._.js:776
[  204504ms] [LOG] [Fast Refresh] done in 57ms @ http://localhost:3001/_next/static/chunks/node_modules_next_dist_1e8vcs8._.js:776
[  204540ms] [LOG] [Fast Refresh] done in 57ms @ http://localhost:3001/_next/static/chunks/node_modules_next_dist_1e8vcs8._.js:776
[  204575ms] [LOG] [Fast Refresh] done in 57ms @ http://localhost:3001/_next/static/chunks/node_modules_next_dist_1e8vcs8._.js:776
[  204610ms] [LOG] [Fast Refresh] done in 57ms @ http://localhost:3001/_next/static/chunks/node_modules_next_dist_1e8vcs8._.js:776
[  204645ms] [LOG] [Fast Refresh] done in 57ms @ http://localhost:3001/_next/static/chunks/node_modules_next_dist_1e8vcs8._.js:776
[  204679ms] [LOG] [Fast Refresh] done in 57ms @ http://localhost:3001/_next/static/chunks/node_modules_next_dist_1e8vcs8._.js:776
[  204714ms] [LOG] [Fast Refresh] done in 57ms @ http://localhost:3001/_next/static/chunks/node_modules_next_dist_1e8vcs8._.js:776
[  204749ms] [LOG] [Fast Refresh] done in 57ms @ http://localhost:3001/_next/static/chunks/node_modules_next_dist_1e8vcs8._.js:776
[  204784ms] [LOG] [Fast Refresh] done in 57ms @ http://localhost:3001/_next/static/chunks/node_modules_next_dist_1e8vcs8._.js:776
[  204818ms] [LOG] [Fast Refresh] done in 57ms @ http://localhost:3001/_next/static/chunks/node_modules_next_dist_1e8vcs8._.js:776
[  204853ms] [LOG] [Fast Refresh] done in 57ms @ http://localhost:3001/_next/static/chunks/node_modules_next_dist_1e8vcs8._.js:776
[  204887ms] [LOG] [Fast Refresh] done in 57ms @ http://localhost:3001/_next/static/chunks/node_modules_next_dist_1e8vcs8._.js:776
[  204921ms] [LOG] [Fast Refresh] done in 57ms @ http://localhost:3001/_next/static/chunks/node_modules_next_dist_1e8vcs8._.js:776
[  204956ms] [LOG] [Fast Refresh] done in 57ms @ http://localhost:3001/_next/static/chunks/node_modules_next_dist_1e8vcs8._.js:776
[  204991ms] [LOG] [Fast Refresh] done in 57ms @ http://localhost:3001/_next/static/chunks/node_modules_next_dist_1e8vcs8._.js:776
[  205026ms] [LOG] [Fast Refresh] done in 57ms @ http://localhost:3001/_next/static/chunks/node_modules_next_dist_1e8vcs8._.js:776
[  205061ms] [LOG] [Fast Refresh] done in 57ms @ http://localhost:3001/_next/static/chunks/node_modules_next_dist_1e8vcs8._.js:776
[  205096ms] [LOG] [Fast Refresh] done in 57ms @ http://localhost:3001/_next/static/chunks/node_modules_next_dist_1e8vcs8._.js:776
[  205130ms] [LOG] [Fast Refresh] done in 57ms @ http://localhost:3001/_next/static/chunks/node_modules_next_dist_1e8vcs8._.js:776
[  205165ms] [LOG] [Fast Refresh] done in 57ms @ http://localhost:3001/_next/static/chunks/node_modules_next_dist_1e8vcs8._.js:776
[  205202ms] [LOG] [Fast Refresh] done in 57ms @ http://localhost:3001/_next/static/chunks/node_modules_next_dist_1e8vcs8._.js:776
[  205236ms] [LOG] [Fast Refresh] done in 57ms @ http://localhost:3001/_next/static/chunks/node_modules_next_dist_1e8vcs8._.js:776
[  205270ms] [LOG] [Fast Refresh] done in 57ms @ http://localhost:3001/_next/static/chunks/node_modules_next_dist_1e8vcs8._.js:776
[  205305ms] [LOG] [Fast Refresh] done in 57ms @ http://localhost:3001/_next/static/chunks/node_modules_next_dist_1e8vcs8._.js:776
[  205340ms] [LOG] [Fast Refresh] done in 57ms @ http://localhost:3001/_next/static/chunks/node_modules_next_dist_1e8vcs8._.js:776
[  205374ms] [LOG] [Fast Refresh] done in 57ms @ http://localhost:3001/_next/static/chunks/node_modules_next_dist_1e8vcs8._.js:776
[  205409ms] [LOG] [Fast Refresh] done in 57ms @ http://localhost:3001/_next/static/chunks/node_modules_next_dist_1e8vcs8._.js:776
[  205443ms] [LOG] [Fast Refresh] done in 57ms @ http://localhost:3001/_next/static/chunks/node_modules_next_dist_1e8vcs8._.js:776
[  205477ms] [LOG] [Fast Refresh] done in 57ms @ http://localhost:3001/_next/static/chunks/node_modules_next_dist_1e8vcs8._.js:776
[  205512ms] [LOG] [Fast Refresh] done in 57ms @ http://localhost:3001/_next/static/chunks/node_modules_next_dist_1e8vcs8._.js:776
[  205547ms] [LOG] [Fast Refresh] done in 57ms @ http://localhost:3001/_next/static/chunks/node_modules_next_dist_1e8vcs8._.js:776
[  205581ms] [LOG] [Fast Refresh] done in 57ms @ http://localhost:3001/_next/static/chunks/node_modules_next_dist_1e8vcs8._.js:776
[  205618ms] [LOG] [Fast Refresh] done in 57ms @ http://localhost:3001/_next/static/chunks/node_modules_next_dist_1e8vcs8._.js:776
[  205653ms] [LOG] [Fast Refresh] done in 57ms @ http://localhost:3001/_next/static/chunks/node_modules_next_dist_1e8vcs8._.js:776
[  205689ms] [LOG] [Fast Refresh] done in 57ms @ http://localhost:3001/_next/static/chunks/node_modules_next_dist_1e8vcs8._.js:776
[  205723ms] [LOG] [Fast Refresh] done in 57ms @ http://localhost:3001/_next/static/chunks/node_modules_next_dist_1e8vcs8._.js:776
[  205758ms] [LOG] [Fast Refresh] done in 57ms @ http://localhost:3001/_next/static/chunks/node_modules_next_dist_1e8vcs8._.js:776
[  205793ms] [LOG] [Fast Refresh] done in 57ms @ http://localhost:3001/_next/static/chunks/node_modules_next_dist_1e8vcs8._.js:776
[  205827ms] [LOG] [Fast Refresh] done in 57ms @ http://localhost:3001/_next/static/chunks/node_modules_next_dist_1e8vcs8._.js:776
[  205862ms] [LOG] [Fast Refresh] done in 57ms @ http://localhost:3001/_next/static/chunks/node_modules_next_dist_1e8vcs8._.js:776
[  205897ms] [LOG] [Fast Refresh] done in 57ms @ http://localhost:3001/_next/static/chunks/node_modules_next_dist_1e8vcs8._.js:776
[  205931ms] [LOG] [Fast Refresh] done in 57ms @ http://localhost:3001/_next/static/chunks/node_modules_next_dist_1e8vcs8._.js:776
[  205966ms] [LOG] [Fast Refresh] done in 57ms @ http://localhost:3001/_next/static/chunks/node_modules_next_dist_1e8vcs8._.js:776
[  206001ms] [LOG] [Fast Refresh] done in 57ms @ http://localhost:3001/_next/static/chunks/node_modules_next_dist_1e8vcs8._.js:776
[  206036ms] [LOG] [Fast Refresh] done in 57ms @ http://localhost:3001/_next/static/chunks/node_modules_next_dist_1e8vcs8._.js:776
[  206071ms] [LOG] [Fast Refresh] done in 57ms @ http://localhost:3001/_next/static/chunks/node_modules_next_dist_1e8vcs8._.js:776
[  206106ms] [LOG] [Fast Refresh] done in 57ms @ http://localhost:3001/_next/static/chunks/node_modules_next_dist_1e8vcs8._.js:776
[  206140ms] [LOG] [Fast Refresh] done in 57ms @ http://localhost:3001/_next/static/chunks/node_modules_next_dist_1e8vcs8._.js:776
[  206173ms] [LOG] [Fast Refresh] done in 57ms @ http://localhost:3001/_next/static/chunks/node_modules_next_dist_1e8vcs8._.js:776
[  206208ms] [LOG] [Fast Refresh] done in 57ms @ http://localhost:3001/_next/static/chunks/node_modules_next_dist_1e8vcs8._.js:776
[  206244ms] [LOG] [Fast Refresh] done in 57ms @ http://localhost:3001/_next/static/chunks/node_modules_next_dist_1e8vcs8._.js:776
[  206278ms] [LOG] [Fast Refresh] done in 57ms @ http://localhost:3001/_next/static/chunks/node_modules_next_dist_1e8vcs8._.js:776
[  206313ms] [LOG] [Fast Refresh] done in 57ms @ http://localhost:3001/_next/static/chunks/node_modules_next_dist_1e8vcs8._.js:776
[  206347ms] [LOG] [Fast Refresh] done in 57ms @ http://localhost:3001/_next/static/chunks/node_modules_next_dist_1e8vcs8._.js:776
[  206382ms] [LOG] [Fast Refresh] done in 57ms @ http://localhost:3001/_next/static/chunks/node_modules_next_dist_1e8vcs8._.js:776
[  206416ms] [LOG] [Fast Refresh] done in 57ms @ http://localhost:3001/_next/static/chunks/node_modules_next_dist_1e8vcs8._.js:776
[  206450ms] [LOG] [Fast Refresh] done in 57ms @ http://localhost:3001/_next/static/chunks/node_modules_next_dist_1e8vcs8._.js:776
[  206484ms] [LOG] [Fast Refresh] done in 57ms @ http://localhost:3001/_next/static/chunks/node_modules_next_dist_1e8vcs8._.js:776
[  206519ms] [LOG] [Fast Refresh] done in 57ms @ http://localhost:3001/_next/static/chunks/node_modules_next_dist_1e8vcs8._.js:776
[  206554ms] [LOG] [Fast Refresh] done in 57ms @ http://localhost:3001/_next/static/chunks/node_modules_next_dist_1e8vcs8._.js:776
[  206589ms] [LOG] [Fast Refresh] done in 57ms @ http://localhost:3001/_next/static/chunks/node_modules_next_dist_1e8vcs8._.js:776
[  206624ms] [LOG] [Fast Refresh] done in 57ms @ http://localhost:3001/_next/static/chunks/node_modules_next_dist_1e8vcs8._.js:776
[  206659ms] [LOG] [Fast Refresh] done in 57ms @ http://localhost:3001/_next/static/chunks/node_modules_next_dist_1e8vcs8._.js:776
[  206695ms] [LOG] [Fast Refresh] done in 57ms @ http://localhost:3001/_next/static/chunks/node_modules_next_dist_1e8vcs8._.js:776
[  206730ms] [LOG] [Fast Refresh] done in 57ms @ http://localhost:3001/_next/static/chunks/node_modules_next_dist_1e8vcs8._.js:776
[  206764ms] [LOG] [Fast Refresh] done in 57ms @ http://localhost:3001/_next/static/chunks/node_modules_next_dist_1e8vcs8._.js:776
[  206799ms] [LOG] [Fast Refresh] done in 57ms @ http://localhost:3001/_next/static/chunks/node_modules_next_dist_1e8vcs8._.js:776
[  206834ms] [LOG] [Fast Refresh] done in 57ms @ http://localhost:3001/_next/static/chunks/node_modules_next_dist_1e8vcs8._.js:776
[  206869ms] [LOG] [Fast Refresh] done in 57ms @ http://localhost:3001/_next/static/chunks/node_modules_next_dist_1e8vcs8._.js:776
[  206903ms] [LOG] [Fast Refresh] done in 57ms @ http://localhost:3001/_next/static/chunks/node_modules_next_dist_1e8vcs8._.js:776
[  206938ms] [LOG] [Fast Refresh] done in 57ms @ http://localhost:3001/_next/static/chunks/node_modules_next_dist_1e8vcs8._.js:776
[  206973ms] [LOG] [Fast Refresh] done in 57ms @ http://localhost:3001/_next/static/chunks/node_modules_next_dist_1e8vcs8._.js:776
[  207008ms] [LOG] [Fast Refresh] done in 57ms @ http://localhost:3001/_next/static/chunks/node_modules_next_dist_1e8vcs8._.js:776
[  207042ms] [LOG] [Fast Refresh] done in 57ms @ http://localhost:3001/_next/static/chunks/node_modules_next_dist_1e8vcs8._.js:776
[  207076ms] [LOG] [Fast Refresh] done in 57ms @ http://localhost:3001/_next/static/chunks/node_modules_next_dist_1e8vcs8._.js:776
[  207111ms] [LOG] [Fast Refresh] done in 57ms @ http://localhost:3001/_next/static/chunks/node_modules_next_dist_1e8vcs8._.js:776
[  207145ms] [LOG] [Fast Refresh] done in 57ms @ http://localhost:3001/_next/static/chunks/node_modules_next_dist_1e8vcs8._.js:776
[  207180ms] [LOG] [Fast Refresh] done in 57ms @ http://localhost:3001/_next/static/chunks/node_modules_next_dist_1e8vcs8._.js:776
[  207215ms] [LOG] [Fast Refresh] done in 57ms @ http://localhost:3001/_next/static/chunks/node_modules_next_dist_1e8vcs8._.js:776
[  207250ms] [LOG] [Fast Refresh] done in 57ms @ http://localhost:3001/_next/static/chunks/node_modules_next_dist_1e8vcs8._.js:776
[  207284ms] [LOG] [Fast Refresh] done in 57ms @ http://localhost:3001/_next/static/chunks/node_modules_next_dist_1e8vcs8._.js:776
[  207319ms] [LOG] [Fast Refresh] done in 57ms @ http://localhost:3001/_next/static/chunks/node_modules_next_dist_1e8vcs8._.js:776
[  207353ms] [LOG] [Fast Refresh] done in 57ms @ http://localhost:3001/_next/static/chunks/node_modules_next_dist_1e8vcs8._.js:776
[  207388ms] [LOG] [Fast Refresh] done in 57ms @ http://localhost:3001/_next/static/chunks/node_modules_next_dist_1e8vcs8._.js:776
[  207422ms] [LOG] [Fast Refresh] done in 57ms @ http://localhost:3001/_next/static/chunks/node_modules_next_dist_1e8vcs8._.js:776
[  207457ms] [LOG] [Fast Refresh] done in 57ms @ http://localhost:3001/_next/static/chunks/node_modules_next_dist_1e8vcs8._.js:776
[  207492ms] [LOG] [Fast Refresh] done in 57ms @ http://localhost:3001/_next/static/chunks/node_modules_next_dist_1e8vcs8._.js:776
[  207526ms] [LOG] [Fast Refresh] done in 57ms @ http://localhost:3001/_next/static/chunks/node_modules_next_dist_1e8vcs8._.js:776
[  207561ms] [LOG] [Fast Refresh] done in 57ms @ http://localhost:3001/_next/static/chunks/node_modules_next_dist_1e8vcs8._.js:776
[  207596ms] [LOG] [Fast Refresh] done in 57ms @ http://localhost:3001/_next/static/chunks/node_modules_next_dist_1e8vcs8._.js:776
[  207630ms] [LOG] [Fast Refresh] done in 57ms @ http://localhost:3001/_next/static/chunks/node_modules_next_dist_1e8vcs8._.js:776
[  207664ms] [LOG] [Fast Refresh] done in 57ms @ http://localhost:3001/_next/static/chunks/node_modules_next_dist_1e8vcs8._.js:776
[  207699ms] [LOG] [Fast Refresh] done in 57ms @ http://localhost:3001/_next/static/chunks/node_modules_next_dist_1e8vcs8._.js:776
[  207734ms] [LOG] [Fast Refresh] done in 57ms @ http://localhost:3001/_next/static/chunks/node_modules_next_dist_1e8vcs8._.js:776
[  207770ms] [LOG] [Fast Refresh] done in 57ms @ http://localhost:3001/_next/static/chunks/node_modules_next_dist_1e8vcs8._.js:776
[  207804ms] [LOG] [Fast Refresh] done in 57ms @ http://localhost:3001/_next/static/chunks/node_modules_next_dist_1e8vcs8._.js:776
[  207839ms] [LOG] [Fast Refresh] done in 57ms @ http://localhost:3001/_next/static/chunks/node_modules_next_dist_1e8vcs8._.js:776
[  207875ms] [LOG] [Fast Refresh] done in 57ms @ http://localhost:3001/_next/static/chunks/node_modules_next_dist_1e8vcs8._.js:776
[  207909ms] [LOG] [Fast Refresh] done in 57ms @ http://localhost:3001/_next/static/chunks/node_modules_next_dist_1e8vcs8._.js:776
[  207944ms] [LOG] [Fast Refresh] done in 57ms @ http://localhost:3001/_next/static/chunks/node_modules_next_dist_1e8vcs8._.js:776
[  207980ms] [LOG] [Fast Refresh] done in 57ms @ http://localhost:3001/_next/static/chunks/node_modules_next_dist_1e8vcs8._.js:776
[  208014ms] [LOG] [Fast Refresh] done in 57ms @ http://localhost:3001/_next/static/chunks/node_modules_next_dist_1e8vcs8._.js:776
[  208048ms] [LOG] [Fast Refresh] done in 57ms @ http://localhost:3001/_next/static/chunks/node_modules_next_dist_1e8vcs8._.js:776
[  208083ms] [LOG] [Fast Refresh] done in 57ms @ http://localhost:3001/_next/static/chunks/node_modules_next_dist_1e8vcs8._.js:776
[  208118ms] [LOG] [Fast Refresh] done in 57ms @ http://localhost:3001/_next/static/chunks/node_modules_next_dist_1e8vcs8._.js:776
[  208153ms] [LOG] [Fast Refresh] done in 57ms @ http://localhost:3001/_next/static/chunks/node_modules_next_dist_1e8vcs8._.js:776
[  208189ms] [LOG] [Fast Refresh] done in 57ms @ http://localhost:3001/_next/static/chunks/node_modules_next_dist_1e8vcs8._.js:776
[  208224ms] [LOG] [Fast Refresh] done in 57ms @ http://localhost:3001/_next/static/chunks/node_modules_next_dist_1e8vcs8._.js:776
[  208258ms] [LOG] [Fast Refresh] done in 57ms @ http://localhost:3001/_next/static/chunks/node_modules_next_dist_1e8vcs8._.js:776
[  208293ms] [LOG] [Fast Refresh] done in 57ms @ http://localhost:3001/_next/static/chunks/node_modules_next_dist_1e8vcs8._.js:776
[  208329ms] [LOG] [Fast Refresh] done in 57ms @ http://localhost:3001/_next/static/chunks/node_modules_next_dist_1e8vcs8._.js:776
[  208365ms] [LOG] [Fast Refresh] done in 57ms @ http://localhost:3001/_next/static/chunks/node_modules_next_dist_1e8vcs8._.js:776
[  208402ms] [LOG] [Fast Refresh] done in 57ms @ http://localhost:3001/_next/static/chunks/node_modules_next_dist_1e8vcs8._.js:776
[  208437ms] [LOG] [Fast Refresh] done in 57ms @ http://localhost:3001/_next/static/chunks/node_modules_next_dist_1e8vcs8._.js:776
[  208472ms] [LOG] [Fast Refresh] done in 57ms @ http://localhost:3001/_next/static/chunks/node_modules_next_dist_1e8vcs8._.js:776
[  208507ms] [LOG] [Fast Refresh] done in 57ms @ http://localhost:3001/_next/static/chunks/node_modules_next_dist_1e8vcs8._.js:776
[  208540ms] [LOG] [Fast Refresh] done in 57ms @ http://localhost:3001/_next/static/chunks/node_modules_next_dist_1e8vcs8._.js:776
[  208575ms] [LOG] [Fast Refresh] done in 57ms @ http://localhost:3001/_next/static/chunks/node_modules_next_dist_1e8vcs8._.js:776
[  208610ms] [LOG] [Fast Refresh] done in 57ms @ http://localhost:3001/_next/static/chunks/node_modules_next_dist_1e8vcs8._.js:776
[  208644ms] [LOG] [Fast Refresh] done in 57ms @ http://localhost:3001/_next/static/chunks/node_modules_next_dist_1e8vcs8._.js:776
[  208677ms] [LOG] [Fast Refresh] done in 57ms @ http://localhost:3001/_next/static/chunks/node_modules_next_dist_1e8vcs8._.js:776
[  208712ms] [LOG] [Fast Refresh] done in 57ms @ http://localhost:3001/_next/static/chunks/node_modules_next_dist_1e8vcs8._.js:776
[  208747ms] [LOG] [Fast Refresh] done in 57ms @ http://localhost:3001/_next/static/chunks/node_modules_next_dist_1e8vcs8._.js:776
[  208782ms] [LOG] [Fast Refresh] done in 57ms @ http://localhost:3001/_next/static/chunks/node_modules_next_dist_1e8vcs8._.js:776
[  208817ms] [LOG] [Fast Refresh] done in 57ms @ http://localhost:3001/_next/static/chunks/node_modules_next_dist_1e8vcs8._.js:776
[  208853ms] [LOG] [Fast Refresh] done in 57ms @ http://localhost:3001/_next/static/chunks/node_modules_next_dist_1e8vcs8._.js:776
[  208887ms] [LOG] [Fast Refresh] done in 57ms @ http://localhost:3001/_next/static/chunks/node_modules_next_dist_1e8vcs8._.js:776
[  208923ms] [LOG] [Fast Refresh] done in 57ms @ http://localhost:3001/_next/static/chunks/node_modules_next_dist_1e8vcs8._.js:776
[  208959ms] [LOG] [Fast Refresh] done in 57ms @ http://localhost:3001/_next/static/chunks/node_modules_next_dist_1e8vcs8._.js:776
[  208994ms] [LOG] [Fast Refresh] done in 57ms @ http://localhost:3001/_next/static/chunks/node_modules_next_dist_1e8vcs8._.js:776
[  209029ms] [LOG] [Fast Refresh] done in 57ms @ http://localhost:3001/_next/static/chunks/node_modules_next_dist_1e8vcs8._.js:776
[  209064ms] [LOG] [Fast Refresh] done in 57ms @ http://localhost:3001/_next/static/chunks/node_modules_next_dist_1e8vcs8._.js:776
[  209099ms] [LOG] [Fast Refresh] done in 57ms @ http://localhost:3001/_next/static/chunks/node_modules_next_dist_1e8vcs8._.js:776
[  209133ms] [LOG] [Fast Refresh] done in 57ms @ http://localhost:3001/_next/static/chunks/node_modules_next_dist_1e8vcs8._.js:776
[  209167ms] [LOG] [Fast Refresh] done in 57ms @ http://localhost:3001/_next/static/chunks/node_modules_next_dist_1e8vcs8._.js:776
[  209202ms] [LOG] [Fast Refresh] done in 57ms @ http://localhost:3001/_next/static/chunks/node_modules_next_dist_1e8vcs8._.js:776
[  209237ms] [LOG] [Fast Refresh] done in 57ms @ http://localhost:3001/_next/static/chunks/node_modules_next_dist_1e8vcs8._.js:776
[  209272ms] [LOG] [Fast Refresh] done in 57ms @ http://localhost:3001/_next/static/chunks/node_modules_next_dist_1e8vcs8._.js:776
[  209308ms] [LOG] [Fast Refresh] done in 57ms @ http://localhost:3001/_next/static/chunks/node_modules_next_dist_1e8vcs8._.js:776
[  209341ms] [LOG] [Fast Refresh] done in 57ms @ http://localhost:3001/_next/static/chunks/node_modules_next_dist_1e8vcs8._.js:776
[  209376ms] [LOG] [Fast Refresh] done in 57ms @ http://localhost:3001/_next/static/chunks/node_modules_next_dist_1e8vcs8._.js:776
[  209411ms] [LOG] [Fast Refresh] done in 57ms @ http://localhost:3001/_next/static/chunks/node_modules_next_dist_1e8vcs8._.js:776
[  209445ms] [LOG] [Fast Refresh] done in 57ms @ http://localhost:3001/_next/static/chunks/node_modules_next_dist_1e8vcs8._.js:776
[  209479ms] [LOG] [Fast Refresh] done in 57ms @ http://localhost:3001/_next/static/chunks/node_modules_next_dist_1e8vcs8._.js:776
[  209514ms] [LOG] [Fast Refresh] done in 57ms @ http://localhost:3001/_next/static/chunks/node_modules_next_dist_1e8vcs8._.js:776
[  209548ms] [LOG] [Fast Refresh] done in 57ms @ http://localhost:3001/_next/static/chunks/node_modules_next_dist_1e8vcs8._.js:776
[  209582ms] [LOG] [Fast Refresh] done in 57ms @ http://localhost:3001/_next/static/chunks/node_modules_next_dist_1e8vcs8._.js:776
[  209617ms] [LOG] [Fast Refresh] done in 57ms @ http://localhost:3001/_next/static/chunks/node_modules_next_dist_1e8vcs8._.js:776
[  209654ms] [LOG] [Fast Refresh] done in 57ms @ http://localhost:3001/_next/static/chunks/node_modules_next_dist_1e8vcs8._.js:776
[  209690ms] [LOG] [Fast Refresh] done in 57ms @ http://localhost:3001/_next/static/chunks/node_modules_next_dist_1e8vcs8._.js:776
[  209725ms] [LOG] [Fast Refresh] done in 57ms @ http://localhost:3001/_next/static/chunks/node_modules_next_dist_1e8vcs8._.js:776
[  209760ms] [LOG] [Fast Refresh] done in 57ms @ http://localhost:3001/_next/static/chunks/node_modules_next_dist_1e8vcs8._.js:776
[  209794ms] [LOG] [Fast Refresh] done in 57ms @ http://localhost:3001/_next/static/chunks/node_modules_next_dist_1e8vcs8._.js:776
[  209829ms] [LOG] [Fast Refresh] done in 57ms @ http://localhost:3001/_next/static/chunks/node_modules_next_dist_1e8vcs8._.js:776
[  209864ms] [LOG] [Fast Refresh] done in 57ms @ http://localhost:3001/_next/static/chunks/node_modules_next_dist_1e8vcs8._.js:776
[  209899ms] [LOG] [Fast Refresh] done in 57ms @ http://localhost:3001/_next/static/chunks/node_modules_next_dist_1e8vcs8._.js:776
[  209934ms] [LOG] [Fast Refresh] done in 57ms @ http://localhost:3001/_next/static/chunks/node_modules_next_dist_1e8vcs8._.js:776
[  209969ms] [LOG] [Fast Refresh] done in 57ms @ http://localhost:3001/_next/static/chunks/node_modules_next_dist_1e8vcs8._.js:776
[  210003ms] [LOG] [Fast Refresh] done in 57ms @ http://localhost:3001/_next/static/chunks/node_modules_next_dist_1e8vcs8._.js:776
[  210039ms] [LOG] [Fast Refresh] done in 57ms @ http://localhost:3001/_next/static/chunks/node_modules_next_dist_1e8vcs8._.js:776
[  210073ms] [LOG] [Fast Refresh] done in 57ms @ http://localhost:3001/_next/static/chunks/node_modules_next_dist_1e8vcs8._.js:776
[  210107ms] [LOG] [Fast Refresh] done in 57ms @ http://localhost:3001/_next/static/chunks/node_modules_next_dist_1e8vcs8._.js:776
[  210141ms] [LOG] [Fast Refresh] done in 57ms @ http://localhost:3001/_next/static/chunks/node_modules_next_dist_1e8vcs8._.js:776
[  210177ms] [LOG] [Fast Refresh] done in 57ms @ http://localhost:3001/_next/static/chunks/node_modules_next_dist_1e8vcs8._.js:776
[  210212ms] [LOG] [Fast Refresh] done in 57ms @ http://localhost:3001/_next/static/chunks/node_modules_next_dist_1e8vcs8._.js:776
[  210247ms] [LOG] [Fast Refresh] done in 57ms @ http://localhost:3001/_next/static/chunks/node_modules_next_dist_1e8vcs8._.js:776
[  210281ms] [LOG] [Fast Refresh] done in 57ms @ http://localhost:3001/_next/static/chunks/node_modules_next_dist_1e8vcs8._.js:776
[  210315ms] [LOG] [Fast Refresh] done in 57ms @ http://localhost:3001/_next/static/chunks/node_modules_next_dist_1e8vcs8._.js:776
[  210350ms] [LOG] [Fast Refresh] done in 57ms @ http://localhost:3001/_next/static/chunks/node_modules_next_dist_1e8vcs8._.js:776
[  210385ms] [LOG] [Fast Refresh] done in 57ms @ http://localhost:3001/_next/static/chunks/node_modules_next_dist_1e8vcs8._.js:776
[  210420ms] [LOG] [Fast Refresh] done in 57ms @ http://localhost:3001/_next/static/chunks/node_modules_next_dist_1e8vcs8._.js:776
[  210454ms] [LOG] [Fast Refresh] done in 57ms @ http://localhost:3001/_next/static/chunks/node_modules_next_dist_1e8vcs8._.js:776
[  210489ms] [LOG] [Fast Refresh] done in 57ms @ http://localhost:3001/_next/static/chunks/node_modules_next_dist_1e8vcs8._.js:776
[  210524ms] [LOG] [Fast Refresh] done in 57ms @ http://localhost:3001/_next/static/chunks/node_modules_next_dist_1e8vcs8._.js:776
[  210560ms] [LOG] [Fast Refresh] done in 57ms @ http://localhost:3001/_next/static/chunks/node_modules_next_dist_1e8vcs8._.js:776
[  210594ms] [LOG] [Fast Refresh] done in 57ms @ http://localhost:3001/_next/static/chunks/node_modules_next_dist_1e8vcs8._.js:776
[  210629ms] [LOG] [Fast Refresh] done in 57ms @ http://localhost:3001/_next/static/chunks/node_modules_next_dist_1e8vcs8._.js:776
[  210663ms] [LOG] [Fast Refresh] done in 57ms @ http://localhost:3001/_next/static/chunks/node_modules_next_dist_1e8vcs8._.js:776
[  210697ms] [LOG] [Fast Refresh] done in 57ms @ http://localhost:3001/_next/static/chunks/node_modules_next_dist_1e8vcs8._.js:776
[  210731ms] [LOG] [Fast Refresh] done in 57ms @ http://localhost:3001/_next/static/chunks/node_modules_next_dist_1e8vcs8._.js:776
[  210766ms] [LOG] [Fast Refresh] done in 57ms @ http://localhost:3001/_next/static/chunks/node_modules_next_dist_1e8vcs8._.js:776
[  210800ms] [LOG] [Fast Refresh] done in 57ms @ http://localhost:3001/_next/static/chunks/node_modules_next_dist_1e8vcs8._.js:776
[  210835ms] [LOG] [Fast Refresh] done in 57ms @ http://localhost:3001/_next/static/chunks/node_modules_next_dist_1e8vcs8._.js:776
[  210869ms] [LOG] [Fast Refresh] done in 57ms @ http://localhost:3001/_next/static/chunks/node_modules_next_dist_1e8vcs8._.js:776
[  210903ms] [LOG] [Fast Refresh] done in 57ms @ http://localhost:3001/_next/static/chunks/node_modules_next_dist_1e8vcs8._.js:776
[  210939ms] [LOG] [Fast Refresh] done in 57ms @ http://localhost:3001/_next/static/chunks/node_modules_next_dist_1e8vcs8._.js:776
[  210973ms] [LOG] [Fast Refresh] done in 57ms @ http://localhost:3001/_next/static/chunks/node_modules_next_dist_1e8vcs8._.js:776
[  211007ms] [LOG] [Fast Refresh] done in 57ms @ http://localhost:3001/_next/static/chunks/node_modules_next_dist_1e8vcs8._.js:776
[  211043ms] [LOG] [Fast Refresh] done in 57ms @ http://localhost:3001/_next/static/chunks/node_modules_next_dist_1e8vcs8._.js:776
[  211078ms] [LOG] [Fast Refresh] done in 57ms @ http://localhost:3001/_next/static/chunks/node_modules_next_dist_1e8vcs8._.js:776
[  211113ms] [LOG] [Fast Refresh] done in 57ms @ http://localhost:3001/_next/static/chunks/node_modules_next_dist_1e8vcs8._.js:776
[  211148ms] [LOG] [Fast Refresh] done in 57ms @ http://localhost:3001/_next/static/chunks/node_modules_next_dist_1e8vcs8._.js:776
[  211184ms] [LOG] [Fast Refresh] done in 57ms @ http://localhost:3001/_next/static/chunks/node_modules_next_dist_1e8vcs8._.js:776
[  211220ms] [LOG] [Fast Refresh] done in 57ms @ http://localhost:3001/_next/static/chunks/node_modules_next_dist_1e8vcs8._.js:776
[  211255ms] [LOG] [Fast Refresh] done in 57ms @ http://localhost:3001/_next/static/chunks/node_modules_next_dist_1e8vcs8._.js:776
[  211289ms] [LOG] [Fast Refresh] done in 57ms @ http://localhost:3001/_next/static/chunks/node_modules_next_dist_1e8vcs8._.js:776
[  211325ms] [LOG] [Fast Refresh] done in 57ms @ http://localhost:3001/_next/static/chunks/node_modules_next_dist_1e8vcs8._.js:776
[  211359ms] [LOG] [Fast Refresh] done in 57ms @ http://localhost:3001/_next/static/chunks/node_modules_next_dist_1e8vcs8._.js:776
[  211394ms] [LOG] [Fast Refresh] done in 57ms @ http://localhost:3001/_next/static/chunks/node_modules_next_dist_1e8vcs8._.js:776
[  211429ms] [LOG] [Fast Refresh] done in 57ms @ http://localhost:3001/_next/static/chunks/node_modules_next_dist_1e8vcs8._.js:776
[  211464ms] [LOG] [Fast Refresh] done in 57ms @ http://localhost:3001/_next/static/chunks/node_modules_next_dist_1e8vcs8._.js:776
[  211499ms] [LOG] [Fast Refresh] done in 57ms @ http://localhost:3001/_next/static/chunks/node_modules_next_dist_1e8vcs8._.js:776
[  211533ms] [LOG] [Fast Refresh] done in 57ms @ http://localhost:3001/_next/static/chunks/node_modules_next_dist_1e8vcs8._.js:776
[  211567ms] [LOG] [Fast Refresh] done in 57ms @ http://localhost:3001/_next/static/chunks/node_modules_next_dist_1e8vcs8._.js:776
[  211604ms] [LOG] [Fast Refresh] done in 57ms @ http://localhost:3001/_next/static/chunks/node_modules_next_dist_1e8vcs8._.js:776
[  211640ms] [LOG] [Fast Refresh] done in 57ms @ http://localhost:3001/_next/static/chunks/node_modules_next_dist_1e8vcs8._.js:776
[  211673ms] [LOG] [Fast Refresh] done in 57ms @ http://localhost:3001/_next/static/chunks/node_modules_next_dist_1e8vcs8._.js:776
[  211708ms] [LOG] [Fast Refresh] done in 57ms @ http://localhost:3001/_next/static/chunks/node_modules_next_dist_1e8vcs8._.js:776
[  211742ms] [LOG] [Fast Refresh] done in 57ms @ http://localhost:3001/_next/static/chunks/node_modules_next_dist_1e8vcs8._.js:776
[  211777ms] [LOG] [Fast Refresh] done in 57ms @ http://localhost:3001/_next/static/chunks/node_modules_next_dist_1e8vcs8._.js:776
[  211813ms] [LOG] [Fast Refresh] done in 57ms @ http://localhost:3001/_next/static/chunks/node_modules_next_dist_1e8vcs8._.js:776
[  211848ms] [LOG] [Fast Refresh] done in 57ms @ http://localhost:3001/_next/static/chunks/node_modules_next_dist_1e8vcs8._.js:776
[  211882ms] [LOG] [Fast Refresh] done in 57ms @ http://localhost:3001/_next/static/chunks/node_modules_next_dist_1e8vcs8._.js:776
[  211918ms] [LOG] [Fast Refresh] done in 57ms @ http://localhost:3001/_next/static/chunks/node_modules_next_dist_1e8vcs8._.js:776
[  211952ms] [LOG] [Fast Refresh] done in 57ms @ http://localhost:3001/_next/static/chunks/node_modules_next_dist_1e8vcs8._.js:776
[  211986ms] [LOG] [Fast Refresh] done in 57ms @ http://localhost:3001/_next/static/chunks/node_modules_next_dist_1e8vcs8._.js:776
[  212021ms] [LOG] [Fast Refresh] done in 57ms @ http://localhost:3001/_next/static/chunks/node_modules_next_dist_1e8vcs8._.js:776
[  212057ms] [LOG] [Fast Refresh] done in 57ms @ http://localhost:3001/_next/static/chunks/node_modules_next_dist_1e8vcs8._.js:776
[  212092ms] [LOG] [Fast Refresh] done in 57ms @ http://localhost:3001/_next/static/chunks/node_modules_next_dist_1e8vcs8._.js:776
[  212127ms] [LOG] [Fast Refresh] done in 57ms @ http://localhost:3001/_next/static/chunks/node_modules_next_dist_1e8vcs8._.js:776
[  212163ms] [LOG] [Fast Refresh] done in 57ms @ http://localhost:3001/_next/static/chunks/node_modules_next_dist_1e8vcs8._.js:776
[  212198ms] [LOG] [Fast Refresh] done in 57ms @ http://localhost:3001/_next/static/chunks/node_modules_next_dist_1e8vcs8._.js:776
[  212233ms] [LOG] [Fast Refresh] done in 57ms @ http://localhost:3001/_next/static/chunks/node_modules_next_dist_1e8vcs8._.js:776
[  212267ms] [LOG] [Fast Refresh] done in 57ms @ http://localhost:3001/_next/static/chunks/node_modules_next_dist_1e8vcs8._.js:776
[  212301ms] [LOG] [Fast Refresh] done in 57ms @ http://localhost:3001/_next/static/chunks/node_modules_next_dist_1e8vcs8._.js:776
[  212337ms] [LOG] [Fast Refresh] done in 57ms @ http://localhost:3001/_next/static/chunks/node_modules_next_dist_1e8vcs8._.js:776
[  212372ms] [LOG] [Fast Refresh] done in 57ms @ http://localhost:3001/_next/static/chunks/node_modules_next_dist_1e8vcs8._.js:776
[  212406ms] [LOG] [Fast Refresh] done in 57ms @ http://localhost:3001/_next/static/chunks/node_modules_next_dist_1e8vcs8._.js:776
[  212440ms] [LOG] [Fast Refresh] done in 57ms @ http://localhost:3001/_next/static/chunks/node_modules_next_dist_1e8vcs8._.js:776
[  212475ms] [LOG] [Fast Refresh] done in 57ms @ http://localhost:3001/_next/static/chunks/node_modules_next_dist_1e8vcs8._.js:776
[  212509ms] [LOG] [Fast Refresh] done in 57ms @ http://localhost:3001/_next/static/chunks/node_modules_next_dist_1e8vcs8._.js:776
[  212543ms] [LOG] [Fast Refresh] done in 57ms @ http://localhost:3001/_next/static/chunks/node_modules_next_dist_1e8vcs8._.js:776
[  212579ms] [LOG] [Fast Refresh] done in 57ms @ http://localhost:3001/_next/static/chunks/node_modules_next_dist_1e8vcs8._.js:776
[  212615ms] [LOG] [Fast Refresh] done in 57ms @ http://localhost:3001/_next/static/chunks/node_modules_next_dist_1e8vcs8._.js:776
[  212649ms] [LOG] [Fast Refresh] done in 57ms @ http://localhost:3001/_next/static/chunks/node_modules_next_dist_1e8vcs8._.js:776
[  212684ms] [LOG] [Fast Refresh] done in 57ms @ http://localhost:3001/_next/static/chunks/node_modules_next_dist_1e8vcs8._.js:776
[  212720ms] [LOG] [Fast Refresh] done in 57ms @ http://localhost:3001/_next/static/chunks/node_modules_next_dist_1e8vcs8._.js:776
[  212754ms] [LOG] [Fast Refresh] done in 57ms @ http://localhost:3001/_next/static/chunks/node_modules_next_dist_1e8vcs8._.js:776
[  212790ms] [LOG] [Fast Refresh] done in 57ms @ http://localhost:3001/_next/static/chunks/node_modules_next_dist_1e8vcs8._.js:776
[  212827ms] [LOG] [Fast Refresh] done in 57ms @ http://localhost:3001/_next/static/chunks/node_modules_next_dist_1e8vcs8._.js:776
[  212862ms] [LOG] [Fast Refresh] done in 57ms @ http://localhost:3001/_next/static/chunks/node_modules_next_dist_1e8vcs8._.js:776
[  212896ms] [LOG] [Fast Refresh] done in 57ms @ http://localhost:3001/_next/static/chunks/node_modules_next_dist_1e8vcs8._.js:776
[  212932ms] [LOG] [Fast Refresh] done in 57ms @ http://localhost:3001/_next/static/chunks/node_modules_next_dist_1e8vcs8._.js:776
[  212967ms] [LOG] [Fast Refresh] done in 57ms @ http://localhost:3001/_next/static/chunks/node_modules_next_dist_1e8vcs8._.js:776
[  213001ms] [LOG] [Fast Refresh] done in 57ms @ http://localhost:3001/_next/static/chunks/node_modules_next_dist_1e8vcs8._.js:776
[  213036ms] [LOG] [Fast Refresh] done in 57ms @ http://localhost:3001/_next/static/chunks/node_modules_next_dist_1e8vcs8._.js:776
[  213072ms] [LOG] [Fast Refresh] done in 57ms @ http://localhost:3001/_next/static/chunks/node_modules_next_dist_1e8vcs8._.js:776
[  213106ms] [LOG] [Fast Refresh] done in 57ms @ http://localhost:3001/_next/static/chunks/node_modules_next_dist_1e8vcs8._.js:776
[  213140ms] [LOG] [Fast Refresh] done in 57ms @ http://localhost:3001/_next/static/chunks/node_modules_next_dist_1e8vcs8._.js:776
[  213175ms] [LOG] [Fast Refresh] done in 57ms @ http://localhost:3001/_next/static/chunks/node_modules_next_dist_1e8vcs8._.js:776
[  213212ms] [LOG] [Fast Refresh] done in 57ms @ http://localhost:3001/_next/static/chunks/node_modules_next_dist_1e8vcs8._.js:776
[  213248ms] [LOG] [Fast Refresh] done in 57ms @ http://localhost:3001/_next/static/chunks/node_modules_next_dist_1e8vcs8._.js:776
[  213282ms] [LOG] [Fast Refresh] done in 57ms @ http://localhost:3001/_next/static/chunks/node_modules_next_dist_1e8vcs8._.js:776
[  213317ms] [LOG] [Fast Refresh] done in 57ms @ http://localhost:3001/_next/static/chunks/node_modules_next_dist_1e8vcs8._.js:776
[  213351ms] [LOG] [Fast Refresh] done in 57ms @ http://localhost:3001/_next/static/chunks/node_modules_next_dist_1e8vcs8._.js:776
[  213386ms] [LOG] [Fast Refresh] done in 57ms @ http://localhost:3001/_next/static/chunks/node_modules_next_dist_1e8vcs8._.js:776
[  213421ms] [LOG] [Fast Refresh] done in 57ms @ http://localhost:3001/_next/static/chunks/node_modules_next_dist_1e8vcs8._.js:776
[  213456ms] [LOG] [Fast Refresh] done in 57ms @ http://localhost:3001/_next/static/chunks/node_modules_next_dist_1e8vcs8._.js:776
[  213490ms] [LOG] [Fast Refresh] done in 57ms @ http://localhost:3001/_next/static/chunks/node_modules_next_dist_1e8vcs8._.js:776
[  213525ms] [LOG] [Fast Refresh] done in 57ms @ http://localhost:3001/_next/static/chunks/node_modules_next_dist_1e8vcs8._.js:776
[  213560ms] [LOG] [Fast Refresh] done in 57ms @ http://localhost:3001/_next/static/chunks/node_modules_next_dist_1e8vcs8._.js:776
[  213595ms] [LOG] [Fast Refresh] done in 57ms @ http://localhost:3001/_next/static/chunks/node_modules_next_dist_1e8vcs8._.js:776
[  213629ms] [LOG] [Fast Refresh] done in 57ms @ http://localhost:3001/_next/static/chunks/node_modules_next_dist_1e8vcs8._.js:776
[  213664ms] [LOG] [Fast Refresh] done in 57ms @ http://localhost:3001/_next/static/chunks/node_modules_next_dist_1e8vcs8._.js:776
[  213699ms] [LOG] [Fast Refresh] done in 57ms @ http://localhost:3001/_next/static/chunks/node_modules_next_dist_1e8vcs8._.js:776
[  213734ms] [LOG] [Fast Refresh] done in 57ms @ http://localhost:3001/_next/static/chunks/node_modules_next_dist_1e8vcs8._.js:776
[  213768ms] [LOG] [Fast Refresh] done in 57ms @ http://localhost:3001/_next/static/chunks/node_modules_next_dist_1e8vcs8._.js:776
[  213803ms] [LOG] [Fast Refresh] done in 57ms @ http://localhost:3001/_next/static/chunks/node_modules_next_dist_1e8vcs8._.js:776
[  213837ms] [LOG] [Fast Refresh] done in 57ms @ http://localhost:3001/_next/static/chunks/node_modules_next_dist_1e8vcs8._.js:776
[  213872ms] [LOG] [Fast Refresh] done in 57ms @ http://localhost:3001/_next/static/chunks/node_modules_next_dist_1e8vcs8._.js:776
[  213907ms] [LOG] [Fast Refresh] done in 57ms @ http://localhost:3001/_next/static/chunks/node_modules_next_dist_1e8vcs8._.js:776
[  213943ms] [LOG] [Fast Refresh] done in 57ms @ http://localhost:3001/_next/static/chunks/node_modules_next_dist_1e8vcs8._.js:776
[  213978ms] [LOG] [Fast Refresh] done in 57ms @ http://localhost:3001/_next/static/chunks/node_modules_next_dist_1e8vcs8._.js:776
[  214013ms] [LOG] [Fast Refresh] done in 57ms @ http://localhost:3001/_next/static/chunks/node_modules_next_dist_1e8vcs8._.js:776
[  214047ms] [LOG] [Fast Refresh] done in 57ms @ http://localhost:3001/_next/static/chunks/node_modules_next_dist_1e8vcs8._.js:776
[  214082ms] [LOG] [Fast Refresh] done in 57ms @ http://localhost:3001/_next/static/chunks/node_modules_next_dist_1e8vcs8._.js:776
[  214117ms] [LOG] [Fast Refresh] done in 57ms @ http://localhost:3001/_next/static/chunks/node_modules_next_dist_1e8vcs8._.js:776
[  214152ms] [LOG] [Fast Refresh] done in 57ms @ http://localhost:3001/_next/static/chunks/node_modules_next_dist_1e8vcs8._.js:776
[  214186ms] [LOG] [Fast Refresh] done in 57ms @ http://localhost:3001/_next/static/chunks/node_modules_next_dist_1e8vcs8._.js:776
[  214221ms] [LOG] [Fast Refresh] done in 57ms @ http://localhost:3001/_next/static/chunks/node_modules_next_dist_1e8vcs8._.js:776
[  214256ms] [LOG] [Fast Refresh] done in 57ms @ http://localhost:3001/_next/static/chunks/node_modules_next_dist_1e8vcs8._.js:776
[  214290ms] [LOG] [Fast Refresh] done in 57ms @ http://localhost:3001/_next/static/chunks/node_modules_next_dist_1e8vcs8._.js:776
[  214324ms] [LOG] [Fast Refresh] done in 57ms @ http://localhost:3001/_next/static/chunks/node_modules_next_dist_1e8vcs8._.js:776
[  214359ms] [LOG] [Fast Refresh] done in 57ms @ http://localhost:3001/_next/static/chunks/node_modules_next_dist_1e8vcs8._.js:776
[  214392ms] [LOG] [Fast Refresh] done in 57ms @ http://localhost:3001/_next/static/chunks/node_modules_next_dist_1e8vcs8._.js:776
[  214427ms] [LOG] [Fast Refresh] done in 57ms @ http://localhost:3001/_next/static/chunks/node_modules_next_dist_1e8vcs8._.js:776
[  214461ms] [LOG] [Fast Refresh] done in 57ms @ http://localhost:3001/_next/static/chunks/node_modules_next_dist_1e8vcs8._.js:776
[  214496ms] [LOG] [Fast Refresh] done in 57ms @ http://localhost:3001/_next/static/chunks/node_modules_next_dist_1e8vcs8._.js:776
[  214530ms] [LOG] [Fast Refresh] done in 57ms @ http://localhost:3001/_next/static/chunks/node_modules_next_dist_1e8vcs8._.js:776
[  214565ms] [LOG] [Fast Refresh] done in 57ms @ http://localhost:3001/_next/static/chunks/node_modules_next_dist_1e8vcs8._.js:776
[  214601ms] [LOG] [Fast Refresh] done in 57ms @ http://localhost:3001/_next/static/chunks/node_modules_next_dist_1e8vcs8._.js:776
[  214636ms] [LOG] [Fast Refresh] done in 57ms @ http://localhost:3001/_next/static/chunks/node_modules_next_dist_1e8vcs8._.js:776
[  214670ms] [LOG] [Fast Refresh] done in 57ms @ http://localhost:3001/_next/static/chunks/node_modules_next_dist_1e8vcs8._.js:776
[  214705ms] [LOG] [Fast Refresh] done in 57ms @ http://localhost:3001/_next/static/chunks/node_modules_next_dist_1e8vcs8._.js:776
[  214739ms] [LOG] [Fast Refresh] done in 57ms @ http://localhost:3001/_next/static/chunks/node_modules_next_dist_1e8vcs8._.js:776
[  214774ms] [LOG] [Fast Refresh] done in 57ms @ http://localhost:3001/_next/static/chunks/node_modules_next_dist_1e8vcs8._.js:776
[  214807ms] [LOG] [Fast Refresh] done in 57ms @ http://localhost:3001/_next/static/chunks/node_modules_next_dist_1e8vcs8._.js:776
[  214841ms] [LOG] [Fast Refresh] done in 57ms @ http://localhost:3001/_next/static/chunks/node_modules_next_dist_1e8vcs8._.js:776
[  214876ms] [LOG] [Fast Refresh] done in 57ms @ http://localhost:3001/_next/static/chunks/node_modules_next_dist_1e8vcs8._.js:776
[  214911ms] [LOG] [Fast Refresh] done in 57ms @ http://localhost:3001/_next/static/chunks/node_modules_next_dist_1e8vcs8._.js:776
[  214945ms] [LOG] [Fast Refresh] done in 57ms @ http://localhost:3001/_next/static/chunks/node_modules_next_dist_1e8vcs8._.js:776
[  214980ms] [LOG] [Fast Refresh] done in 57ms @ http://localhost:3001/_next/static/chunks/node_modules_next_dist_1e8vcs8._.js:776
[  215015ms] [LOG] [Fast Refresh] done in 57ms @ http://localhost:3001/_next/static/chunks/node_modules_next_dist_1e8vcs8._.js:776
[  215050ms] [LOG] [Fast Refresh] done in 57ms @ http://localhost:3001/_next/static/chunks/node_modules_next_dist_1e8vcs8._.js:776
[  215085ms] [LOG] [Fast Refresh] done in 57ms @ http://localhost:3001/_next/static/chunks/node_modules_next_dist_1e8vcs8._.js:776
[  215120ms] [LOG] [Fast Refresh] done in 57ms @ http://localhost:3001/_next/static/chunks/node_modules_next_dist_1e8vcs8._.js:776
[  215154ms] [LOG] [Fast Refresh] done in 57ms @ http://localhost:3001/_next/static/chunks/node_modules_next_dist_1e8vcs8._.js:776
[  215189ms] [LOG] [Fast Refresh] done in 57ms @ http://localhost:3001/_next/static/chunks/node_modules_next_dist_1e8vcs8._.js:776
[  215225ms] [LOG] [Fast Refresh] done in 57ms @ http://localhost:3001/_next/static/chunks/node_modules_next_dist_1e8vcs8._.js:776
[  215259ms] [LOG] [Fast Refresh] done in 57ms @ http://localhost:3001/_next/static/chunks/node_modules_next_dist_1e8vcs8._.js:776
[  215295ms] [LOG] [Fast Refresh] done in 57ms @ http://localhost:3001/_next/static/chunks/node_modules_next_dist_1e8vcs8._.js:776
[  215329ms] [LOG] [Fast Refresh] done in 57ms @ http://localhost:3001/_next/static/chunks/node_modules_next_dist_1e8vcs8._.js:776
[  215363ms] [LOG] [Fast Refresh] done in 57ms @ http://localhost:3001/_next/static/chunks/node_modules_next_dist_1e8vcs8._.js:776
[  215397ms] [LOG] [Fast Refresh] done in 57ms @ http://localhost:3001/_next/static/chunks/node_modules_next_dist_1e8vcs8._.js:776
[  215433ms] [LOG] [Fast Refresh] done in 57ms @ http://localhost:3001/_next/static/chunks/node_modules_next_dist_1e8vcs8._.js:776
[  215468ms] [LOG] [Fast Refresh] done in 57ms @ http://localhost:3001/_next/static/chunks/node_modules_next_dist_1e8vcs8._.js:776
[  215503ms] [LOG] [Fast Refresh] done in 57ms @ http://localhost:3001/_next/static/chunks/node_modules_next_dist_1e8vcs8._.js:776
[  215539ms] [LOG] [Fast Refresh] done in 57ms @ http://localhost:3001/_next/static/chunks/node_modules_next_dist_1e8vcs8._.js:776
[  215573ms] [LOG] [Fast Refresh] done in 57ms @ http://localhost:3001/_next/static/chunks/node_modules_next_dist_1e8vcs8._.js:776
[  215609ms] [LOG] [Fast Refresh] done in 57ms @ http://localhost:3001/_next/static/chunks/node_modules_next_dist_1e8vcs8._.js:776
[  215644ms] [LOG] [Fast Refresh] done in 57ms @ http://localhost:3001/_next/static/chunks/node_modules_next_dist_1e8vcs8._.js:776
[  215680ms] [LOG] [Fast Refresh] done in 57ms @ http://localhost:3001/_next/static/chunks/node_modules_next_dist_1e8vcs8._.js:776
[  215714ms] [LOG] [Fast Refresh] done in 57ms @ http://localhost:3001/_next/static/chunks/node_modules_next_dist_1e8vcs8._.js:776
[  215748ms] [LOG] [Fast Refresh] done in 57ms @ http://localhost:3001/_next/static/chunks/node_modules_next_dist_1e8vcs8._.js:776
[  215783ms] [LOG] [Fast Refresh] done in 57ms @ http://localhost:3001/_next/static/chunks/node_modules_next_dist_1e8vcs8._.js:776
[  215817ms] [LOG] [Fast Refresh] done in 57ms @ http://localhost:3001/_next/static/chunks/node_modules_next_dist_1e8vcs8._.js:776
[  215852ms] [LOG] [Fast Refresh] done in 57ms @ http://localhost:3001/_next/static/chunks/node_modules_next_dist_1e8vcs8._.js:776
[  215886ms] [LOG] [Fast Refresh] done in 57ms @ http://localhost:3001/_next/static/chunks/node_modules_next_dist_1e8vcs8._.js:776
[  215921ms] [LOG] [Fast Refresh] done in 57ms @ http://localhost:3001/_next/static/chunks/node_modules_next_dist_1e8vcs8._.js:776
[  215956ms] [LOG] [Fast Refresh] done in 57ms @ http://localhost:3001/_next/static/chunks/node_modules_next_dist_1e8vcs8._.js:776
[  215990ms] [LOG] [Fast Refresh] done in 57ms @ http://localhost:3001/_next/static/chunks/node_modules_next_dist_1e8vcs8._.js:776
[  216026ms] [LOG] [Fast Refresh] done in 57ms @ http://localhost:3001/_next/static/chunks/node_modules_next_dist_1e8vcs8._.js:776
[  216061ms] [LOG] [Fast Refresh] done in 57ms @ http://localhost:3001/_next/static/chunks/node_modules_next_dist_1e8vcs8._.js:776
[  216095ms] [LOG] [Fast Refresh] done in 57ms @ http://localhost:3001/_next/static/chunks/node_modules_next_dist_1e8vcs8._.js:776
[  216130ms] [LOG] [Fast Refresh] done in 57ms @ http://localhost:3001/_next/static/chunks/node_modules_next_dist_1e8vcs8._.js:776
[  216164ms] [LOG] [Fast Refresh] done in 57ms @ http://localhost:3001/_next/static/chunks/node_modules_next_dist_1e8vcs8._.js:776
[  216198ms] [LOG] [Fast Refresh] done in 57ms @ http://localhost:3001/_next/static/chunks/node_modules_next_dist_1e8vcs8._.js:776
[  216233ms] [LOG] [Fast Refresh] done in 57ms @ http://localhost:3001/_next/static/chunks/node_modules_next_dist_1e8vcs8._.js:776
[  216267ms] [LOG] [Fast Refresh] done in 57ms @ http://localhost:3001/_next/static/chunks/node_modules_next_dist_1e8vcs8._.js:776
[  216302ms] [LOG] [Fast Refresh] done in 57ms @ http://localhost:3001/_next/static/chunks/node_modules_next_dist_1e8vcs8._.js:776
[  216336ms] [LOG] [Fast Refresh] done in 57ms @ http://localhost:3001/_next/static/chunks/node_modules_next_dist_1e8vcs8._.js:776
[  216371ms] [LOG] [Fast Refresh] done in 57ms @ http://localhost:3001/_next/static/chunks/node_modules_next_dist_1e8vcs8._.js:776
[  216405ms] [LOG] [Fast Refresh] done in 57ms @ http://localhost:3001/_next/static/chunks/node_modules_next_dist_1e8vcs8._.js:776
[  216439ms] [LOG] [Fast Refresh] done in 57ms @ http://localhost:3001/_next/static/chunks/node_modules_next_dist_1e8vcs8._.js:776
[  216473ms] [LOG] [Fast Refresh] done in 57ms @ http://localhost:3001/_next/static/chunks/node_modules_next_dist_1e8vcs8._.js:776
[  216508ms] [LOG] [Fast Refresh] done in 57ms @ http://localhost:3001/_next/static/chunks/node_modules_next_dist_1e8vcs8._.js:776
[  216543ms] [LOG] [Fast Refresh] done in 57ms @ http://localhost:3001/_next/static/chunks/node_modules_next_dist_1e8vcs8._.js:776
[  216578ms] [LOG] [Fast Refresh] done in 57ms @ http://localhost:3001/_next/static/chunks/node_modules_next_dist_1e8vcs8._.js:776
[  216613ms] [LOG] [Fast Refresh] done in 57ms @ http://localhost:3001/_next/static/chunks/node_modules_next_dist_1e8vcs8._.js:776
[  216647ms] [LOG] [Fast Refresh] done in 57ms @ http://localhost:3001/_next/static/chunks/node_modules_next_dist_1e8vcs8._.js:776
[  216682ms] [LOG] [Fast Refresh] done in 57ms @ http://localhost:3001/_next/static/chunks/node_modules_next_dist_1e8vcs8._.js:776
[  216718ms] [LOG] [Fast Refresh] done in 57ms @ http://localhost:3001/_next/static/chunks/node_modules_next_dist_1e8vcs8._.js:776
[  216753ms] [LOG] [Fast Refresh] done in 57ms @ http://localhost:3001/_next/static/chunks/node_modules_next_dist_1e8vcs8._.js:776
[  216789ms] [LOG] [Fast Refresh] done in 57ms @ http://localhost:3001/_next/static/chunks/node_modules_next_dist_1e8vcs8._.js:776
[  216823ms] [LOG] [Fast Refresh] done in 57ms @ http://localhost:3001/_next/static/chunks/node_modules_next_dist_1e8vcs8._.js:776
[  216857ms] [LOG] [Fast Refresh] done in 57ms @ http://localhost:3001/_next/static/chunks/node_modules_next_dist_1e8vcs8._.js:776
[  216891ms] [LOG] [Fast Refresh] done in 57ms @ http://localhost:3001/_next/static/chunks/node_modules_next_dist_1e8vcs8._.js:776
[  216925ms] [LOG] [Fast Refresh] done in 57ms @ http://localhost:3001/_next/static/chunks/node_modules_next_dist_1e8vcs8._.js:776
[  216960ms] [LOG] [Fast Refresh] done in 57ms @ http://localhost:3001/_next/static/chunks/node_modules_next_dist_1e8vcs8._.js:776
[  216995ms] [LOG] [Fast Refresh] done in 57ms @ http://localhost:3001/_next/static/chunks/node_modules_next_dist_1e8vcs8._.js:776
[  217031ms] [LOG] [Fast Refresh] done in 57ms @ http://localhost:3001/_next/static/chunks/node_modules_next_dist_1e8vcs8._.js:776
[  217066ms] [LOG] [Fast Refresh] done in 57ms @ http://localhost:3001/_next/static/chunks/node_modules_next_dist_1e8vcs8._.js:776
[  217101ms] [LOG] [Fast Refresh] done in 57ms @ http://localhost:3001/_next/static/chunks/node_modules_next_dist_1e8vcs8._.js:776
[  217136ms] [LOG] [Fast Refresh] done in 57ms @ http://localhost:3001/_next/static/chunks/node_modules_next_dist_1e8vcs8._.js:776
[  217171ms] [LOG] [Fast Refresh] done in 57ms @ http://localhost:3001/_next/static/chunks/node_modules_next_dist_1e8vcs8._.js:776
[  217206ms] [LOG] [Fast Refresh] done in 57ms @ http://localhost:3001/_next/static/chunks/node_modules_next_dist_1e8vcs8._.js:776
[  217240ms] [LOG] [Fast Refresh] done in 57ms @ http://localhost:3001/_next/static/chunks/node_modules_next_dist_1e8vcs8._.js:776
[  217275ms] [LOG] [Fast Refresh] done in 57ms @ http://localhost:3001/_next/static/chunks/node_modules_next_dist_1e8vcs8._.js:776
[  217308ms] [LOG] [Fast Refresh] done in 57ms @ http://localhost:3001/_next/static/chunks/node_modules_next_dist_1e8vcs8._.js:776
[  217343ms] [LOG] [Fast Refresh] done in 57ms @ http://localhost:3001/_next/static/chunks/node_modules_next_dist_1e8vcs8._.js:776
[  217378ms] [LOG] [Fast Refresh] done in 57ms @ http://localhost:3001/_next/static/chunks/node_modules_next_dist_1e8vcs8._.js:776
[  217412ms] [LOG] [Fast Refresh] done in 57ms @ http://localhost:3001/_next/static/chunks/node_modules_next_dist_1e8vcs8._.js:776
[  217447ms] [LOG] [Fast Refresh] done in 57ms @ http://localhost:3001/_next/static/chunks/node_modules_next_dist_1e8vcs8._.js:776
[  217482ms] [LOG] [Fast Refresh] done in 57ms @ http://localhost:3001/_next/static/chunks/node_modules_next_dist_1e8vcs8._.js:776
[  217516ms] [LOG] [Fast Refresh] done in 57ms @ http://localhost:3001/_next/static/chunks/node_modules_next_dist_1e8vcs8._.js:776
[  217550ms] [LOG] [Fast Refresh] done in 57ms @ http://localhost:3001/_next/static/chunks/node_modules_next_dist_1e8vcs8._.js:776
[  217585ms] [LOG] [Fast Refresh] done in 57ms @ http://localhost:3001/_next/static/chunks/node_modules_next_dist_1e8vcs8._.js:776
[  217621ms] [LOG] [Fast Refresh] done in 57ms @ http://localhost:3001/_next/static/chunks/node_modules_next_dist_1e8vcs8._.js:776
[  217656ms] [LOG] [Fast Refresh] done in 57ms @ http://localhost:3001/_next/static/chunks/node_modules_next_dist_1e8vcs8._.js:776
[  217691ms] [LOG] [Fast Refresh] done in 57ms @ http://localhost:3001/_next/static/chunks/node_modules_next_dist_1e8vcs8._.js:776
[  217727ms] [LOG] [Fast Refresh] done in 57ms @ http://localhost:3001/_next/static/chunks/node_modules_next_dist_1e8vcs8._.js:776
[  217761ms] [LOG] [Fast Refresh] done in 57ms @ http://localhost:3001/_next/static/chunks/node_modules_next_dist_1e8vcs8._.js:776
[  217796ms] [LOG] [Fast Refresh] done in 57ms @ http://localhost:3001/_next/static/chunks/node_modules_next_dist_1e8vcs8._.js:776
[  217831ms] [LOG] [Fast Refresh] done in 57ms @ http://localhost:3001/_next/static/chunks/node_modules_next_dist_1e8vcs8._.js:776
[  217864ms] [LOG] [Fast Refresh] done in 57ms @ http://localhost:3001/_next/static/chunks/node_modules_next_dist_1e8vcs8._.js:776
[  217900ms] [LOG] [Fast Refresh] done in 57ms @ http://localhost:3001/_next/static/chunks/node_modules_next_dist_1e8vcs8._.js:776
[  217934ms] [LOG] [Fast Refresh] done in 57ms @ http://localhost:3001/_next/static/chunks/node_modules_next_dist_1e8vcs8._.js:776
[  217969ms] [LOG] [Fast Refresh] done in 57ms @ http://localhost:3001/_next/static/chunks/node_modules_next_dist_1e8vcs8._.js:776
[  218003ms] [LOG] [Fast Refresh] done in 57ms @ http://localhost:3001/_next/static/chunks/node_modules_next_dist_1e8vcs8._.js:776
[  218038ms] [LOG] [Fast Refresh] done in 57ms @ http://localhost:3001/_next/static/chunks/node_modules_next_dist_1e8vcs8._.js:776
[  218072ms] [LOG] [Fast Refresh] done in 57ms @ http://localhost:3001/_next/static/chunks/node_modules_next_dist_1e8vcs8._.js:776
[  218107ms] [LOG] [Fast Refresh] done in 57ms @ http://localhost:3001/_next/static/chunks/node_modules_next_dist_1e8vcs8._.js:776
[  218142ms] [LOG] [Fast Refresh] done in 57ms @ http://localhost:3001/_next/static/chunks/node_modules_next_dist_1e8vcs8._.js:776
[  218175ms] [LOG] [Fast Refresh] done in 57ms @ http://localhost:3001/_next/static/chunks/node_modules_next_dist_1e8vcs8._.js:776
[  218209ms] [LOG] [Fast Refresh] done in 57ms @ http://localhost:3001/_next/static/chunks/node_modules_next_dist_1e8vcs8._.js:776
[  218244ms] [LOG] [Fast Refresh] done in 57ms @ http://localhost:3001/_next/static/chunks/node_modules_next_dist_1e8vcs8._.js:776
[  218278ms] [LOG] [Fast Refresh] done in 57ms @ http://localhost:3001/_next/static/chunks/node_modules_next_dist_1e8vcs8._.js:776
[  218312ms] [LOG] [Fast Refresh] done in 57ms @ http://localhost:3001/_next/static/chunks/node_modules_next_dist_1e8vcs8._.js:776
[  218348ms] [LOG] [Fast Refresh] done in 57ms @ http://localhost:3001/_next/static/chunks/node_modules_next_dist_1e8vcs8._.js:776
[  218383ms] [LOG] [Fast Refresh] done in 57ms @ http://localhost:3001/_next/static/chunks/node_modules_next_dist_1e8vcs8._.js:776
[  218418ms] [LOG] [Fast Refresh] done in 57ms @ http://localhost:3001/_next/static/chunks/node_modules_next_dist_1e8vcs8._.js:776
[  218452ms] [LOG] [Fast Refresh] done in 57ms @ http://localhost:3001/_next/static/chunks/node_modules_next_dist_1e8vcs8._.js:776
[  218487ms] [LOG] [Fast Refresh] done in 57ms @ http://localhost:3001/_next/static/chunks/node_modules_next_dist_1e8vcs8._.js:776
[  218522ms] [LOG] [Fast Refresh] done in 57ms @ http://localhost:3001/_next/static/chunks/node_modules_next_dist_1e8vcs8._.js:776
[  218556ms] [LOG] [Fast Refresh] done in 57ms @ http://localhost:3001/_next/static/chunks/node_modules_next_dist_1e8vcs8._.js:776
[  218590ms] [LOG] [Fast Refresh] done in 57ms @ http://localhost:3001/_next/static/chunks/node_modules_next_dist_1e8vcs8._.js:776
[  218625ms] [LOG] [Fast Refresh] done in 57ms @ http://localhost:3001/_next/static/chunks/node_modules_next_dist_1e8vcs8._.js:776
[  218660ms] [LOG] [Fast Refresh] done in 57ms @ http://localhost:3001/_next/static/chunks/node_modules_next_dist_1e8vcs8._.js:776
[  218694ms] [LOG] [Fast Refresh] done in 57ms @ http://localhost:3001/_next/static/chunks/node_modules_next_dist_1e8vcs8._.js:776
[  218729ms] [LOG] [Fast Refresh] done in 57ms @ http://localhost:3001/_next/static/chunks/node_modules_next_dist_1e8vcs8._.js:776
[  218764ms] [LOG] [Fast Refresh] done in 57ms @ http://localhost:3001/_next/static/chunks/node_modules_next_dist_1e8vcs8._.js:776
[  218798ms] [LOG] [Fast Refresh] done in 57ms @ http://localhost:3001/_next/static/chunks/node_modules_next_dist_1e8vcs8._.js:776
[  218832ms] [LOG] [Fast Refresh] done in 57ms @ http://localhost:3001/_next/static/chunks/node_modules_next_dist_1e8vcs8._.js:776
[  218867ms] [LOG] [Fast Refresh] done in 57ms @ http://localhost:3001/_next/static/chunks/node_modules_next_dist_1e8vcs8._.js:776
[  218901ms] [LOG] [Fast Refresh] done in 57ms @ http://localhost:3001/_next/static/chunks/node_modules_next_dist_1e8vcs8._.js:776
[  218938ms] [LOG] [Fast Refresh] done in 57ms @ http://localhost:3001/_next/static/chunks/node_modules_next_dist_1e8vcs8._.js:776
[  218972ms] [LOG] [Fast Refresh] done in 57ms @ http://localhost:3001/_next/static/chunks/node_modules_next_dist_1e8vcs8._.js:776
[  219010ms] [LOG] [Fast Refresh] done in 57ms @ http://localhost:3001/_next/static/chunks/node_modules_next_dist_1e8vcs8._.js:776
[  219045ms] [LOG] [Fast Refresh] done in 57ms @ http://localhost:3001/_next/static/chunks/node_modules_next_dist_1e8vcs8._.js:776
[  219079ms] [LOG] [Fast Refresh] done in 57ms @ http://localhost:3001/_next/static/chunks/node_modules_next_dist_1e8vcs8._.js:776
[  219114ms] [LOG] [Fast Refresh] done in 57ms @ http://localhost:3001/_next/static/chunks/node_modules_next_dist_1e8vcs8._.js:776
[  219148ms] [LOG] [Fast Refresh] done in 57ms @ http://localhost:3001/_next/static/chunks/node_modules_next_dist_1e8vcs8._.js:776
[  219182ms] [LOG] [Fast Refresh] done in 57ms @ http://localhost:3001/_next/static/chunks/node_modules_next_dist_1e8vcs8._.js:776
[  219217ms] [LOG] [Fast Refresh] done in 57ms @ http://localhost:3001/_next/static/chunks/node_modules_next_dist_1e8vcs8._.js:776
[  219252ms] [LOG] [Fast Refresh] done in 57ms @ http://localhost:3001/_next/static/chunks/node_modules_next_dist_1e8vcs8._.js:776
[  219287ms] [LOG] [Fast Refresh] done in 57ms @ http://localhost:3001/_next/static/chunks/node_modules_next_dist_1e8vcs8._.js:776
[  219322ms] [LOG] [Fast Refresh] done in 57ms @ http://localhost:3001/_next/static/chunks/node_modules_next_dist_1e8vcs8._.js:776
[  219357ms] [LOG] [Fast Refresh] done in 57ms @ http://localhost:3001/_next/static/chunks/node_modules_next_dist_1e8vcs8._.js:776
[  219392ms] [LOG] [Fast Refresh] done in 57ms @ http://localhost:3001/_next/static/chunks/node_modules_next_dist_1e8vcs8._.js:776
[  219426ms] [LOG] [Fast Refresh] done in 57ms @ http://localhost:3001/_next/static/chunks/node_modules_next_dist_1e8vcs8._.js:776
[  219461ms] [LOG] [Fast Refresh] done in 57ms @ http://localhost:3001/_next/static/chunks/node_modules_next_dist_1e8vcs8._.js:776
[  219496ms] [LOG] [Fast Refresh] done in 57ms @ http://localhost:3001/_next/static/chunks/node_modules_next_dist_1e8vcs8._.js:776
[  219529ms] [LOG] [Fast Refresh] done in 57ms @ http://localhost:3001/_next/static/chunks/node_modules_next_dist_1e8vcs8._.js:776
[  219563ms] [LOG] [Fast Refresh] done in 57ms @ http://localhost:3001/_next/static/chunks/node_modules_next_dist_1e8vcs8._.js:776
[  219598ms] [LOG] [Fast Refresh] done in 57ms @ http://localhost:3001/_next/static/chunks/node_modules_next_dist_1e8vcs8._.js:776
[  219633ms] [LOG] [Fast Refresh] done in 57ms @ http://localhost:3001/_next/static/chunks/node_modules_next_dist_1e8vcs8._.js:776
[  219668ms] [LOG] [Fast Refresh] done in 57ms @ http://localhost:3001/_next/static/chunks/node_modules_next_dist_1e8vcs8._.js:776
[  219703ms] [LOG] [Fast Refresh] done in 57ms @ http://localhost:3001/_next/static/chunks/node_modules_next_dist_1e8vcs8._.js:776
[  219737ms] [LOG] [Fast Refresh] done in 57ms @ http://localhost:3001/_next/static/chunks/node_modules_next_dist_1e8vcs8._.js:776
[  219772ms] [LOG] [Fast Refresh] done in 57ms @ http://localhost:3001/_next/static/chunks/node_modules_next_dist_1e8vcs8._.js:776
[  219806ms] [LOG] [Fast Refresh] done in 57ms @ http://localhost:3001/_next/static/chunks/node_modules_next_dist_1e8vcs8._.js:776
[  219841ms] [LOG] [Fast Refresh] done in 57ms @ http://localhost:3001/_next/static/chunks/node_modules_next_dist_1e8vcs8._.js:776
[  219875ms] [LOG] [Fast Refresh] done in 57ms @ http://localhost:3001/_next/static/chunks/node_modules_next_dist_1e8vcs8._.js:776
[  219909ms] [LOG] [Fast Refresh] done in 57ms @ http://localhost:3001/_next/static/chunks/node_modules_next_dist_1e8vcs8._.js:776
[  219946ms] [LOG] [Fast Refresh] done in 57ms @ http://localhost:3001/_next/static/chunks/node_modules_next_dist_1e8vcs8._.js:776
[  219980ms] [LOG] [Fast Refresh] done in 57ms @ http://localhost:3001/_next/static/chunks/node_modules_next_dist_1e8vcs8._.js:776
[  220014ms] [LOG] [Fast Refresh] done in 57ms @ http://localhost:3001/_next/static/chunks/node_modules_next_dist_1e8vcs8._.js:776
[  220048ms] [LOG] [Fast Refresh] done in 57ms @ http://localhost:3001/_next/static/chunks/node_modules_next_dist_1e8vcs8._.js:776
[  220083ms] [LOG] [Fast Refresh] done in 57ms @ http://localhost:3001/_next/static/chunks/node_modules_next_dist_1e8vcs8._.js:776
[  220118ms] [LOG] [Fast Refresh] done in 57ms @ http://localhost:3001/_next/static/chunks/node_modules_next_dist_1e8vcs8._.js:776
[  220153ms] [LOG] [Fast Refresh] done in 57ms @ http://localhost:3001/_next/static/chunks/node_modules_next_dist_1e8vcs8._.js:776
[  220187ms] [LOG] [Fast Refresh] done in 57ms @ http://localhost:3001/_next/static/chunks/node_modules_next_dist_1e8vcs8._.js:776
[  220221ms] [LOG] [Fast Refresh] done in 57ms @ http://localhost:3001/_next/static/chunks/node_modules_next_dist_1e8vcs8._.js:776
[  220256ms] [LOG] [Fast Refresh] done in 57ms @ http://localhost:3001/_next/static/chunks/node_modules_next_dist_1e8vcs8._.js:776
[  220290ms] [LOG] [Fast Refresh] done in 57ms @ http://localhost:3001/_next/static/chunks/node_modules_next_dist_1e8vcs8._.js:776
[  220325ms] [LOG] [Fast Refresh] done in 57ms @ http://localhost:3001/_next/static/chunks/node_modules_next_dist_1e8vcs8._.js:776
[  220360ms] [LOG] [Fast Refresh] done in 57ms @ http://localhost:3001/_next/static/chunks/node_modules_next_dist_1e8vcs8._.js:776
[  220396ms] [LOG] [Fast Refresh] done in 57ms @ http://localhost:3001/_next/static/chunks/node_modules_next_dist_1e8vcs8._.js:776
[  220431ms] [LOG] [Fast Refresh] done in 57ms @ http://localhost:3001/_next/static/chunks/node_modules_next_dist_1e8vcs8._.js:776
[  220466ms] [LOG] [Fast Refresh] done in 57ms @ http://localhost:3001/_next/static/chunks/node_modules_next_dist_1e8vcs8._.js:776
[  220499ms] [LOG] [Fast Refresh] done in 57ms @ http://localhost:3001/_next/static/chunks/node_modules_next_dist_1e8vcs8._.js:776
[  220533ms] [LOG] [Fast Refresh] done in 57ms @ http://localhost:3001/_next/static/chunks/node_modules_next_dist_1e8vcs8._.js:776
[  220568ms] [LOG] [Fast Refresh] done in 57ms @ http://localhost:3001/_next/static/chunks/node_modules_next_dist_1e8vcs8._.js:776
[  220602ms] [LOG] [Fast Refresh] done in 57ms @ http://localhost:3001/_next/static/chunks/node_modules_next_dist_1e8vcs8._.js:776
[  220636ms] [LOG] [Fast Refresh] done in 57ms @ http://localhost:3001/_next/static/chunks/node_modules_next_dist_1e8vcs8._.js:776
[  220670ms] [LOG] [Fast Refresh] done in 57ms @ http://localhost:3001/_next/static/chunks/node_modules_next_dist_1e8vcs8._.js:776
[  220705ms] [LOG] [Fast Refresh] done in 57ms @ http://localhost:3001/_next/static/chunks/node_modules_next_dist_1e8vcs8._.js:776
[  220740ms] [LOG] [Fast Refresh] done in 57ms @ http://localhost:3001/_next/static/chunks/node_modules_next_dist_1e8vcs8._.js:776
[  220776ms] [LOG] [Fast Refresh] done in 57ms @ http://localhost:3001/_next/static/chunks/node_modules_next_dist_1e8vcs8._.js:776
[  220810ms] [LOG] [Fast Refresh] done in 57ms @ http://localhost:3001/_next/static/chunks/node_modules_next_dist_1e8vcs8._.js:776
[  220844ms] [LOG] [Fast Refresh] done in 57ms @ http://localhost:3001/_next/static/chunks/node_modules_next_dist_1e8vcs8._.js:776
[  220878ms] [LOG] [Fast Refresh] done in 57ms @ http://localhost:3001/_next/static/chunks/node_modules_next_dist_1e8vcs8._.js:776
[  220913ms] [LOG] [Fast Refresh] done in 57ms @ http://localhost:3001/_next/static/chunks/node_modules_next_dist_1e8vcs8._.js:776
[  220947ms] [LOG] [Fast Refresh] done in 57ms @ http://localhost:3001/_next/static/chunks/node_modules_next_dist_1e8vcs8._.js:776
[  220982ms] [LOG] [Fast Refresh] done in 57ms @ http://localhost:3001/_next/static/chunks/node_modules_next_dist_1e8vcs8._.js:776
[  221017ms] [LOG] [Fast Refresh] done in 57ms @ http://localhost:3001/_next/static/chunks/node_modules_next_dist_1e8vcs8._.js:776
[  221051ms] [LOG] [Fast Refresh] done in 57ms @ http://localhost:3001/_next/static/chunks/node_modules_next_dist_1e8vcs8._.js:776
[  221085ms] [LOG] [Fast Refresh] done in 57ms @ http://localhost:3001/_next/static/chunks/node_modules_next_dist_1e8vcs8._.js:776
[  221119ms] [LOG] [Fast Refresh] done in 57ms @ http://localhost:3001/_next/static/chunks/node_modules_next_dist_1e8vcs8._.js:776
[  221154ms] [LOG] [Fast Refresh] done in 57ms @ http://localhost:3001/_next/static/chunks/node_modules_next_dist_1e8vcs8._.js:776
[  221189ms] [LOG] [Fast Refresh] done in 57ms @ http://localhost:3001/_next/static/chunks/node_modules_next_dist_1e8vcs8._.js:776
[  221223ms] [LOG] [Fast Refresh] done in 57ms @ http://localhost:3001/_next/static/chunks/node_modules_next_dist_1e8vcs8._.js:776
[  221258ms] [LOG] [Fast Refresh] done in 57ms @ http://localhost:3001/_next/static/chunks/node_modules_next_dist_1e8vcs8._.js:776
[  221292ms] [LOG] [Fast Refresh] done in 57ms @ http://localhost:3001/_next/static/chunks/node_modules_next_dist_1e8vcs8._.js:776
[  221325ms] [LOG] [Fast Refresh] done in 57ms @ http://localhost:3001/_next/static/chunks/node_modules_next_dist_1e8vcs8._.js:776
[  221361ms] [LOG] [Fast Refresh] done in 57ms @ http://localhost:3001/_next/static/chunks/node_modules_next_dist_1e8vcs8._.js:776
[  221396ms] [LOG] [Fast Refresh] done in 57ms @ http://localhost:3001/_next/static/chunks/node_modules_next_dist_1e8vcs8._.js:776
[  221432ms] [LOG] [Fast Refresh] done in 57ms @ http://localhost:3001/_next/static/chunks/node_modules_next_dist_1e8vcs8._.js:776
[  221466ms] [LOG] [Fast Refresh] done in 57ms @ http://localhost:3001/_next/static/chunks/node_modules_next_dist_1e8vcs8._.js:776
[  221501ms] [LOG] [Fast Refresh] done in 57ms @ http://localhost:3001/_next/static/chunks/node_modules_next_dist_1e8vcs8._.js:776
[  221537ms] [LOG] [Fast Refresh] done in 57ms @ http://localhost:3001/_next/static/chunks/node_modules_next_dist_1e8vcs8._.js:776
[  221572ms] [LOG] [Fast Refresh] done in 57ms @ http://localhost:3001/_next/static/chunks/node_modules_next_dist_1e8vcs8._.js:776
[  221606ms] [LOG] [Fast Refresh] done in 57ms @ http://localhost:3001/_next/static/chunks/node_modules_next_dist_1e8vcs8._.js:776
[  221641ms] [LOG] [Fast Refresh] done in 57ms @ http://localhost:3001/_next/static/chunks/node_modules_next_dist_1e8vcs8._.js:776
[  221676ms] [LOG] [Fast Refresh] done in 57ms @ http://localhost:3001/_next/static/chunks/node_modules_next_dist_1e8vcs8._.js:776
[  221710ms] [LOG] [Fast Refresh] done in 57ms @ http://localhost:3001/_next/static/chunks/node_modules_next_dist_1e8vcs8._.js:776
[  221744ms] [LOG] [Fast Refresh] done in 57ms @ http://localhost:3001/_next/static/chunks/node_modules_next_dist_1e8vcs8._.js:776
[  221779ms] [LOG] [Fast Refresh] done in 57ms @ http://localhost:3001/_next/static/chunks/node_modules_next_dist_1e8vcs8._.js:776
[  221814ms] [LOG] [Fast Refresh] done in 57ms @ http://localhost:3001/_next/static/chunks/node_modules_next_dist_1e8vcs8._.js:776
[  221849ms] [LOG] [Fast Refresh] done in 57ms @ http://localhost:3001/_next/static/chunks/node_modules_next_dist_1e8vcs8._.js:776
[  221884ms] [LOG] [Fast Refresh] done in 57ms @ http://localhost:3001/_next/static/chunks/node_modules_next_dist_1e8vcs8._.js:776
[  221919ms] [LOG] [Fast Refresh] done in 57ms @ http://localhost:3001/_next/static/chunks/node_modules_next_dist_1e8vcs8._.js:776
[  221954ms] [LOG] [Fast Refresh] done in 57ms @ http://localhost:3001/_next/static/chunks/node_modules_next_dist_1e8vcs8._.js:776
[  221989ms] [LOG] [Fast Refresh] done in 57ms @ http://localhost:3001/_next/static/chunks/node_modules_next_dist_1e8vcs8._.js:776
[  222023ms] [LOG] [Fast Refresh] done in 57ms @ http://localhost:3001/_next/static/chunks/node_modules_next_dist_1e8vcs8._.js:776
[  222057ms] [LOG] [Fast Refresh] done in 57ms @ http://localhost:3001/_next/static/chunks/node_modules_next_dist_1e8vcs8._.js:776
[  222092ms] [LOG] [Fast Refresh] done in 57ms @ http://localhost:3001/_next/static/chunks/node_modules_next_dist_1e8vcs8._.js:776
[  222126ms] [LOG] [Fast Refresh] done in 57ms @ http://localhost:3001/_next/static/chunks/node_modules_next_dist_1e8vcs8._.js:776
[  222161ms] [LOG] [Fast Refresh] done in 57ms @ http://localhost:3001/_next/static/chunks/node_modules_next_dist_1e8vcs8._.js:776
[  222196ms] [LOG] [Fast Refresh] done in 57ms @ http://localhost:3001/_next/static/chunks/node_modules_next_dist_1e8vcs8._.js:776
[  222230ms] [LOG] [Fast Refresh] done in 57ms @ http://localhost:3001/_next/static/chunks/node_modules_next_dist_1e8vcs8._.js:776
[  222265ms] [LOG] [Fast Refresh] done in 57ms @ http://localhost:3001/_next/static/chunks/node_modules_next_dist_1e8vcs8._.js:776
[  222299ms] [LOG] [Fast Refresh] done in 57ms @ http://localhost:3001/_next/static/chunks/node_modules_next_dist_1e8vcs8._.js:776
[  222335ms] [LOG] [Fast Refresh] done in 57ms @ http://localhost:3001/_next/static/chunks/node_modules_next_dist_1e8vcs8._.js:776
[  222370ms] [LOG] [Fast Refresh] done in 57ms @ http://localhost:3001/_next/static/chunks/node_modules_next_dist_1e8vcs8._.js:776
[  222405ms] [LOG] [Fast Refresh] done in 57ms @ http://localhost:3001/_next/static/chunks/node_modules_next_dist_1e8vcs8._.js:776
[  222441ms] [LOG] [Fast Refresh] done in 57ms @ http://localhost:3001/_next/static/chunks/node_modules_next_dist_1e8vcs8._.js:776
[  222475ms] [LOG] [Fast Refresh] done in 57ms @ http://localhost:3001/_next/static/chunks/node_modules_next_dist_1e8vcs8._.js:776
[  222510ms] [LOG] [Fast Refresh] done in 57ms @ http://localhost:3001/_next/static/chunks/node_modules_next_dist_1e8vcs8._.js:776
[  222546ms] [LOG] [Fast Refresh] done in 57ms @ http://localhost:3001/_next/static/chunks/node_modules_next_dist_1e8vcs8._.js:776
[  222581ms] [LOG] [Fast Refresh] done in 57ms @ http://localhost:3001/_next/static/chunks/node_modules_next_dist_1e8vcs8._.js:776
[  222617ms] [LOG] [Fast Refresh] done in 57ms @ http://localhost:3001/_next/static/chunks/node_modules_next_dist_1e8vcs8._.js:776
[  222651ms] [LOG] [Fast Refresh] done in 57ms @ http://localhost:3001/_next/static/chunks/node_modules_next_dist_1e8vcs8._.js:776
[  222687ms] [LOG] [Fast Refresh] done in 57ms @ http://localhost:3001/_next/static/chunks/node_modules_next_dist_1e8vcs8._.js:776
[  222722ms] [LOG] [Fast Refresh] done in 57ms @ http://localhost:3001/_next/static/chunks/node_modules_next_dist_1e8vcs8._.js:776
[  222757ms] [LOG] [Fast Refresh] done in 57ms @ http://localhost:3001/_next/static/chunks/node_modules_next_dist_1e8vcs8._.js:776
[  222792ms] [LOG] [Fast Refresh] done in 57ms @ http://localhost:3001/_next/static/chunks/node_modules_next_dist_1e8vcs8._.js:776
[  222827ms] [LOG] [Fast Refresh] done in 57ms @ http://localhost:3001/_next/static/chunks/node_modules_next_dist_1e8vcs8._.js:776
[  222862ms] [LOG] [Fast Refresh] done in 57ms @ http://localhost:3001/_next/static/chunks/node_modules_next_dist_1e8vcs8._.js:776
[  222896ms] [LOG] [Fast Refresh] done in 57ms @ http://localhost:3001/_next/static/chunks/node_modules_next_dist_1e8vcs8._.js:776
[  222931ms] [LOG] [Fast Refresh] done in 57ms @ http://localhost:3001/_next/static/chunks/node_modules_next_dist_1e8vcs8._.js:776
[  222965ms] [LOG] [Fast Refresh] done in 57ms @ http://localhost:3001/_next/static/chunks/node_modules_next_dist_1e8vcs8._.js:776
[  222999ms] [LOG] [Fast Refresh] done in 57ms @ http://localhost:3001/_next/static/chunks/node_modules_next_dist_1e8vcs8._.js:776
[  223033ms] [LOG] [Fast Refresh] done in 57ms @ http://localhost:3001/_next/static/chunks/node_modules_next_dist_1e8vcs8._.js:776
[  223068ms] [LOG] [Fast Refresh] done in 57ms @ http://localhost:3001/_next/static/chunks/node_modules_next_dist_1e8vcs8._.js:776
[  223103ms] [LOG] [Fast Refresh] done in 57ms @ http://localhost:3001/_next/static/chunks/node_modules_next_dist_1e8vcs8._.js:776
[  223138ms] [LOG] [Fast Refresh] done in 57ms @ http://localhost:3001/_next/static/chunks/node_modules_next_dist_1e8vcs8._.js:776
[  223172ms] [LOG] [Fast Refresh] done in 57ms @ http://localhost:3001/_next/static/chunks/node_modules_next_dist_1e8vcs8._.js:776
[  223207ms] [LOG] [Fast Refresh] done in 57ms @ http://localhost:3001/_next/static/chunks/node_modules_next_dist_1e8vcs8._.js:776
[  223242ms] [LOG] [Fast Refresh] done in 57ms @ http://localhost:3001/_next/static/chunks/node_modules_next_dist_1e8vcs8._.js:776
[  223276ms] [LOG] [Fast Refresh] done in 57ms @ http://localhost:3001/_next/static/chunks/node_modules_next_dist_1e8vcs8._.js:776
[  223311ms] [LOG] [Fast Refresh] done in 57ms @ http://localhost:3001/_next/static/chunks/node_modules_next_dist_1e8vcs8._.js:776
[  223347ms] [LOG] [Fast Refresh] done in 57ms @ http://localhost:3001/_next/static/chunks/node_modules_next_dist_1e8vcs8._.js:776
[  223380ms] [LOG] [Fast Refresh] done in 57ms @ http://localhost:3001/_next/static/chunks/node_modules_next_dist_1e8vcs8._.js:776
[  223415ms] [LOG] [Fast Refresh] done in 57ms @ http://localhost:3001/_next/static/chunks/node_modules_next_dist_1e8vcs8._.js:776
[  223451ms] [LOG] [Fast Refresh] done in 57ms @ http://localhost:3001/_next/static/chunks/node_modules_next_dist_1e8vcs8._.js:776
[  223486ms] [LOG] [Fast Refresh] done in 57ms @ http://localhost:3001/_next/static/chunks/node_modules_next_dist_1e8vcs8._.js:776
[  223521ms] [LOG] [Fast Refresh] done in 57ms @ http://localhost:3001/_next/static/chunks/node_modules_next_dist_1e8vcs8._.js:776
[  223556ms] [LOG] [Fast Refresh] done in 57ms @ http://localhost:3001/_next/static/chunks/node_modules_next_dist_1e8vcs8._.js:776
[  223590ms] [LOG] [Fast Refresh] done in 57ms @ http://localhost:3001/_next/static/chunks/node_modules_next_dist_1e8vcs8._.js:776
[  223625ms] [LOG] [Fast Refresh] done in 57ms @ http://localhost:3001/_next/static/chunks/node_modules_next_dist_1e8vcs8._.js:776
[  223660ms] [LOG] [Fast Refresh] done in 57ms @ http://localhost:3001/_next/static/chunks/node_modules_next_dist_1e8vcs8._.js:776
[  223694ms] [LOG] [Fast Refresh] done in 57ms @ http://localhost:3001/_next/static/chunks/node_modules_next_dist_1e8vcs8._.js:776
[  223728ms] [LOG] [Fast Refresh] done in 57ms @ http://localhost:3001/_next/static/chunks/node_modules_next_dist_1e8vcs8._.js:776
[  223762ms] [LOG] [Fast Refresh] done in 57ms @ http://localhost:3001/_next/static/chunks/node_modules_next_dist_1e8vcs8._.js:776
[  223797ms] [LOG] [Fast Refresh] done in 57ms @ http://localhost:3001/_next/static/chunks/node_modules_next_dist_1e8vcs8._.js:776
[  223831ms] [LOG] [Fast Refresh] done in 57ms @ http://localhost:3001/_next/static/chunks/node_modules_next_dist_1e8vcs8._.js:776
[  223866ms] [LOG] [Fast Refresh] done in 57ms @ http://localhost:3001/_next/static/chunks/node_modules_next_dist_1e8vcs8._.js:776
[  223901ms] [LOG] [Fast Refresh] done in 57ms @ http://localhost:3001/_next/static/chunks/node_modules_next_dist_1e8vcs8._.js:776
[  223936ms] [LOG] [Fast Refresh] done in 57ms @ http://localhost:3001/_next/static/chunks/node_modules_next_dist_1e8vcs8._.js:776
[  223971ms] [LOG] [Fast Refresh] done in 57ms @ http://localhost:3001/_next/static/chunks/node_modules_next_dist_1e8vcs8._.js:776
[  224004ms] [LOG] [Fast Refresh] done in 57ms @ http://localhost:3001/_next/static/chunks/node_modules_next_dist_1e8vcs8._.js:776
[  224040ms] [LOG] [Fast Refresh] done in 57ms @ http://localhost:3001/_next/static/chunks/node_modules_next_dist_1e8vcs8._.js:776
[  224074ms] [LOG] [Fast Refresh] done in 57ms @ http://localhost:3001/_next/static/chunks/node_modules_next_dist_1e8vcs8._.js:776
[  224108ms] [LOG] [Fast Refresh] done in 57ms @ http://localhost:3001/_next/static/chunks/node_modules_next_dist_1e8vcs8._.js:776
[  224144ms] [LOG] [Fast Refresh] done in 57ms @ http://localhost:3001/_next/static/chunks/node_modules_next_dist_1e8vcs8._.js:776
[  224178ms] [LOG] [Fast Refresh] done in 57ms @ http://localhost:3001/_next/static/chunks/node_modules_next_dist_1e8vcs8._.js:776
[  224213ms] [LOG] [Fast Refresh] done in 57ms @ http://localhost:3001/_next/static/chunks/node_modules_next_dist_1e8vcs8._.js:776
[  224248ms] [LOG] [Fast Refresh] done in 57ms @ http://localhost:3001/_next/static/chunks/node_modules_next_dist_1e8vcs8._.js:776
[  224282ms] [LOG] [Fast Refresh] done in 57ms @ http://localhost:3001/_next/static/chunks/node_modules_next_dist_1e8vcs8._.js:776
[  224315ms] [LOG] [Fast Refresh] done in 57ms @ http://localhost:3001/_next/static/chunks/node_modules_next_dist_1e8vcs8._.js:776
[  224350ms] [LOG] [Fast Refresh] done in 57ms @ http://localhost:3001/_next/static/chunks/node_modules_next_dist_1e8vcs8._.js:776
[  224385ms] [LOG] [Fast Refresh] done in 57ms @ http://localhost:3001/_next/static/chunks/node_modules_next_dist_1e8vcs8._.js:776
[  224419ms] [LOG] [Fast Refresh] done in 57ms @ http://localhost:3001/_next/static/chunks/node_modules_next_dist_1e8vcs8._.js:776
[  224455ms] [LOG] [Fast Refresh] done in 57ms @ http://localhost:3001/_next/static/chunks/node_modules_next_dist_1e8vcs8._.js:776
[  224489ms] [LOG] [Fast Refresh] done in 57ms @ http://localhost:3001/_next/static/chunks/node_modules_next_dist_1e8vcs8._.js:776
[  224524ms] [LOG] [Fast Refresh] done in 57ms @ http://localhost:3001/_next/static/chunks/node_modules_next_dist_1e8vcs8._.js:776
[  224559ms] [LOG] [Fast Refresh] done in 57ms @ http://localhost:3001/_next/static/chunks/node_modules_next_dist_1e8vcs8._.js:776
[  224594ms] [LOG] [Fast Refresh] done in 57ms @ http://localhost:3001/_next/static/chunks/node_modules_next_dist_1e8vcs8._.js:776
[  224630ms] [LOG] [Fast Refresh] done in 57ms @ http://localhost:3001/_next/static/chunks/node_modules_next_dist_1e8vcs8._.js:776
[  224664ms] [LOG] [Fast Refresh] done in 57ms @ http://localhost:3001/_next/static/chunks/node_modules_next_dist_1e8vcs8._.js:776
[  224699ms] [LOG] [Fast Refresh] done in 57ms @ http://localhost:3001/_next/static/chunks/node_modules_next_dist_1e8vcs8._.js:776
[  224734ms] [LOG] [Fast Refresh] done in 57ms @ http://localhost:3001/_next/static/chunks/node_modules_next_dist_1e8vcs8._.js:776
[  224769ms] [LOG] [Fast Refresh] done in 57ms @ http://localhost:3001/_next/static/chunks/node_modules_next_dist_1e8vcs8._.js:776
[  224803ms] [LOG] [Fast Refresh] done in 57ms @ http://localhost:3001/_next/static/chunks/node_modules_next_dist_1e8vcs8._.js:776
[  224837ms] [LOG] [Fast Refresh] done in 57ms @ http://localhost:3001/_next/static/chunks/node_modules_next_dist_1e8vcs8._.js:776
[  224871ms] [LOG] [Fast Refresh] done in 57ms @ http://localhost:3001/_next/static/chunks/node_modules_next_dist_1e8vcs8._.js:776
[  224906ms] [LOG] [Fast Refresh] done in 57ms @ http://localhost:3001/_next/static/chunks/node_modules_next_dist_1e8vcs8._.js:776
[  224939ms] [LOG] [Fast Refresh] done in 57ms @ http://localhost:3001/_next/static/chunks/node_modules_next_dist_1e8vcs8._.js:776
[  224973ms] [LOG] [Fast Refresh] done in 57ms @ http://localhost:3001/_next/static/chunks/node_modules_next_dist_1e8vcs8._.js:776
[  225008ms] [LOG] [Fast Refresh] done in 57ms @ http://localhost:3001/_next/static/chunks/node_modules_next_dist_1e8vcs8._.js:776
[  225043ms] [LOG] [Fast Refresh] done in 57ms @ http://localhost:3001/_next/static/chunks/node_modules_next_dist_1e8vcs8._.js:776
[  225077ms] [LOG] [Fast Refresh] done in 57ms @ http://localhost:3001/_next/static/chunks/node_modules_next_dist_1e8vcs8._.js:776
[  225111ms] [LOG] [Fast Refresh] done in 57ms @ http://localhost:3001/_next/static/chunks/node_modules_next_dist_1e8vcs8._.js:776
[  225145ms] [LOG] [Fast Refresh] done in 57ms @ http://localhost:3001/_next/static/chunks/node_modules_next_dist_1e8vcs8._.js:776
[  225180ms] [LOG] [Fast Refresh] done in 57ms @ http://localhost:3001/_next/static/chunks/node_modules_next_dist_1e8vcs8._.js:776
[  225214ms] [LOG] [Fast Refresh] done in 57ms @ http://localhost:3001/_next/static/chunks/node_modules_next_dist_1e8vcs8._.js:776
[  225250ms] [LOG] [Fast Refresh] done in 57ms @ http://localhost:3001/_next/static/chunks/node_modules_next_dist_1e8vcs8._.js:776
[  225284ms] [LOG] [Fast Refresh] done in 57ms @ http://localhost:3001/_next/static/chunks/node_modules_next_dist_1e8vcs8._.js:776
[  225319ms] [LOG] [Fast Refresh] done in 57ms @ http://localhost:3001/_next/static/chunks/node_modules_next_dist_1e8vcs8._.js:776
[  225354ms] [LOG] [Fast Refresh] done in 57ms @ http://localhost:3001/_next/static/chunks/node_modules_next_dist_1e8vcs8._.js:776
[  225389ms] [LOG] [Fast Refresh] done in 57ms @ http://localhost:3001/_next/static/chunks/node_modules_next_dist_1e8vcs8._.js:776
[  225423ms] [LOG] [Fast Refresh] done in 57ms @ http://localhost:3001/_next/static/chunks/node_modules_next_dist_1e8vcs8._.js:776
[  225459ms] [LOG] [Fast Refresh] done in 57ms @ http://localhost:3001/_next/static/chunks/node_modules_next_dist_1e8vcs8._.js:776
[  225493ms] [LOG] [Fast Refresh] done in 57ms @ http://localhost:3001/_next/static/chunks/node_modules_next_dist_1e8vcs8._.js:776
[  225528ms] [LOG] [Fast Refresh] done in 57ms @ http://localhost:3001/_next/static/chunks/node_modules_next_dist_1e8vcs8._.js:776
[  225563ms] [LOG] [Fast Refresh] done in 57ms @ http://localhost:3001/_next/static/chunks/node_modules_next_dist_1e8vcs8._.js:776
[  225598ms] [LOG] [Fast Refresh] done in 57ms @ http://localhost:3001/_next/static/chunks/node_modules_next_dist_1e8vcs8._.js:776
[  225632ms] [LOG] [Fast Refresh] done in 57ms @ http://localhost:3001/_next/static/chunks/node_modules_next_dist_1e8vcs8._.js:776
[  225672ms] [LOG] [Fast Refresh] done in 57ms @ http://localhost:3001/_next/static/chunks/node_modules_next_dist_1e8vcs8._.js:776
[  225707ms] [LOG] [Fast Refresh] done in 57ms @ http://localhost:3001/_next/static/chunks/node_modules_next_dist_1e8vcs8._.js:776
[  225743ms] [LOG] [Fast Refresh] done in 57ms @ http://localhost:3001/_next/static/chunks/node_modules_next_dist_1e8vcs8._.js:776
[  225778ms] [LOG] [Fast Refresh] done in 57ms @ http://localhost:3001/_next/static/chunks/node_modules_next_dist_1e8vcs8._.js:776
[  225813ms] [LOG] [Fast Refresh] done in 57ms @ http://localhost:3001/_next/static/chunks/node_modules_next_dist_1e8vcs8._.js:776
[  225847ms] [LOG] [Fast Refresh] done in 57ms @ http://localhost:3001/_next/static/chunks/node_modules_next_dist_1e8vcs8._.js:776
[  225881ms] [LOG] [Fast Refresh] done in 57ms @ http://localhost:3001/_next/static/chunks/node_modules_next_dist_1e8vcs8._.js:776
[  225918ms] [LOG] [Fast Refresh] done in 57ms @ http://localhost:3001/_next/static/chunks/node_modules_next_dist_1e8vcs8._.js:776
[  225953ms] [LOG] [Fast Refresh] done in 57ms @ http://localhost:3001/_next/static/chunks/node_modules_next_dist_1e8vcs8._.js:776
[  225988ms] [LOG] [Fast Refresh] done in 57ms @ http://localhost:3001/_next/static/chunks/node_modules_next_dist_1e8vcs8._.js:776
[  226022ms] [LOG] [Fast Refresh] done in 57ms @ http://localhost:3001/_next/static/chunks/node_modules_next_dist_1e8vcs8._.js:776
[  226057ms] [LOG] [Fast Refresh] done in 57ms @ http://localhost:3001/_next/static/chunks/node_modules_next_dist_1e8vcs8._.js:776
[  226092ms] [LOG] [Fast Refresh] done in 57ms @ http://localhost:3001/_next/static/chunks/node_modules_next_dist_1e8vcs8._.js:776
[  226125ms] [LOG] [Fast Refresh] done in 57ms @ http://localhost:3001/_next/static/chunks/node_modules_next_dist_1e8vcs8._.js:776
[  226160ms] [LOG] [Fast Refresh] done in 57ms @ http://localhost:3001/_next/static/chunks/node_modules_next_dist_1e8vcs8._.js:776
[  226194ms] [LOG] [Fast Refresh] done in 57ms @ http://localhost:3001/_next/static/chunks/node_modules_next_dist_1e8vcs8._.js:776
[  226227ms] [LOG] [Fast Refresh] done in 57ms @ http://localhost:3001/_next/static/chunks/node_modules_next_dist_1e8vcs8._.js:776
[  226261ms] [LOG] [Fast Refresh] done in 57ms @ http://localhost:3001/_next/static/chunks/node_modules_next_dist_1e8vcs8._.js:776
[  226295ms] [LOG] [Fast Refresh] done in 57ms @ http://localhost:3001/_next/static/chunks/node_modules_next_dist_1e8vcs8._.js:776
[  226329ms] [LOG] [Fast Refresh] done in 57ms @ http://localhost:3001/_next/static/chunks/node_modules_next_dist_1e8vcs8._.js:776
[  226364ms] [LOG] [Fast Refresh] done in 57ms @ http://localhost:3001/_next/static/chunks/node_modules_next_dist_1e8vcs8._.js:776
[  226400ms] [LOG] [Fast Refresh] done in 57ms @ http://localhost:3001/_next/static/chunks/node_modules_next_dist_1e8vcs8._.js:776
[  226434ms] [LOG] [Fast Refresh] done in 57ms @ http://localhost:3001/_next/static/chunks/node_modules_next_dist_1e8vcs8._.js:776
[  226469ms] [LOG] [Fast Refresh] done in 57ms @ http://localhost:3001/_next/static/chunks/node_modules_next_dist_1e8vcs8._.js:776
[  226504ms] [LOG] [Fast Refresh] done in 57ms @ http://localhost:3001/_next/static/chunks/node_modules_next_dist_1e8vcs8._.js:776
[  226539ms] [LOG] [Fast Refresh] done in 57ms @ http://localhost:3001/_next/static/chunks/node_modules_next_dist_1e8vcs8._.js:776
[  226574ms] [LOG] [Fast Refresh] done in 57ms @ http://localhost:3001/_next/static/chunks/node_modules_next_dist_1e8vcs8._.js:776
[  226610ms] [LOG] [Fast Refresh] done in 57ms @ http://localhost:3001/_next/static/chunks/node_modules_next_dist_1e8vcs8._.js:776
[  226645ms] [LOG] [Fast Refresh] done in 57ms @ http://localhost:3001/_next/static/chunks/node_modules_next_dist_1e8vcs8._.js:776
[  226680ms] [LOG] [Fast Refresh] done in 57ms @ http://localhost:3001/_next/static/chunks/node_modules_next_dist_1e8vcs8._.js:776
[  226715ms] [LOG] [Fast Refresh] done in 57ms @ http://localhost:3001/_next/static/chunks/node_modules_next_dist_1e8vcs8._.js:776
[  226750ms] [LOG] [Fast Refresh] done in 57ms @ http://localhost:3001/_next/static/chunks/node_modules_next_dist_1e8vcs8._.js:776
[  226785ms] [LOG] [Fast Refresh] done in 57ms @ http://localhost:3001/_next/static/chunks/node_modules_next_dist_1e8vcs8._.js:776
[  226819ms] [LOG] [Fast Refresh] done in 57ms @ http://localhost:3001/_next/static/chunks/node_modules_next_dist_1e8vcs8._.js:776
[  226855ms] [LOG] [Fast Refresh] done in 57ms @ http://localhost:3001/_next/static/chunks/node_modules_next_dist_1e8vcs8._.js:776
[  226890ms] [LOG] [Fast Refresh] done in 57ms @ http://localhost:3001/_next/static/chunks/node_modules_next_dist_1e8vcs8._.js:776
[  226925ms] [LOG] [Fast Refresh] done in 57ms @ http://localhost:3001/_next/static/chunks/node_modules_next_dist_1e8vcs8._.js:776
[  226960ms] [LOG] [Fast Refresh] done in 57ms @ http://localhost:3001/_next/static/chunks/node_modules_next_dist_1e8vcs8._.js:776
[  226995ms] [LOG] [Fast Refresh] done in 57ms @ http://localhost:3001/_next/static/chunks/node_modules_next_dist_1e8vcs8._.js:776
[  227029ms] [LOG] [Fast Refresh] done in 57ms @ http://localhost:3001/_next/static/chunks/node_modules_next_dist_1e8vcs8._.js:776
[  227064ms] [LOG] [Fast Refresh] done in 57ms @ http://localhost:3001/_next/static/chunks/node_modules_next_dist_1e8vcs8._.js:776
[  227099ms] [LOG] [Fast Refresh] done in 57ms @ http://localhost:3001/_next/static/chunks/node_modules_next_dist_1e8vcs8._.js:776
[  227134ms] [LOG] [Fast Refresh] done in 57ms @ http://localhost:3001/_next/static/chunks/node_modules_next_dist_1e8vcs8._.js:776
[  227169ms] [LOG] [Fast Refresh] done in 57ms @ http://localhost:3001/_next/static/chunks/node_modules_next_dist_1e8vcs8._.js:776
[  227203ms] [LOG] [Fast Refresh] done in 57ms @ http://localhost:3001/_next/static/chunks/node_modules_next_dist_1e8vcs8._.js:776
[  227238ms] [LOG] [Fast Refresh] done in 57ms @ http://localhost:3001/_next/static/chunks/node_modules_next_dist_1e8vcs8._.js:776
[  227273ms] [LOG] [Fast Refresh] done in 57ms @ http://localhost:3001/_next/static/chunks/node_modules_next_dist_1e8vcs8._.js:776
[  227307ms] [LOG] [Fast Refresh] done in 57ms @ http://localhost:3001/_next/static/chunks/node_modules_next_dist_1e8vcs8._.js:776
[  227341ms] [LOG] [Fast Refresh] done in 57ms @ http://localhost:3001/_next/static/chunks/node_modules_next_dist_1e8vcs8._.js:776
[  227376ms] [LOG] [Fast Refresh] done in 57ms @ http://localhost:3001/_next/static/chunks/node_modules_next_dist_1e8vcs8._.js:776
[  227411ms] [LOG] [Fast Refresh] done in 57ms @ http://localhost:3001/_next/static/chunks/node_modules_next_dist_1e8vcs8._.js:776
[  227447ms] [LOG] [Fast Refresh] done in 57ms @ http://localhost:3001/_next/static/chunks/node_modules_next_dist_1e8vcs8._.js:776
[  227482ms] [LOG] [Fast Refresh] done in 57ms @ http://localhost:3001/_next/static/chunks/node_modules_next_dist_1e8vcs8._.js:776
[  227516ms] [LOG] [Fast Refresh] done in 57ms @ http://localhost:3001/_next/static/chunks/node_modules_next_dist_1e8vcs8._.js:776
[  227551ms] [LOG] [Fast Refresh] done in 57ms @ http://localhost:3001/_next/static/chunks/node_modules_next_dist_1e8vcs8._.js:776
[  227585ms] [LOG] [Fast Refresh] done in 57ms @ http://localhost:3001/_next/static/chunks/node_modules_next_dist_1e8vcs8._.js:776
[  227620ms] [LOG] [Fast Refresh] done in 57ms @ http://localhost:3001/_next/static/chunks/node_modules_next_dist_1e8vcs8._.js:776
[  227653ms] [LOG] [Fast Refresh] done in 57ms @ http://localhost:3001/_next/static/chunks/node_modules_next_dist_1e8vcs8._.js:776
[  227688ms] [LOG] [Fast Refresh] done in 57ms @ http://localhost:3001/_next/static/chunks/node_modules_next_dist_1e8vcs8._.js:776
[  227725ms] [LOG] [Fast Refresh] done in 57ms @ http://localhost:3001/_next/static/chunks/node_modules_next_dist_1e8vcs8._.js:776
[  227759ms] [LOG] [Fast Refresh] done in 57ms @ http://localhost:3001/_next/static/chunks/node_modules_next_dist_1e8vcs8._.js:776
[  227794ms] [LOG] [Fast Refresh] done in 57ms @ http://localhost:3001/_next/static/chunks/node_modules_next_dist_1e8vcs8._.js:776
[  227829ms] [LOG] [Fast Refresh] done in 57ms @ http://localhost:3001/_next/static/chunks/node_modules_next_dist_1e8vcs8._.js:776
[  227865ms] [LOG] [Fast Refresh] done in 57ms @ http://localhost:3001/_next/static/chunks/node_modules_next_dist_1e8vcs8._.js:776
[  227900ms] [LOG] [Fast Refresh] done in 57ms @ http://localhost:3001/_next/static/chunks/node_modules_next_dist_1e8vcs8._.js:776
[  227934ms] [LOG] [Fast Refresh] done in 57ms @ http://localhost:3001/_next/static/chunks/node_modules_next_dist_1e8vcs8._.js:776
[  227969ms] [LOG] [Fast Refresh] done in 57ms @ http://localhost:3001/_next/static/chunks/node_modules_next_dist_1e8vcs8._.js:776
[  228004ms] [LOG] [Fast Refresh] done in 57ms @ http://localhost:3001/_next/static/chunks/node_modules_next_dist_1e8vcs8._.js:776
[  228039ms] [LOG] [Fast Refresh] done in 57ms @ http://localhost:3001/_next/static/chunks/node_modules_next_dist_1e8vcs8._.js:776
[  228073ms] [LOG] [Fast Refresh] done in 57ms @ http://localhost:3001/_next/static/chunks/node_modules_next_dist_1e8vcs8._.js:776
[  228108ms] [LOG] [Fast Refresh] done in 57ms @ http://localhost:3001/_next/static/chunks/node_modules_next_dist_1e8vcs8._.js:776
[  228142ms] [LOG] [Fast Refresh] done in 57ms @ http://localhost:3001/_next/static/chunks/node_modules_next_dist_1e8vcs8._.js:776
[  228177ms] [LOG] [Fast Refresh] done in 57ms @ http://localhost:3001/_next/static/chunks/node_modules_next_dist_1e8vcs8._.js:776
[  228213ms] [LOG] [Fast Refresh] done in 57ms @ http://localhost:3001/_next/static/chunks/node_modules_next_dist_1e8vcs8._.js:776
[  228247ms] [LOG] [Fast Refresh] done in 57ms @ http://localhost:3001/_next/static/chunks/node_modules_next_dist_1e8vcs8._.js:776
[  228282ms] [LOG] [Fast Refresh] done in 57ms @ http://localhost:3001/_next/static/chunks/node_modules_next_dist_1e8vcs8._.js:776
[  228316ms] [LOG] [Fast Refresh] done in 57ms @ http://localhost:3001/_next/static/chunks/node_modules_next_dist_1e8vcs8._.js:776
[  228351ms] [LOG] [Fast Refresh] done in 57ms @ http://localhost:3001/_next/static/chunks/node_modules_next_dist_1e8vcs8._.js:776
[  228386ms] [LOG] [Fast Refresh] done in 57ms @ http://localhost:3001/_next/static/chunks/node_modules_next_dist_1e8vcs8._.js:776
[  228420ms] [LOG] [Fast Refresh] done in 57ms @ http://localhost:3001/_next/static/chunks/node_modules_next_dist_1e8vcs8._.js:776
[  228455ms] [LOG] [Fast Refresh] done in 57ms @ http://localhost:3001/_next/static/chunks/node_modules_next_dist_1e8vcs8._.js:776
[  228490ms] [LOG] [Fast Refresh] done in 57ms @ http://localhost:3001/_next/static/chunks/node_modules_next_dist_1e8vcs8._.js:776
[  228526ms] [LOG] [Fast Refresh] done in 57ms @ http://localhost:3001/_next/static/chunks/node_modules_next_dist_1e8vcs8._.js:776
[  228561ms] [LOG] [Fast Refresh] done in 57ms @ http://localhost:3001/_next/static/chunks/node_modules_next_dist_1e8vcs8._.js:776
[  228597ms] [LOG] [Fast Refresh] done in 57ms @ http://localhost:3001/_next/static/chunks/node_modules_next_dist_1e8vcs8._.js:776
[  228631ms] [LOG] [Fast Refresh] done in 57ms @ http://localhost:3001/_next/static/chunks/node_modules_next_dist_1e8vcs8._.js:776
[  228666ms] [LOG] [Fast Refresh] done in 57ms @ http://localhost:3001/_next/static/chunks/node_modules_next_dist_1e8vcs8._.js:776
[  228701ms] [LOG] [Fast Refresh] done in 57ms @ http://localhost:3001/_next/static/chunks/node_modules_next_dist_1e8vcs8._.js:776
[  228734ms] [LOG] [Fast Refresh] done in 57ms @ http://localhost:3001/_next/static/chunks/node_modules_next_dist_1e8vcs8._.js:776
[  228769ms] [LOG] [Fast Refresh] done in 57ms @ http://localhost:3001/_next/static/chunks/node_modules_next_dist_1e8vcs8._.js:776
[  228804ms] [LOG] [Fast Refresh] done in 57ms @ http://localhost:3001/_next/static/chunks/node_modules_next_dist_1e8vcs8._.js:776
[  228839ms] [LOG] [Fast Refresh] done in 57ms @ http://localhost:3001/_next/static/chunks/node_modules_next_dist_1e8vcs8._.js:776
[  228873ms] [LOG] [Fast Refresh] done in 57ms @ http://localhost:3001/_next/static/chunks/node_modules_next_dist_1e8vcs8._.js:776
[  228908ms] [LOG] [Fast Refresh] done in 57ms @ http://localhost:3001/_next/static/chunks/node_modules_next_dist_1e8vcs8._.js:776
[  228943ms] [LOG] [Fast Refresh] done in 57ms @ http://localhost:3001/_next/static/chunks/node_modules_next_dist_1e8vcs8._.js:776
[  228978ms] [LOG] [Fast Refresh] done in 57ms @ http://localhost:3001/_next/static/chunks/node_modules_next_dist_1e8vcs8._.js:776
[  229013ms] [LOG] [Fast Refresh] done in 57ms @ http://localhost:3001/_next/static/chunks/node_modules_next_dist_1e8vcs8._.js:776
[  229048ms] [LOG] [Fast Refresh] done in 57ms @ http://localhost:3001/_next/static/chunks/node_modules_next_dist_1e8vcs8._.js:776
[  229083ms] [LOG] [Fast Refresh] done in 57ms @ http://localhost:3001/_next/static/chunks/node_modules_next_dist_1e8vcs8._.js:776
[  229117ms] [LOG] [Fast Refresh] done in 57ms @ http://localhost:3001/_next/static/chunks/node_modules_next_dist_1e8vcs8._.js:776
[  229153ms] [LOG] [Fast Refresh] done in 57ms @ http://localhost:3001/_next/static/chunks/node_modules_next_dist_1e8vcs8._.js:776
[  229189ms] [LOG] [Fast Refresh] done in 57ms @ http://localhost:3001/_next/static/chunks/node_modules_next_dist_1e8vcs8._.js:776
[  229223ms] [LOG] [Fast Refresh] done in 57ms @ http://localhost:3001/_next/static/chunks/node_modules_next_dist_1e8vcs8._.js:776
[  229259ms] [LOG] [Fast Refresh] done in 57ms @ http://localhost:3001/_next/static/chunks/node_modules_next_dist_1e8vcs8._.js:776
[  229293ms] [LOG] [Fast Refresh] done in 57ms @ http://localhost:3001/_next/static/chunks/node_modules_next_dist_1e8vcs8._.js:776
[  229328ms] [LOG] [Fast Refresh] done in 57ms @ http://localhost:3001/_next/static/chunks/node_modules_next_dist_1e8vcs8._.js:776
[  229363ms] [LOG] [Fast Refresh] done in 57ms @ http://localhost:3001/_next/static/chunks/node_modules_next_dist_1e8vcs8._.js:776
[  229397ms] [LOG] [Fast Refresh] done in 57ms @ http://localhost:3001/_next/static/chunks/node_modules_next_dist_1e8vcs8._.js:776
[  229431ms] [LOG] [Fast Refresh] done in 57ms @ http://localhost:3001/_next/static/chunks/node_modules_next_dist_1e8vcs8._.js:776
[  229467ms] [LOG] [Fast Refresh] done in 57ms @ http://localhost:3001/_next/static/chunks/node_modules_next_dist_1e8vcs8._.js:776
[  229501ms] [LOG] [Fast Refresh] done in 57ms @ http://localhost:3001/_next/static/chunks/node_modules_next_dist_1e8vcs8._.js:776
[  229534ms] [LOG] [Fast Refresh] done in 57ms @ http://localhost:3001/_next/static/chunks/node_modules_next_dist_1e8vcs8._.js:776
[  229567ms] [LOG] [Fast Refresh] done in 57ms @ http://localhost:3001/_next/static/chunks/node_modules_next_dist_1e8vcs8._.js:776
[  229602ms] [LOG] [Fast Refresh] done in 57ms @ http://localhost:3001/_next/static/chunks/node_modules_next_dist_1e8vcs8._.js:776
[  229638ms] [LOG] [Fast Refresh] done in 57ms @ http://localhost:3001/_next/static/chunks/node_modules_next_dist_1e8vcs8._.js:776
[  229673ms] [LOG] [Fast Refresh] done in 57ms @ http://localhost:3001/_next/static/chunks/node_modules_next_dist_1e8vcs8._.js:776
[  229707ms] [LOG] [Fast Refresh] done in 57ms @ http://localhost:3001/_next/static/chunks/node_modules_next_dist_1e8vcs8._.js:776
[  229741ms] [LOG] [Fast Refresh] done in 57ms @ http://localhost:3001/_next/static/chunks/node_modules_next_dist_1e8vcs8._.js:776
[  229777ms] [LOG] [Fast Refresh] done in 57ms @ http://localhost:3001/_next/static/chunks/node_modules_next_dist_1e8vcs8._.js:776
[  229811ms] [LOG] [Fast Refresh] done in 57ms @ http://localhost:3001/_next/static/chunks/node_modules_next_dist_1e8vcs8._.js:776
[  229845ms] [LOG] [Fast Refresh] done in 57ms @ http://localhost:3001/_next/static/chunks/node_modules_next_dist_1e8vcs8._.js:776
[  229879ms] [LOG] [Fast Refresh] done in 57ms @ http://localhost:3001/_next/static/chunks/node_modules_next_dist_1e8vcs8._.js:776
[  229914ms] [LOG] [Fast Refresh] done in 57ms @ http://localhost:3001/_next/static/chunks/node_modules_next_dist_1e8vcs8._.js:776
[  229950ms] [LOG] [Fast Refresh] done in 57ms @ http://localhost:3001/_next/static/chunks/node_modules_next_dist_1e8vcs8._.js:776
[  229985ms] [LOG] [Fast Refresh] done in 57ms @ http://localhost:3001/_next/static/chunks/node_modules_next_dist_1e8vcs8._.js:776
[  230019ms] [LOG] [Fast Refresh] done in 57ms @ http://localhost:3001/_next/static/chunks/node_modules_next_dist_1e8vcs8._.js:776
[  230054ms] [LOG] [Fast Refresh] done in 57ms @ http://localhost:3001/_next/static/chunks/node_modules_next_dist_1e8vcs8._.js:776
[  230090ms] [LOG] [Fast Refresh] done in 57ms @ http://localhost:3001/_next/static/chunks/node_modules_next_dist_1e8vcs8._.js:776
[  230125ms] [LOG] [Fast Refresh] done in 57ms @ http://localhost:3001/_next/static/chunks/node_modules_next_dist_1e8vcs8._.js:776
[  230160ms] [LOG] [Fast Refresh] done in 57ms @ http://localhost:3001/_next/static/chunks/node_modules_next_dist_1e8vcs8._.js:776
[  230195ms] [LOG] [Fast Refresh] done in 57ms @ http://localhost:3001/_next/static/chunks/node_modules_next_dist_1e8vcs8._.js:776
[  230229ms] [LOG] [Fast Refresh] done in 57ms @ http://localhost:3001/_next/static/chunks/node_modules_next_dist_1e8vcs8._.js:776
[  230265ms] [LOG] [Fast Refresh] done in 57ms @ http://localhost:3001/_next/static/chunks/node_modules_next_dist_1e8vcs8._.js:776
[  230300ms] [LOG] [Fast Refresh] done in 57ms @ http://localhost:3001/_next/static/chunks/node_modules_next_dist_1e8vcs8._.js:776
[  230334ms] [LOG] [Fast Refresh] done in 57ms @ http://localhost:3001/_next/static/chunks/node_modules_next_dist_1e8vcs8._.js:776
[  230369ms] [LOG] [Fast Refresh] done in 57ms @ http://localhost:3001/_next/static/chunks/node_modules_next_dist_1e8vcs8._.js:776
[  230405ms] [LOG] [Fast Refresh] done in 57ms @ http://localhost:3001/_next/static/chunks/node_modules_next_dist_1e8vcs8._.js:776
[  230440ms] [LOG] [Fast Refresh] done in 57ms @ http://localhost:3001/_next/static/chunks/node_modules_next_dist_1e8vcs8._.js:776
[  230475ms] [LOG] [Fast Refresh] done in 57ms @ http://localhost:3001/_next/static/chunks/node_modules_next_dist_1e8vcs8._.js:776
[  230508ms] [LOG] [Fast Refresh] done in 57ms @ http://localhost:3001/_next/static/chunks/node_modules_next_dist_1e8vcs8._.js:776
[  230542ms] [LOG] [Fast Refresh] done in 57ms @ http://localhost:3001/_next/static/chunks/node_modules_next_dist_1e8vcs8._.js:776
[  230577ms] [LOG] [Fast Refresh] done in 57ms @ http://localhost:3001/_next/static/chunks/node_modules_next_dist_1e8vcs8._.js:776
[  230612ms] [LOG] [Fast Refresh] done in 57ms @ http://localhost:3001/_next/static/chunks/node_modules_next_dist_1e8vcs8._.js:776
[  230655ms] [LOG] [Fast Refresh] done in 57ms @ http://localhost:3001/_next/static/chunks/node_modules_next_dist_1e8vcs8._.js:776
[  230690ms] [LOG] [Fast Refresh] done in 57ms @ http://localhost:3001/_next/static/chunks/node_modules_next_dist_1e8vcs8._.js:776
[  230725ms] [LOG] [Fast Refresh] done in 57ms @ http://localhost:3001/_next/static/chunks/node_modules_next_dist_1e8vcs8._.js:776
[  230759ms] [LOG] [Fast Refresh] done in 57ms @ http://localhost:3001/_next/static/chunks/node_modules_next_dist_1e8vcs8._.js:776
[  230793ms] [LOG] [Fast Refresh] done in 57ms @ http://localhost:3001/_next/static/chunks/node_modules_next_dist_1e8vcs8._.js:776
[  230828ms] [LOG] [Fast Refresh] done in 57ms @ http://localhost:3001/_next/static/chunks/node_modules_next_dist_1e8vcs8._.js:776
[  230863ms] [LOG] [Fast Refresh] done in 57ms @ http://localhost:3001/_next/static/chunks/node_modules_next_dist_1e8vcs8._.js:776
[  230897ms] [LOG] [Fast Refresh] done in 57ms @ http://localhost:3001/_next/static/chunks/node_modules_next_dist_1e8vcs8._.js:776
[  230931ms] [LOG] [Fast Refresh] done in 57ms @ http://localhost:3001/_next/static/chunks/node_modules_next_dist_1e8vcs8._.js:776
[  230968ms] [LOG] [Fast Refresh] done in 57ms @ http://localhost:3001/_next/static/chunks/node_modules_next_dist_1e8vcs8._.js:776
[  231004ms] [LOG] [Fast Refresh] done in 57ms @ http://localhost:3001/_next/static/chunks/node_modules_next_dist_1e8vcs8._.js:776
[  231037ms] [LOG] [Fast Refresh] done in 57ms @ http://localhost:3001/_next/static/chunks/node_modules_next_dist_1e8vcs8._.js:776
[  231073ms] [LOG] [Fast Refresh] done in 57ms @ http://localhost:3001/_next/static/chunks/node_modules_next_dist_1e8vcs8._.js:776
[  231108ms] [LOG] [Fast Refresh] done in 57ms @ http://localhost:3001/_next/static/chunks/node_modules_next_dist_1e8vcs8._.js:776
[  231142ms] [LOG] [Fast Refresh] done in 57ms @ http://localhost:3001/_next/static/chunks/node_modules_next_dist_1e8vcs8._.js:776
[  231176ms] [LOG] [Fast Refresh] done in 57ms @ http://localhost:3001/_next/static/chunks/node_modules_next_dist_1e8vcs8._.js:776
[  231212ms] [LOG] [Fast Refresh] done in 57ms @ http://localhost:3001/_next/static/chunks/node_modules_next_dist_1e8vcs8._.js:776
[  231248ms] [LOG] [Fast Refresh] done in 57ms @ http://localhost:3001/_next/static/chunks/node_modules_next_dist_1e8vcs8._.js:776
[  231283ms] [LOG] [Fast Refresh] done in 57ms @ http://localhost:3001/_next/static/chunks/node_modules_next_dist_1e8vcs8._.js:776
[  231317ms] [LOG] [Fast Refresh] done in 57ms @ http://localhost:3001/_next/static/chunks/node_modules_next_dist_1e8vcs8._.js:776
[  231351ms] [LOG] [Fast Refresh] done in 57ms @ http://localhost:3001/_next/static/chunks/node_modules_next_dist_1e8vcs8._.js:776
[  231385ms] [LOG] [Fast Refresh] done in 57ms @ http://localhost:3001/_next/static/chunks/node_modules_next_dist_1e8vcs8._.js:776
[  231419ms] [LOG] [Fast Refresh] done in 57ms @ http://localhost:3001/_next/static/chunks/node_modules_next_dist_1e8vcs8._.js:776
[  231456ms] [LOG] [Fast Refresh] done in 57ms @ http://localhost:3001/_next/static/chunks/node_modules_next_dist_1e8vcs8._.js:776
[  231491ms] [LOG] [Fast Refresh] done in 57ms @ http://localhost:3001/_next/static/chunks/node_modules_next_dist_1e8vcs8._.js:776
[  231527ms] [LOG] [Fast Refresh] done in 57ms @ http://localhost:3001/_next/static/chunks/node_modules_next_dist_1e8vcs8._.js:776
[  231562ms] [LOG] [Fast Refresh] done in 57ms @ http://localhost:3001/_next/static/chunks/node_modules_next_dist_1e8vcs8._.js:776
[  231597ms] [LOG] [Fast Refresh] done in 57ms @ http://localhost:3001/_next/static/chunks/node_modules_next_dist_1e8vcs8._.js:776
[  231633ms] [LOG] [Fast Refresh] done in 57ms @ http://localhost:3001/_next/static/chunks/node_modules_next_dist_1e8vcs8._.js:776
[  231668ms] [LOG] [Fast Refresh] done in 57ms @ http://localhost:3001/_next/static/chunks/node_modules_next_dist_1e8vcs8._.js:776
[  231704ms] [LOG] [Fast Refresh] done in 57ms @ http://localhost:3001/_next/static/chunks/node_modules_next_dist_1e8vcs8._.js:776
[  231738ms] [LOG] [Fast Refresh] done in 57ms @ http://localhost:3001/_next/static/chunks/node_modules_next_dist_1e8vcs8._.js:776
[  231773ms] [LOG] [Fast Refresh] done in 57ms @ http://localhost:3001/_next/static/chunks/node_modules_next_dist_1e8vcs8._.js:776
[  231808ms] [LOG] [Fast Refresh] done in 57ms @ http://localhost:3001/_next/static/chunks/node_modules_next_dist_1e8vcs8._.js:776
[  231842ms] [LOG] [Fast Refresh] done in 57ms @ http://localhost:3001/_next/static/chunks/node_modules_next_dist_1e8vcs8._.js:776
[  231876ms] [LOG] [Fast Refresh] done in 57ms @ http://localhost:3001/_next/static/chunks/node_modules_next_dist_1e8vcs8._.js:776
[  231912ms] [LOG] [Fast Refresh] done in 57ms @ http://localhost:3001/_next/static/chunks/node_modules_next_dist_1e8vcs8._.js:776
[  231946ms] [LOG] [Fast Refresh] done in 57ms @ http://localhost:3001/_next/static/chunks/node_modules_next_dist_1e8vcs8._.js:776
[  231980ms] [LOG] [Fast Refresh] done in 57ms @ http://localhost:3001/_next/static/chunks/node_modules_next_dist_1e8vcs8._.js:776
[  232015ms] [LOG] [Fast Refresh] done in 57ms @ http://localhost:3001/_next/static/chunks/node_modules_next_dist_1e8vcs8._.js:776
[  232050ms] [LOG] [Fast Refresh] done in 57ms @ http://localhost:3001/_next/static/chunks/node_modules_next_dist_1e8vcs8._.js:776
[  232085ms] [LOG] [Fast Refresh] done in 57ms @ http://localhost:3001/_next/static/chunks/node_modules_next_dist_1e8vcs8._.js:776
[  232119ms] [LOG] [Fast Refresh] done in 57ms @ http://localhost:3001/_next/static/chunks/node_modules_next_dist_1e8vcs8._.js:776
[  232152ms] [LOG] [Fast Refresh] done in 57ms @ http://localhost:3001/_next/static/chunks/node_modules_next_dist_1e8vcs8._.js:776
[  232187ms] [LOG] [Fast Refresh] done in 57ms @ http://localhost:3001/_next/static/chunks/node_modules_next_dist_1e8vcs8._.js:776
[  232222ms] [LOG] [Fast Refresh] done in 57ms @ http://localhost:3001/_next/static/chunks/node_modules_next_dist_1e8vcs8._.js:776
[  232256ms] [LOG] [Fast Refresh] done in 57ms @ http://localhost:3001/_next/static/chunks/node_modules_next_dist_1e8vcs8._.js:776
[  232290ms] [LOG] [Fast Refresh] done in 57ms @ http://localhost:3001/_next/static/chunks/node_modules_next_dist_1e8vcs8._.js:776
[  232325ms] [LOG] [Fast Refresh] done in 57ms @ http://localhost:3001/_next/static/chunks/node_modules_next_dist_1e8vcs8._.js:776
[  232359ms] [LOG] [Fast Refresh] done in 57ms @ http://localhost:3001/_next/static/chunks/node_modules_next_dist_1e8vcs8._.js:776
[  232394ms] [LOG] [Fast Refresh] done in 57ms @ http://localhost:3001/_next/static/chunks/node_modules_next_dist_1e8vcs8._.js:776
[  232429ms] [LOG] [Fast Refresh] done in 57ms @ http://localhost:3001/_next/static/chunks/node_modules_next_dist_1e8vcs8._.js:776
[  232463ms] [LOG] [Fast Refresh] done in 57ms @ http://localhost:3001/_next/static/chunks/node_modules_next_dist_1e8vcs8._.js:776
[  232498ms] [LOG] [Fast Refresh] done in 57ms @ http://localhost:3001/_next/static/chunks/node_modules_next_dist_1e8vcs8._.js:776
[  232532ms] [LOG] [Fast Refresh] done in 57ms @ http://localhost:3001/_next/static/chunks/node_modules_next_dist_1e8vcs8._.js:776
[  232567ms] [LOG] [Fast Refresh] done in 57ms @ http://localhost:3001/_next/static/chunks/node_modules_next_dist_1e8vcs8._.js:776
[  232602ms] [LOG] [Fast Refresh] done in 57ms @ http://localhost:3001/_next/static/chunks/node_modules_next_dist_1e8vcs8._.js:776
[  232640ms] [LOG] [Fast Refresh] done in 57ms @ http://localhost:3001/_next/static/chunks/node_modules_next_dist_1e8vcs8._.js:776
[  232674ms] [LOG] [Fast Refresh] done in 57ms @ http://localhost:3001/_next/static/chunks/node_modules_next_dist_1e8vcs8._.js:776
[  232708ms] [LOG] [Fast Refresh] done in 57ms @ http://localhost:3001/_next/static/chunks/node_modules_next_dist_1e8vcs8._.js:776
[  232742ms] [LOG] [Fast Refresh] done in 57ms @ http://localhost:3001/_next/static/chunks/node_modules_next_dist_1e8vcs8._.js:776
[  232776ms] [LOG] [Fast Refresh] done in 57ms @ http://localhost:3001/_next/static/chunks/node_modules_next_dist_1e8vcs8._.js:776
[  232811ms] [LOG] [Fast Refresh] done in 57ms @ http://localhost:3001/_next/static/chunks/node_modules_next_dist_1e8vcs8._.js:776
[  232846ms] [LOG] [Fast Refresh] done in 57ms @ http://localhost:3001/_next/static/chunks/node_modules_next_dist_1e8vcs8._.js:776
[  232880ms] [LOG] [Fast Refresh] done in 57ms @ http://localhost:3001/_next/static/chunks/node_modules_next_dist_1e8vcs8._.js:776
[  232915ms] [LOG] [Fast Refresh] done in 57ms @ http://localhost:3001/_next/static/chunks/node_modules_next_dist_1e8vcs8._.js:776
[  232951ms] [LOG] [Fast Refresh] done in 57ms @ http://localhost:3001/_next/static/chunks/node_modules_next_dist_1e8vcs8._.js:776
[  232986ms] [LOG] [Fast Refresh] done in 57ms @ http://localhost:3001/_next/static/chunks/node_modules_next_dist_1e8vcs8._.js:776
[  233020ms] [LOG] [Fast Refresh] done in 57ms @ http://localhost:3001/_next/static/chunks/node_modules_next_dist_1e8vcs8._.js:776
[  233055ms] [LOG] [Fast Refresh] done in 57ms @ http://localhost:3001/_next/static/chunks/node_modules_next_dist_1e8vcs8._.js:776
[  233089ms] [LOG] [Fast Refresh] done in 57ms @ http://localhost:3001/_next/static/chunks/node_modules_next_dist_1e8vcs8._.js:776
[  233124ms] [LOG] [Fast Refresh] done in 57ms @ http://localhost:3001/_next/static/chunks/node_modules_next_dist_1e8vcs8._.js:776
[  233159ms] [LOG] [Fast Refresh] done in 57ms @ http://localhost:3001/_next/static/chunks/node_modules_next_dist_1e8vcs8._.js:776
[  233194ms] [LOG] [Fast Refresh] done in 57ms @ http://localhost:3001/_next/static/chunks/node_modules_next_dist_1e8vcs8._.js:776
[  233228ms] [LOG] [Fast Refresh] done in 57ms @ http://localhost:3001/_next/static/chunks/node_modules_next_dist_1e8vcs8._.js:776
[  233263ms] [LOG] [Fast Refresh] done in 57ms @ http://localhost:3001/_next/static/chunks/node_modules_next_dist_1e8vcs8._.js:776
[  233298ms] [LOG] [Fast Refresh] done in 57ms @ http://localhost:3001/_next/static/chunks/node_modules_next_dist_1e8vcs8._.js:776
[  233333ms] [LOG] [Fast Refresh] done in 57ms @ http://localhost:3001/_next/static/chunks/node_modules_next_dist_1e8vcs8._.js:776
[  233368ms] [LOG] [Fast Refresh] done in 57ms @ http://localhost:3001/_next/static/chunks/node_modules_next_dist_1e8vcs8._.js:776
[  233403ms] [LOG] [Fast Refresh] done in 57ms @ http://localhost:3001/_next/static/chunks/node_modules_next_dist_1e8vcs8._.js:776
[  233436ms] [LOG] [Fast Refresh] done in 57ms @ http://localhost:3001/_next/static/chunks/node_modules_next_dist_1e8vcs8._.js:776
[  233470ms] [LOG] [Fast Refresh] done in 57ms @ http://localhost:3001/_next/static/chunks/node_modules_next_dist_1e8vcs8._.js:776
[  233506ms] [LOG] [Fast Refresh] done in 57ms @ http://localhost:3001/_next/static/chunks/node_modules_next_dist_1e8vcs8._.js:776
[  233541ms] [LOG] [Fast Refresh] done in 57ms @ http://localhost:3001/_next/static/chunks/node_modules_next_dist_1e8vcs8._.js:776
[  233576ms] [LOG] [Fast Refresh] done in 57ms @ http://localhost:3001/_next/static/chunks/node_modules_next_dist_1e8vcs8._.js:776
[  233611ms] [LOG] [Fast Refresh] done in 57ms @ http://localhost:3001/_next/static/chunks/node_modules_next_dist_1e8vcs8._.js:776
[  233645ms] [LOG] [Fast Refresh] done in 57ms @ http://localhost:3001/_next/static/chunks/node_modules_next_dist_1e8vcs8._.js:776
[  233680ms] [LOG] [Fast Refresh] done in 57ms @ http://localhost:3001/_next/static/chunks/node_modules_next_dist_1e8vcs8._.js:776
[  233715ms] [LOG] [Fast Refresh] done in 57ms @ http://localhost:3001/_next/static/chunks/node_modules_next_dist_1e8vcs8._.js:776
[  233750ms] [LOG] [Fast Refresh] done in 57ms @ http://localhost:3001/_next/static/chunks/node_modules_next_dist_1e8vcs8._.js:776
[  233785ms] [LOG] [Fast Refresh] done in 57ms @ http://localhost:3001/_next/static/chunks/node_modules_next_dist_1e8vcs8._.js:776
[  233821ms] [LOG] [Fast Refresh] done in 57ms @ http://localhost:3001/_next/static/chunks/node_modules_next_dist_1e8vcs8._.js:776
[  233855ms] [LOG] [Fast Refresh] done in 57ms @ http://localhost:3001/_next/static/chunks/node_modules_next_dist_1e8vcs8._.js:776
[  233889ms] [LOG] [Fast Refresh] done in 57ms @ http://localhost:3001/_next/static/chunks/node_modules_next_dist_1e8vcs8._.js:776
[  233924ms] [LOG] [Fast Refresh] done in 57ms @ http://localhost:3001/_next/static/chunks/node_modules_next_dist_1e8vcs8._.js:776
[  233960ms] [LOG] [Fast Refresh] done in 57ms @ http://localhost:3001/_next/static/chunks/node_modules_next_dist_1e8vcs8._.js:776
[  233993ms] [LOG] [Fast Refresh] done in 57ms @ http://localhost:3001/_next/static/chunks/node_modules_next_dist_1e8vcs8._.js:776
[  234028ms] [LOG] [Fast Refresh] done in 57ms @ http://localhost:3001/_next/static/chunks/node_modules_next_dist_1e8vcs8._.js:776
[  234063ms] [LOG] [Fast Refresh] done in 57ms @ http://localhost:3001/_next/static/chunks/node_modules_next_dist_1e8vcs8._.js:776
[  234098ms] [LOG] [Fast Refresh] done in 57ms @ http://localhost:3001/_next/static/chunks/node_modules_next_dist_1e8vcs8._.js:776
[  234132ms] [LOG] [Fast Refresh] done in 57ms @ http://localhost:3001/_next/static/chunks/node_modules_next_dist_1e8vcs8._.js:776
[  234166ms] [LOG] [Fast Refresh] done in 57ms @ http://localhost:3001/_next/static/chunks/node_modules_next_dist_1e8vcs8._.js:776
[  234201ms] [LOG] [Fast Refresh] done in 57ms @ http://localhost:3001/_next/static/chunks/node_modules_next_dist_1e8vcs8._.js:776
[  234234ms] [LOG] [Fast Refresh] done in 57ms @ http://localhost:3001/_next/static/chunks/node_modules_next_dist_1e8vcs8._.js:776
[  234269ms] [LOG] [Fast Refresh] done in 57ms @ http://localhost:3001/_next/static/chunks/node_modules_next_dist_1e8vcs8._.js:776
[  234304ms] [LOG] [Fast Refresh] done in 57ms @ http://localhost:3001/_next/static/chunks/node_modules_next_dist_1e8vcs8._.js:776
[  234339ms] [LOG] [Fast Refresh] done in 57ms @ http://localhost:3001/_next/static/chunks/node_modules_next_dist_1e8vcs8._.js:776
[  234373ms] [LOG] [Fast Refresh] done in 57ms @ http://localhost:3001/_next/static/chunks/node_modules_next_dist_1e8vcs8._.js:776
[  234416ms] [LOG] [Fast Refresh] done in 57ms @ http://localhost:3001/_next/static/chunks/node_modules_next_dist_1e8vcs8._.js:776
[  234451ms] [LOG] [Fast Refresh] done in 57ms @ http://localhost:3001/_next/static/chunks/node_modules_next_dist_1e8vcs8._.js:776
[  234487ms] [LOG] [Fast Refresh] done in 57ms @ http://localhost:3001/_next/static/chunks/node_modules_next_dist_1e8vcs8._.js:776
[  234522ms] [LOG] [Fast Refresh] done in 57ms @ http://localhost:3001/_next/static/chunks/node_modules_next_dist_1e8vcs8._.js:776
[  234556ms] [LOG] [Fast Refresh] done in 57ms @ http://localhost:3001/_next/static/chunks/node_modules_next_dist_1e8vcs8._.js:776
[  234590ms] [LOG] [Fast Refresh] done in 57ms @ http://localhost:3001/_next/static/chunks/node_modules_next_dist_1e8vcs8._.js:776
[  234625ms] [LOG] [Fast Refresh] done in 57ms @ http://localhost:3001/_next/static/chunks/node_modules_next_dist_1e8vcs8._.js:776
[  234660ms] [LOG] [Fast Refresh] done in 57ms @ http://localhost:3001/_next/static/chunks/node_modules_next_dist_1e8vcs8._.js:776
[  234694ms] [LOG] [Fast Refresh] done in 57ms @ http://localhost:3001/_next/static/chunks/node_modules_next_dist_1e8vcs8._.js:776
[  234730ms] [LOG] [Fast Refresh] done in 57ms @ http://localhost:3001/_next/static/chunks/node_modules_next_dist_1e8vcs8._.js:776
[  234765ms] [LOG] [Fast Refresh] done in 57ms @ http://localhost:3001/_next/static/chunks/node_modules_next_dist_1e8vcs8._.js:776
[  234800ms] [LOG] [Fast Refresh] done in 57ms @ http://localhost:3001/_next/static/chunks/node_modules_next_dist_1e8vcs8._.js:776
[  234835ms] [LOG] [Fast Refresh] done in 57ms @ http://localhost:3001/_next/static/chunks/node_modules_next_dist_1e8vcs8._.js:776
[  234872ms] [LOG] [Fast Refresh] done in 57ms @ http://localhost:3001/_next/static/chunks/node_modules_next_dist_1e8vcs8._.js:776
[  234906ms] [LOG] [Fast Refresh] done in 57ms @ http://localhost:3001/_next/static/chunks/node_modules_next_dist_1e8vcs8._.js:776
[  234940ms] [LOG] [Fast Refresh] done in 57ms @ http://localhost:3001/_next/static/chunks/node_modules_next_dist_1e8vcs8._.js:776
[  234974ms] [LOG] [Fast Refresh] done in 57ms @ http://localhost:3001/_next/static/chunks/node_modules_next_dist_1e8vcs8._.js:776
[  235009ms] [LOG] [Fast Refresh] done in 57ms @ http://localhost:3001/_next/static/chunks/node_modules_next_dist_1e8vcs8._.js:776
[  235043ms] [LOG] [Fast Refresh] done in 57ms @ http://localhost:3001/_next/static/chunks/node_modules_next_dist_1e8vcs8._.js:776
[  235079ms] [LOG] [Fast Refresh] done in 57ms @ http://localhost:3001/_next/static/chunks/node_modules_next_dist_1e8vcs8._.js:776
[  235113ms] [LOG] [Fast Refresh] done in 57ms @ http://localhost:3001/_next/static/chunks/node_modules_next_dist_1e8vcs8._.js:776
[  235147ms] [LOG] [Fast Refresh] done in 57ms @ http://localhost:3001/_next/static/chunks/node_modules_next_dist_1e8vcs8._.js:776
[  235181ms] [LOG] [Fast Refresh] done in 57ms @ http://localhost:3001/_next/static/chunks/node_modules_next_dist_1e8vcs8._.js:776
[  235216ms] [LOG] [Fast Refresh] done in 57ms @ http://localhost:3001/_next/static/chunks/node_modules_next_dist_1e8vcs8._.js:776
[  235251ms] [LOG] [Fast Refresh] done in 57ms @ http://localhost:3001/_next/static/chunks/node_modules_next_dist_1e8vcs8._.js:776
[  235286ms] [LOG] [Fast Refresh] done in 57ms @ http://localhost:3001/_next/static/chunks/node_modules_next_dist_1e8vcs8._.js:776
[  235320ms] [LOG] [Fast Refresh] done in 57ms @ http://localhost:3001/_next/static/chunks/node_modules_next_dist_1e8vcs8._.js:776
[  235355ms] [LOG] [Fast Refresh] done in 57ms @ http://localhost:3001/_next/static/chunks/node_modules_next_dist_1e8vcs8._.js:776
[  235390ms] [LOG] [Fast Refresh] done in 57ms @ http://localhost:3001/_next/static/chunks/node_modules_next_dist_1e8vcs8._.js:776
[  235425ms] [LOG] [Fast Refresh] done in 57ms @ http://localhost:3001/_next/static/chunks/node_modules_next_dist_1e8vcs8._.js:776
[  235459ms] [LOG] [Fast Refresh] done in 57ms @ http://localhost:3001/_next/static/chunks/node_modules_next_dist_1e8vcs8._.js:776
[  235493ms] [LOG] [Fast Refresh] done in 57ms @ http://localhost:3001/_next/static/chunks/node_modules_next_dist_1e8vcs8._.js:776
[  235527ms] [LOG] [Fast Refresh] done in 57ms @ http://localhost:3001/_next/static/chunks/node_modules_next_dist_1e8vcs8._.js:776
[  235562ms] [LOG] [Fast Refresh] done in 57ms @ http://localhost:3001/_next/static/chunks/node_modules_next_dist_1e8vcs8._.js:776
[  235595ms] [LOG] [Fast Refresh] done in 57ms @ http://localhost:3001/_next/static/chunks/node_modules_next_dist_1e8vcs8._.js:776
[  235631ms] [LOG] [Fast Refresh] done in 57ms @ http://localhost:3001/_next/static/chunks/node_modules_next_dist_1e8vcs8._.js:776
[  235666ms] [LOG] [Fast Refresh] done in 57ms @ http://localhost:3001/_next/static/chunks/node_modules_next_dist_1e8vcs8._.js:776
[  235700ms] [LOG] [Fast Refresh] done in 57ms @ http://localhost:3001/_next/static/chunks/node_modules_next_dist_1e8vcs8._.js:776
[  235735ms] [LOG] [Fast Refresh] done in 57ms @ http://localhost:3001/_next/static/chunks/node_modules_next_dist_1e8vcs8._.js:776
[  235769ms] [LOG] [Fast Refresh] done in 57ms @ http://localhost:3001/_next/static/chunks/node_modules_next_dist_1e8vcs8._.js:776
[  235805ms] [LOG] [Fast Refresh] done in 57ms @ http://localhost:3001/_next/static/chunks/node_modules_next_dist_1e8vcs8._.js:776
[  235839ms] [LOG] [Fast Refresh] done in 57ms @ http://localhost:3001/_next/static/chunks/node_modules_next_dist_1e8vcs8._.js:776
[  235874ms] [LOG] [Fast Refresh] done in 57ms @ http://localhost:3001/_next/static/chunks/node_modules_next_dist_1e8vcs8._.js:776
[  235907ms] [LOG] [Fast Refresh] done in 57ms @ http://localhost:3001/_next/static/chunks/node_modules_next_dist_1e8vcs8._.js:776
[  235940ms] [LOG] [Fast Refresh] done in 57ms @ http://localhost:3001/_next/static/chunks/node_modules_next_dist_1e8vcs8._.js:776
[  235974ms] [LOG] [Fast Refresh] done in 57ms @ http://localhost:3001/_next/static/chunks/node_modules_next_dist_1e8vcs8._.js:776
[  236011ms] [LOG] [Fast Refresh] done in 57ms @ http://localhost:3001/_next/static/chunks/node_modules_next_dist_1e8vcs8._.js:776
[  236045ms] [LOG] [Fast Refresh] done in 57ms @ http://localhost:3001/_next/static/chunks/node_modules_next_dist_1e8vcs8._.js:776
[  236080ms] [LOG] [Fast Refresh] done in 57ms @ http://localhost:3001/_next/static/chunks/node_modules_next_dist_1e8vcs8._.js:776
[  236115ms] [LOG] [Fast Refresh] done in 57ms @ http://localhost:3001/_next/static/chunks/node_modules_next_dist_1e8vcs8._.js:776
[  236150ms] [LOG] [Fast Refresh] done in 57ms @ http://localhost:3001/_next/static/chunks/node_modules_next_dist_1e8vcs8._.js:776
[  236186ms] [LOG] [Fast Refresh] done in 57ms @ http://localhost:3001/_next/static/chunks/node_modules_next_dist_1e8vcs8._.js:776
[  236222ms] [LOG] [Fast Refresh] done in 57ms @ http://localhost:3001/_next/static/chunks/node_modules_next_dist_1e8vcs8._.js:776
[  236256ms] [LOG] [Fast Refresh] done in 57ms @ http://localhost:3001/_next/static/chunks/node_modules_next_dist_1e8vcs8._.js:776
[  236291ms] [LOG] [Fast Refresh] done in 57ms @ http://localhost:3001/_next/static/chunks/node_modules_next_dist_1e8vcs8._.js:776
[  236326ms] [LOG] [Fast Refresh] done in 57ms @ http://localhost:3001/_next/static/chunks/node_modules_next_dist_1e8vcs8._.js:776
[  236360ms] [LOG] [Fast Refresh] done in 57ms @ http://localhost:3001/_next/static/chunks/node_modules_next_dist_1e8vcs8._.js:776
[  236395ms] [LOG] [Fast Refresh] done in 57ms @ http://localhost:3001/_next/static/chunks/node_modules_next_dist_1e8vcs8._.js:776
[  236430ms] [LOG] [Fast Refresh] done in 57ms @ http://localhost:3001/_next/static/chunks/node_modules_next_dist_1e8vcs8._.js:776
[  236465ms] [LOG] [Fast Refresh] done in 57ms @ http://localhost:3001/_next/static/chunks/node_modules_next_dist_1e8vcs8._.js:776
[  236499ms] [LOG] [Fast Refresh] done in 57ms @ http://localhost:3001/_next/static/chunks/node_modules_next_dist_1e8vcs8._.js:776
[  236535ms] [LOG] [Fast Refresh] done in 57ms @ http://localhost:3001/_next/static/chunks/node_modules_next_dist_1e8vcs8._.js:776
[  236570ms] [LOG] [Fast Refresh] done in 57ms @ http://localhost:3001/_next/static/chunks/node_modules_next_dist_1e8vcs8._.js:776
[  236605ms] [LOG] [Fast Refresh] done in 57ms @ http://localhost:3001/_next/static/chunks/node_modules_next_dist_1e8vcs8._.js:776
[  236640ms] [LOG] [Fast Refresh] done in 57ms @ http://localhost:3001/_next/static/chunks/node_modules_next_dist_1e8vcs8._.js:776
[  236675ms] [LOG] [Fast Refresh] done in 57ms @ http://localhost:3001/_next/static/chunks/node_modules_next_dist_1e8vcs8._.js:776
[  236709ms] [LOG] [Fast Refresh] done in 57ms @ http://localhost:3001/_next/static/chunks/node_modules_next_dist_1e8vcs8._.js:776
[  236744ms] [LOG] [Fast Refresh] done in 57ms @ http://localhost:3001/_next/static/chunks/node_modules_next_dist_1e8vcs8._.js:776
[  236779ms] [LOG] [Fast Refresh] done in 57ms @ http://localhost:3001/_next/static/chunks/node_modules_next_dist_1e8vcs8._.js:776
[  236814ms] [LOG] [Fast Refresh] done in 57ms @ http://localhost:3001/_next/static/chunks/node_modules_next_dist_1e8vcs8._.js:776
[  236848ms] [LOG] [Fast Refresh] done in 57ms @ http://localhost:3001/_next/static/chunks/node_modules_next_dist_1e8vcs8._.js:776
[  236882ms] [LOG] [Fast Refresh] done in 57ms @ http://localhost:3001/_next/static/chunks/node_modules_next_dist_1e8vcs8._.js:776
[  236916ms] [LOG] [Fast Refresh] done in 57ms @ http://localhost:3001/_next/static/chunks/node_modules_next_dist_1e8vcs8._.js:776
[  236949ms] [LOG] [Fast Refresh] done in 57ms @ http://localhost:3001/_next/static/chunks/node_modules_next_dist_1e8vcs8._.js:776
[  236984ms] [LOG] [Fast Refresh] done in 57ms @ http://localhost:3001/_next/static/chunks/node_modules_next_dist_1e8vcs8._.js:776
[  237020ms] [LOG] [Fast Refresh] done in 57ms @ http://localhost:3001/_next/static/chunks/node_modules_next_dist_1e8vcs8._.js:776
[  237055ms] [LOG] [Fast Refresh] done in 57ms @ http://localhost:3001/_next/static/chunks/node_modules_next_dist_1e8vcs8._.js:776
[  237089ms] [LOG] [Fast Refresh] done in 57ms @ http://localhost:3001/_next/static/chunks/node_modules_next_dist_1e8vcs8._.js:776
[  237123ms] [LOG] [Fast Refresh] done in 57ms @ http://localhost:3001/_next/static/chunks/node_modules_next_dist_1e8vcs8._.js:776
[  237158ms] [LOG] [Fast Refresh] done in 57ms @ http://localhost:3001/_next/static/chunks/node_modules_next_dist_1e8vcs8._.js:776
[  237192ms] [LOG] [Fast Refresh] done in 57ms @ http://localhost:3001/_next/static/chunks/node_modules_next_dist_1e8vcs8._.js:776
[  237257ms] [LOG] [Fast Refresh] done in 57ms @ http://localhost:3001/_next/static/chunks/node_modules_next_dist_1e8vcs8._.js:776
[  237293ms] [LOG] [Fast Refresh] done in 57ms @ http://localhost:3001/_next/static/chunks/node_modules_next_dist_1e8vcs8._.js:776
[  237329ms] [LOG] [Fast Refresh] done in 57ms @ http://localhost:3001/_next/static/chunks/node_modules_next_dist_1e8vcs8._.js:776
[  237363ms] [LOG] [Fast Refresh] done in 57ms @ http://localhost:3001/_next/static/chunks/node_modules_next_dist_1e8vcs8._.js:776
[  237398ms] [LOG] [Fast Refresh] done in 57ms @ http://localhost:3001/_next/static/chunks/node_modules_next_dist_1e8vcs8._.js:776
[  237433ms] [LOG] [Fast Refresh] done in 57ms @ http://localhost:3001/_next/static/chunks/node_modules_next_dist_1e8vcs8._.js:776
[  237467ms] [LOG] [Fast Refresh] done in 57ms @ http://localhost:3001/_next/static/chunks/node_modules_next_dist_1e8vcs8._.js:776
[  237558ms] [LOG] [Fast Refresh] done in 57ms @ http://localhost:3001/_next/static/chunks/node_modules_next_dist_1e8vcs8._.js:776
[  237599ms] [LOG] [Fast Refresh] done in 57ms @ http://localhost:3001/_next/static/chunks/node_modules_next_dist_1e8vcs8._.js:776
[  237639ms] [LOG] [Fast Refresh] done in 57ms @ http://localhost:3001/_next/static/chunks/node_modules_next_dist_1e8vcs8._.js:776
[  237673ms] [LOG] [Fast Refresh] done in 57ms @ http://localhost:3001/_next/static/chunks/node_modules_next_dist_1e8vcs8._.js:776
[  237721ms] [LOG] [Fast Refresh] done in 57ms @ http://localhost:3001/_next/static/chunks/node_modules_next_dist_1e8vcs8._.js:776
[  237757ms] [LOG] [Fast Refresh] done in 57ms @ http://localhost:3001/_next/static/chunks/node_modules_next_dist_1e8vcs8._.js:776
[  237791ms] [LOG] [Fast Refresh] done in 57ms @ http://localhost:3001/_next/static/chunks/node_modules_next_dist_1e8vcs8._.js:776
[  237826ms] [LOG] [Fast Refresh] done in 57ms @ http://localhost:3001/_next/static/chunks/node_modules_next_dist_1e8vcs8._.js:776
[  237891ms] [LOG] [Fast Refresh] done in 57ms @ http://localhost:3001/_next/static/chunks/node_modules_next_dist_1e8vcs8._.js:776
[  237925ms] [LOG] [Fast Refresh] done in 57ms @ http://localhost:3001/_next/static/chunks/node_modules_next_dist_1e8vcs8._.js:776
[  237959ms] [LOG] [Fast Refresh] done in 57ms @ http://localhost:3001/_next/static/chunks/node_modules_next_dist_1e8vcs8._.js:776
[  237995ms] [LOG] [Fast Refresh] done in 57ms @ http://localhost:3001/_next/static/chunks/node_modules_next_dist_1e8vcs8._.js:776
[  238029ms] [LOG] [Fast Refresh] done in 57ms @ http://localhost:3001/_next/static/chunks/node_modules_next_dist_1e8vcs8._.js:776
[  238063ms] [LOG] [Fast Refresh] done in 57ms @ http://localhost:3001/_next/static/chunks/node_modules_next_dist_1e8vcs8._.js:776
[  238096ms] [LOG] [Fast Refresh] done in 57ms @ http://localhost:3001/_next/static/chunks/node_modules_next_dist_1e8vcs8._.js:776
[  238131ms] [LOG] [Fast Refresh] done in 57ms @ http://localhost:3001/_next/static/chunks/node_modules_next_dist_1e8vcs8._.js:776
[  238166ms] [LOG] [Fast Refresh] done in 57ms @ http://localhost:3001/_next/static/chunks/node_modules_next_dist_1e8vcs8._.js:776
[  238200ms] [LOG] [Fast Refresh] done in 57ms @ http://localhost:3001/_next/static/chunks/node_modules_next_dist_1e8vcs8._.js:776
[  238236ms] [LOG] [Fast Refresh] done in 57ms @ http://localhost:3001/_next/static/chunks/node_modules_next_dist_1e8vcs8._.js:776
[  238271ms] [LOG] [Fast Refresh] done in 57ms @ http://localhost:3001/_next/static/chunks/node_modules_next_dist_1e8vcs8._.js:776
[  238305ms] [LOG] [Fast Refresh] done in 57ms @ http://localhost:3001/_next/static/chunks/node_modules_next_dist_1e8vcs8._.js:776
[  238339ms] [LOG] [Fast Refresh] done in 57ms @ http://localhost:3001/_next/static/chunks/node_modules_next_dist_1e8vcs8._.js:776
[  238374ms] [LOG] [Fast Refresh] done in 57ms @ http://localhost:3001/_next/static/chunks/node_modules_next_dist_1e8vcs8._.js:776
[  238408ms] [LOG] [Fast Refresh] done in 57ms @ http://localhost:3001/_next/static/chunks/node_modules_next_dist_1e8vcs8._.js:776
[  238442ms] [LOG] [Fast Refresh] done in 57ms @ http://localhost:3001/_next/static/chunks/node_modules_next_dist_1e8vcs8._.js:776
[  238476ms] [LOG] [Fast Refresh] done in 57ms @ http://localhost:3001/_next/static/chunks/node_modules_next_dist_1e8vcs8._.js:776
[  238509ms] [LOG] [Fast Refresh] done in 57ms @ http://localhost:3001/_next/static/chunks/node_modules_next_dist_1e8vcs8._.js:776
[  238544ms] [LOG] [Fast Refresh] done in 57ms @ http://localhost:3001/_next/static/chunks/node_modules_next_dist_1e8vcs8._.js:776
[  238579ms] [LOG] [Fast Refresh] done in 57ms @ http://localhost:3001/_next/static/chunks/node_modules_next_dist_1e8vcs8._.js:776
[  238668ms] [LOG] [Fast Refresh] done in 57ms @ http://localhost:3001/_next/static/chunks/node_modules_next_dist_1e8vcs8._.js:776
[  238703ms] [LOG] [Fast Refresh] done in 57ms @ http://localhost:3001/_next/static/chunks/node_modules_next_dist_1e8vcs8._.js:776
[  238738ms] [LOG] [Fast Refresh] done in 57ms @ http://localhost:3001/_next/static/chunks/node_modules_next_dist_1e8vcs8._.js:776
[  238773ms] [LOG] [Fast Refresh] done in 57ms @ http://localhost:3001/_next/static/chunks/node_modules_next_dist_1e8vcs8._.js:776
[  238809ms] [LOG] [Fast Refresh] done in 57ms @ http://localhost:3001/_next/static/chunks/node_modules_next_dist_1e8vcs8._.js:776
[  238844ms] [LOG] [Fast Refresh] done in 57ms @ http://localhost:3001/_next/static/chunks/node_modules_next_dist_1e8vcs8._.js:776
[  238879ms] [LOG] [Fast Refresh] done in 57ms @ http://localhost:3001/_next/static/chunks/node_modules_next_dist_1e8vcs8._.js:776
[  238913ms] [LOG] [Fast Refresh] done in 57ms @ http://localhost:3001/_next/static/chunks/node_modules_next_dist_1e8vcs8._.js:776
[  238948ms] [LOG] [Fast Refresh] done in 57ms @ http://localhost:3001/_next/static/chunks/node_modules_next_dist_1e8vcs8._.js:776
[  238983ms] [LOG] [Fast Refresh] done in 57ms @ http://localhost:3001/_next/static/chunks/node_modules_next_dist_1e8vcs8._.js:776
[  239018ms] [LOG] [Fast Refresh] done in 57ms @ http://localhost:3001/_next/static/chunks/node_modules_next_dist_1e8vcs8._.js:776
[  239052ms] [LOG] [Fast Refresh] done in 57ms @ http://localhost:3001/_next/static/chunks/node_modules_next_dist_1e8vcs8._.js:776
[  239086ms] [LOG] [Fast Refresh] done in 57ms @ http://localhost:3001/_next/static/chunks/node_modules_next_dist_1e8vcs8._.js:776
[  239119ms] [LOG] [Fast Refresh] done in 57ms @ http://localhost:3001/_next/static/chunks/node_modules_next_dist_1e8vcs8._.js:776
[  239153ms] [LOG] [Fast Refresh] done in 57ms @ http://localhost:3001/_next/static/chunks/node_modules_next_dist_1e8vcs8._.js:776
[  239187ms] [LOG] [Fast Refresh] done in 57ms @ http://localhost:3001/_next/static/chunks/node_modules_next_dist_1e8vcs8._.js:776
[  239223ms] [LOG] [Fast Refresh] done in 57ms @ http://localhost:3001/_next/static/chunks/node_modules_next_dist_1e8vcs8._.js:776
[  239258ms] [LOG] [Fast Refresh] done in 57ms @ http://localhost:3001/_next/static/chunks/node_modules_next_dist_1e8vcs8._.js:776
[  239293ms] [LOG] [Fast Refresh] done in 57ms @ http://localhost:3001/_next/static/chunks/node_modules_next_dist_1e8vcs8._.js:776
[  239328ms] [LOG] [Fast Refresh] done in 57ms @ http://localhost:3001/_next/static/chunks/node_modules_next_dist_1e8vcs8._.js:776
[  239361ms] [LOG] [Fast Refresh] done in 57ms @ http://localhost:3001/_next/static/chunks/node_modules_next_dist_1e8vcs8._.js:776
[  239395ms] [LOG] [Fast Refresh] done in 57ms @ http://localhost:3001/_next/static/chunks/node_modules_next_dist_1e8vcs8._.js:776
[  239430ms] [LOG] [Fast Refresh] done in 57ms @ http://localhost:3001/_next/static/chunks/node_modules_next_dist_1e8vcs8._.js:776
[  239463ms] [LOG] [Fast Refresh] done in 57ms @ http://localhost:3001/_next/static/chunks/node_modules_next_dist_1e8vcs8._.js:776
[  239497ms] [LOG] [Fast Refresh] done in 57ms @ http://localhost:3001/_next/static/chunks/node_modules_next_dist_1e8vcs8._.js:776
[  239532ms] [LOG] [Fast Refresh] done in 57ms @ http://localhost:3001/_next/static/chunks/node_modules_next_dist_1e8vcs8._.js:776
[  239566ms] [LOG] [Fast Refresh] done in 57ms @ http://localhost:3001/_next/static/chunks/node_modules_next_dist_1e8vcs8._.js:776
[  239601ms] [LOG] [Fast Refresh] done in 57ms @ http://localhost:3001/_next/static/chunks/node_modules_next_dist_1e8vcs8._.js:776
[  239635ms] [LOG] [Fast Refresh] done in 57ms @ http://localhost:3001/_next/static/chunks/node_modules_next_dist_1e8vcs8._.js:776
[  239669ms] [LOG] [Fast Refresh] done in 57ms @ http://localhost:3001/_next/static/chunks/node_modules_next_dist_1e8vcs8._.js:776
[  239703ms] [LOG] [Fast Refresh] done in 57ms @ http://localhost:3001/_next/static/chunks/node_modules_next_dist_1e8vcs8._.js:776
[  239737ms] [LOG] [Fast Refresh] done in 57ms @ http://localhost:3001/_next/static/chunks/node_modules_next_dist_1e8vcs8._.js:776
[  239772ms] [LOG] [Fast Refresh] done in 57ms @ http://localhost:3001/_next/static/chunks/node_modules_next_dist_1e8vcs8._.js:776
[  239806ms] [LOG] [Fast Refresh] done in 57ms @ http://localhost:3001/_next/static/chunks/node_modules_next_dist_1e8vcs8._.js:776
[  239840ms] [LOG] [Fast Refresh] done in 57ms @ http://localhost:3001/_next/static/chunks/node_modules_next_dist_1e8vcs8._.js:776
[  239875ms] [LOG] [Fast Refresh] done in 57ms @ http://localhost:3001/_next/static/chunks/node_modules_next_dist_1e8vcs8._.js:776
[  239910ms] [LOG] [Fast Refresh] done in 57ms @ http://localhost:3001/_next/static/chunks/node_modules_next_dist_1e8vcs8._.js:776
[  239945ms] [LOG] [Fast Refresh] done in 57ms @ http://localhost:3001/_next/static/chunks/node_modules_next_dist_1e8vcs8._.js:776
[  239979ms] [LOG] [Fast Refresh] done in 57ms @ http://localhost:3001/_next/static/chunks/node_modules_next_dist_1e8vcs8._.js:776
[  240013ms] [LOG] [Fast Refresh] done in 57ms @ http://localhost:3001/_next/static/chunks/node_modules_next_dist_1e8vcs8._.js:776
[  240047ms] [LOG] [Fast Refresh] done in 57ms @ http://localhost:3001/_next/static/chunks/node_modules_next_dist_1e8vcs8._.js:776
[  240083ms] [LOG] [Fast Refresh] done in 57ms @ http://localhost:3001/_next/static/chunks/node_modules_next_dist_1e8vcs8._.js:776
[  240119ms] [LOG] [Fast Refresh] done in 57ms @ http://localhost:3001/_next/static/chunks/node_modules_next_dist_1e8vcs8._.js:776
[  240154ms] [LOG] [Fast Refresh] done in 57ms @ http://localhost:3001/_next/static/chunks/node_modules_next_dist_1e8vcs8._.js:776
[  240188ms] [LOG] [Fast Refresh] done in 57ms @ http://localhost:3001/_next/static/chunks/node_modules_next_dist_1e8vcs8._.js:776
[  240223ms] [LOG] [Fast Refresh] done in 57ms @ http://localhost:3001/_next/static/chunks/node_modules_next_dist_1e8vcs8._.js:776
[  240258ms] [LOG] [Fast Refresh] done in 57ms @ http://localhost:3001/_next/static/chunks/node_modules_next_dist_1e8vcs8._.js:776
[  240293ms] [LOG] [Fast Refresh] done in 57ms @ http://localhost:3001/_next/static/chunks/node_modules_next_dist_1e8vcs8._.js:776
[  240327ms] [LOG] [Fast Refresh] done in 57ms @ http://localhost:3001/_next/static/chunks/node_modules_next_dist_1e8vcs8._.js:776
[  240362ms] [LOG] [Fast Refresh] done in 57ms @ http://localhost:3001/_next/static/chunks/node_modules_next_dist_1e8vcs8._.js:776
[  240397ms] [LOG] [Fast Refresh] done in 57ms @ http://localhost:3001/_next/static/chunks/node_modules_next_dist_1e8vcs8._.js:776
[  240431ms] [LOG] [Fast Refresh] done in 57ms @ http://localhost:3001/_next/static/chunks/node_modules_next_dist_1e8vcs8._.js:776
[  240466ms] [LOG] [Fast Refresh] done in 57ms @ http://localhost:3001/_next/static/chunks/node_modules_next_dist_1e8vcs8._.js:776
[  240500ms] [LOG] [Fast Refresh] done in 57ms @ http://localhost:3001/_next/static/chunks/node_modules_next_dist_1e8vcs8._.js:776
[  240536ms] [LOG] [Fast Refresh] done in 57ms @ http://localhost:3001/_next/static/chunks/node_modules_next_dist_1e8vcs8._.js:776
[  240569ms] [LOG] [Fast Refresh] done in 57ms @ http://localhost:3001/_next/static/chunks/node_modules_next_dist_1e8vcs8._.js:776
[  240603ms] [LOG] [Fast Refresh] done in 57ms @ http://localhost:3001/_next/static/chunks/node_modules_next_dist_1e8vcs8._.js:776
[  240639ms] [LOG] [Fast Refresh] done in 57ms @ http://localhost:3001/_next/static/chunks/node_modules_next_dist_1e8vcs8._.js:776
[  240673ms] [LOG] [Fast Refresh] done in 57ms @ http://localhost:3001/_next/static/chunks/node_modules_next_dist_1e8vcs8._.js:776
[  240707ms] [LOG] [Fast Refresh] done in 57ms @ http://localhost:3001/_next/static/chunks/node_modules_next_dist_1e8vcs8._.js:776
[  240742ms] [LOG] [Fast Refresh] done in 57ms @ http://localhost:3001/_next/static/chunks/node_modules_next_dist_1e8vcs8._.js:776
[  240777ms] [LOG] [Fast Refresh] done in 57ms @ http://localhost:3001/_next/static/chunks/node_modules_next_dist_1e8vcs8._.js:776
[  240813ms] [LOG] [Fast Refresh] done in 57ms @ http://localhost:3001/_next/static/chunks/node_modules_next_dist_1e8vcs8._.js:776
[  240848ms] [LOG] [Fast Refresh] done in 57ms @ http://localhost:3001/_next/static/chunks/node_modules_next_dist_1e8vcs8._.js:776
[  240884ms] [LOG] [Fast Refresh] done in 57ms @ http://localhost:3001/_next/static/chunks/node_modules_next_dist_1e8vcs8._.js:776
[  240917ms] [LOG] [Fast Refresh] done in 57ms @ http://localhost:3001/_next/static/chunks/node_modules_next_dist_1e8vcs8._.js:776
[  240951ms] [LOG] [Fast Refresh] done in 57ms @ http://localhost:3001/_next/static/chunks/node_modules_next_dist_1e8vcs8._.js:776
[  240986ms] [LOG] [Fast Refresh] done in 57ms @ http://localhost:3001/_next/static/chunks/node_modules_next_dist_1e8vcs8._.js:776
[  241019ms] [LOG] [Fast Refresh] done in 57ms @ http://localhost:3001/_next/static/chunks/node_modules_next_dist_1e8vcs8._.js:776
[  241055ms] [LOG] [Fast Refresh] done in 57ms @ http://localhost:3001/_next/static/chunks/node_modules_next_dist_1e8vcs8._.js:776
[  241091ms] [LOG] [Fast Refresh] done in 57ms @ http://localhost:3001/_next/static/chunks/node_modules_next_dist_1e8vcs8._.js:776
[  241125ms] [LOG] [Fast Refresh] done in 57ms @ http://localhost:3001/_next/static/chunks/node_modules_next_dist_1e8vcs8._.js:776
[  241159ms] [LOG] [Fast Refresh] done in 57ms @ http://localhost:3001/_next/static/chunks/node_modules_next_dist_1e8vcs8._.js:776
[  241195ms] [LOG] [Fast Refresh] done in 57ms @ http://localhost:3001/_next/static/chunks/node_modules_next_dist_1e8vcs8._.js:776
[  241229ms] [LOG] [Fast Refresh] done in 57ms @ http://localhost:3001/_next/static/chunks/node_modules_next_dist_1e8vcs8._.js:776
[  241264ms] [LOG] [Fast Refresh] done in 57ms @ http://localhost:3001/_next/static/chunks/node_modules_next_dist_1e8vcs8._.js:776
[  241298ms] [LOG] [Fast Refresh] done in 57ms @ http://localhost:3001/_next/static/chunks/node_modules_next_dist_1e8vcs8._.js:776
[  241332ms] [LOG] [Fast Refresh] done in 57ms @ http://localhost:3001/_next/static/chunks/node_modules_next_dist_1e8vcs8._.js:776
[  241366ms] [LOG] [Fast Refresh] done in 57ms @ http://localhost:3001/_next/static/chunks/node_modules_next_dist_1e8vcs8._.js:776
[  241399ms] [LOG] [Fast Refresh] done in 57ms @ http://localhost:3001/_next/static/chunks/node_modules_next_dist_1e8vcs8._.js:776
[  241435ms] [LOG] [Fast Refresh] done in 57ms @ http://localhost:3001/_next/static/chunks/node_modules_next_dist_1e8vcs8._.js:776
[  241470ms] [LOG] [Fast Refresh] done in 57ms @ http://localhost:3001/_next/static/chunks/node_modules_next_dist_1e8vcs8._.js:776
[  241504ms] [LOG] [Fast Refresh] done in 57ms @ http://localhost:3001/_next/static/chunks/node_modules_next_dist_1e8vcs8._.js:776
[  241538ms] [LOG] [Fast Refresh] done in 57ms @ http://localhost:3001/_next/static/chunks/node_modules_next_dist_1e8vcs8._.js:776
[  241572ms] [LOG] [Fast Refresh] done in 57ms @ http://localhost:3001/_next/static/chunks/node_modules_next_dist_1e8vcs8._.js:776
[  241606ms] [LOG] [Fast Refresh] done in 57ms @ http://localhost:3001/_next/static/chunks/node_modules_next_dist_1e8vcs8._.js:776
[  241642ms] [LOG] [Fast Refresh] done in 57ms @ http://localhost:3001/_next/static/chunks/node_modules_next_dist_1e8vcs8._.js:776
[  241675ms] [LOG] [Fast Refresh] done in 57ms @ http://localhost:3001/_next/static/chunks/node_modules_next_dist_1e8vcs8._.js:776
[  241710ms] [LOG] [Fast Refresh] done in 57ms @ http://localhost:3001/_next/static/chunks/node_modules_next_dist_1e8vcs8._.js:776
[  241745ms] [LOG] [Fast Refresh] done in 57ms @ http://localhost:3001/_next/static/chunks/node_modules_next_dist_1e8vcs8._.js:776
[  241779ms] [LOG] [Fast Refresh] done in 57ms @ http://localhost:3001/_next/static/chunks/node_modules_next_dist_1e8vcs8._.js:776
[  241811ms] [LOG] [Fast Refresh] done in 57ms @ http://localhost:3001/_next/static/chunks/node_modules_next_dist_1e8vcs8._.js:776
[  241847ms] [LOG] [Fast Refresh] done in 57ms @ http://localhost:3001/_next/static/chunks/node_modules_next_dist_1e8vcs8._.js:776
[  241881ms] [LOG] [Fast Refresh] done in 57ms @ http://localhost:3001/_next/static/chunks/node_modules_next_dist_1e8vcs8._.js:776
[  241915ms] [LOG] [Fast Refresh] done in 57ms @ http://localhost:3001/_next/static/chunks/node_modules_next_dist_1e8vcs8._.js:776
[  241949ms] [LOG] [Fast Refresh] done in 57ms @ http://localhost:3001/_next/static/chunks/node_modules_next_dist_1e8vcs8._.js:776
[  241984ms] [LOG] [Fast Refresh] done in 57ms @ http://localhost:3001/_next/static/chunks/node_modules_next_dist_1e8vcs8._.js:776
[  242018ms] [LOG] [Fast Refresh] done in 57ms @ http://localhost:3001/_next/static/chunks/node_modules_next_dist_1e8vcs8._.js:776
[  242053ms] [LOG] [Fast Refresh] done in 57ms @ http://localhost:3001/_next/static/chunks/node_modules_next_dist_1e8vcs8._.js:776
[  242087ms] [LOG] [Fast Refresh] done in 57ms @ http://localhost:3001/_next/static/chunks/node_modules_next_dist_1e8vcs8._.js:776
[  242122ms] [LOG] [Fast Refresh] done in 57ms @ http://localhost:3001/_next/static/chunks/node_modules_next_dist_1e8vcs8._.js:776
[  242156ms] [LOG] [Fast Refresh] done in 57ms @ http://localhost:3001/_next/static/chunks/node_modules_next_dist_1e8vcs8._.js:776
[  242191ms] [LOG] [Fast Refresh] done in 57ms @ http://localhost:3001/_next/static/chunks/node_modules_next_dist_1e8vcs8._.js:776
[  242225ms] [LOG] [Fast Refresh] done in 57ms @ http://localhost:3001/_next/static/chunks/node_modules_next_dist_1e8vcs8._.js:776
[  242259ms] [LOG] [Fast Refresh] done in 57ms @ http://localhost:3001/_next/static/chunks/node_modules_next_dist_1e8vcs8._.js:776
[  242294ms] [LOG] [Fast Refresh] done in 57ms @ http://localhost:3001/_next/static/chunks/node_modules_next_dist_1e8vcs8._.js:776
[  242331ms] [LOG] [Fast Refresh] done in 57ms @ http://localhost:3001/_next/static/chunks/node_modules_next_dist_1e8vcs8._.js:776
[  242365ms] [LOG] [Fast Refresh] done in 57ms @ http://localhost:3001/_next/static/chunks/node_modules_next_dist_1e8vcs8._.js:776
[  242399ms] [LOG] [Fast Refresh] done in 57ms @ http://localhost:3001/_next/static/chunks/node_modules_next_dist_1e8vcs8._.js:776
[  242434ms] [LOG] [Fast Refresh] done in 57ms @ http://localhost:3001/_next/static/chunks/node_modules_next_dist_1e8vcs8._.js:776
[  242468ms] [LOG] [Fast Refresh] done in 57ms @ http://localhost:3001/_next/static/chunks/node_modules_next_dist_1e8vcs8._.js:776
[  242504ms] [LOG] [Fast Refresh] done in 57ms @ http://localhost:3001/_next/static/chunks/node_modules_next_dist_1e8vcs8._.js:776
[  242538ms] [LOG] [Fast Refresh] done in 57ms @ http://localhost:3001/_next/static/chunks/node_modules_next_dist_1e8vcs8._.js:776
[  242572ms] [LOG] [Fast Refresh] done in 57ms @ http://localhost:3001/_next/static/chunks/node_modules_next_dist_1e8vcs8._.js:776
[  242607ms] [LOG] [Fast Refresh] done in 57ms @ http://localhost:3001/_next/static/chunks/node_modules_next_dist_1e8vcs8._.js:776
[  242643ms] [LOG] [Fast Refresh] done in 57ms @ http://localhost:3001/_next/static/chunks/node_modules_next_dist_1e8vcs8._.js:776
[  242679ms] [LOG] [Fast Refresh] done in 57ms @ http://localhost:3001/_next/static/chunks/node_modules_next_dist_1e8vcs8._.js:776
[  242712ms] [LOG] [Fast Refresh] done in 57ms @ http://localhost:3001/_next/static/chunks/node_modules_next_dist_1e8vcs8._.js:776
[  242746ms] [LOG] [Fast Refresh] done in 57ms @ http://localhost:3001/_next/static/chunks/node_modules_next_dist_1e8vcs8._.js:776
[  242780ms] [LOG] [Fast Refresh] done in 57ms @ http://localhost:3001/_next/static/chunks/node_modules_next_dist_1e8vcs8._.js:776
[  242814ms] [LOG] [Fast Refresh] done in 57ms @ http://localhost:3001/_next/static/chunks/node_modules_next_dist_1e8vcs8._.js:776
[  242848ms] [LOG] [Fast Refresh] done in 57ms @ http://localhost:3001/_next/static/chunks/node_modules_next_dist_1e8vcs8._.js:776
[  242882ms] [LOG] [Fast Refresh] done in 57ms @ http://localhost:3001/_next/static/chunks/node_modules_next_dist_1e8vcs8._.js:776
[  242916ms] [LOG] [Fast Refresh] done in 57ms @ http://localhost:3001/_next/static/chunks/node_modules_next_dist_1e8vcs8._.js:776
[  242949ms] [LOG] [Fast Refresh] done in 57ms @ http://localhost:3001/_next/static/chunks/node_modules_next_dist_1e8vcs8._.js:776
[  242984ms] [LOG] [Fast Refresh] done in 57ms @ http://localhost:3001/_next/static/chunks/node_modules_next_dist_1e8vcs8._.js:776
[  243020ms] [LOG] [Fast Refresh] done in 57ms @ http://localhost:3001/_next/static/chunks/node_modules_next_dist_1e8vcs8._.js:776
[  243055ms] [LOG] [Fast Refresh] done in 57ms @ http://localhost:3001/_next/static/chunks/node_modules_next_dist_1e8vcs8._.js:776
[  243090ms] [LOG] [Fast Refresh] done in 57ms @ http://localhost:3001/_next/static/chunks/node_modules_next_dist_1e8vcs8._.js:776
[  243126ms] [LOG] [Fast Refresh] done in 57ms @ http://localhost:3001/_next/static/chunks/node_modules_next_dist_1e8vcs8._.js:776
[  243160ms] [LOG] [Fast Refresh] done in 57ms @ http://localhost:3001/_next/static/chunks/node_modules_next_dist_1e8vcs8._.js:776
[  243195ms] [LOG] [Fast Refresh] done in 57ms @ http://localhost:3001/_next/static/chunks/node_modules_next_dist_1e8vcs8._.js:776
[  243229ms] [LOG] [Fast Refresh] done in 57ms @ http://localhost:3001/_next/static/chunks/node_modules_next_dist_1e8vcs8._.js:776
[  243263ms] [LOG] [Fast Refresh] done in 57ms @ http://localhost:3001/_next/static/chunks/node_modules_next_dist_1e8vcs8._.js:776
[  243297ms] [LOG] [Fast Refresh] done in 57ms @ http://localhost:3001/_next/static/chunks/node_modules_next_dist_1e8vcs8._.js:776
[  243333ms] [LOG] [Fast Refresh] done in 57ms @ http://localhost:3001/_next/static/chunks/node_modules_next_dist_1e8vcs8._.js:776
[  243367ms] [LOG] [Fast Refresh] done in 57ms @ http://localhost:3001/_next/static/chunks/node_modules_next_dist_1e8vcs8._.js:776
[  243402ms] [LOG] [Fast Refresh] done in 57ms @ http://localhost:3001/_next/static/chunks/node_modules_next_dist_1e8vcs8._.js:776
[  243438ms] [LOG] [Fast Refresh] done in 57ms @ http://localhost:3001/_next/static/chunks/node_modules_next_dist_1e8vcs8._.js:776
[  243471ms] [LOG] [Fast Refresh] done in 57ms @ http://localhost:3001/_next/static/chunks/node_modules_next_dist_1e8vcs8._.js:776
[  243506ms] [LOG] [Fast Refresh] done in 57ms @ http://localhost:3001/_next/static/chunks/node_modules_next_dist_1e8vcs8._.js:776
[  243540ms] [LOG] [Fast Refresh] done in 57ms @ http://localhost:3001/_next/static/chunks/node_modules_next_dist_1e8vcs8._.js:776
[  243574ms] [LOG] [Fast Refresh] done in 57ms @ http://localhost:3001/_next/static/chunks/node_modules_next_dist_1e8vcs8._.js:776
[  243608ms] [LOG] [Fast Refresh] done in 57ms @ http://localhost:3001/_next/static/chunks/node_modules_next_dist_1e8vcs8._.js:776
[  243644ms] [LOG] [Fast Refresh] done in 57ms @ http://localhost:3001/_next/static/chunks/node_modules_next_dist_1e8vcs8._.js:776
[  243679ms] [LOG] [Fast Refresh] done in 57ms @ http://localhost:3001/_next/static/chunks/node_modules_next_dist_1e8vcs8._.js:776
[  243713ms] [LOG] [Fast Refresh] done in 57ms @ http://localhost:3001/_next/static/chunks/node_modules_next_dist_1e8vcs8._.js:776
[  243749ms] [LOG] [Fast Refresh] done in 57ms @ http://localhost:3001/_next/static/chunks/node_modules_next_dist_1e8vcs8._.js:776
[  243783ms] [LOG] [Fast Refresh] done in 57ms @ http://localhost:3001/_next/static/chunks/node_modules_next_dist_1e8vcs8._.js:776
[  243817ms] [LOG] [Fast Refresh] done in 57ms @ http://localhost:3001/_next/static/chunks/node_modules_next_dist_1e8vcs8._.js:776
[  243852ms] [LOG] [Fast Refresh] done in 57ms @ http://localhost:3001/_next/static/chunks/node_modules_next_dist_1e8vcs8._.js:776
[  243885ms] [LOG] [Fast Refresh] done in 57ms @ http://localhost:3001/_next/static/chunks/node_modules_next_dist_1e8vcs8._.js:776
[  243919ms] [LOG] [Fast Refresh] done in 57ms @ http://localhost:3001/_next/static/chunks/node_modules_next_dist_1e8vcs8._.js:776
[  243953ms] [LOG] [Fast Refresh] done in 57ms @ http://localhost:3001/_next/static/chunks/node_modules_next_dist_1e8vcs8._.js:776
[  243989ms] [LOG] [Fast Refresh] done in 57ms @ http://localhost:3001/_next/static/chunks/node_modules_next_dist_1e8vcs8._.js:776
[  244023ms] [LOG] [Fast Refresh] done in 57ms @ http://localhost:3001/_next/static/chunks/node_modules_next_dist_1e8vcs8._.js:776
[  244060ms] [LOG] [Fast Refresh] done in 57ms @ http://localhost:3001/_next/static/chunks/node_modules_next_dist_1e8vcs8._.js:776
[  244095ms] [LOG] [Fast Refresh] done in 57ms @ http://localhost:3001/_next/static/chunks/node_modules_next_dist_1e8vcs8._.js:776
[  244129ms] [LOG] [Fast Refresh] done in 57ms @ http://localhost:3001/_next/static/chunks/node_modules_next_dist_1e8vcs8._.js:776
[  244163ms] [LOG] [Fast Refresh] done in 57ms @ http://localhost:3001/_next/static/chunks/node_modules_next_dist_1e8vcs8._.js:776
[  244198ms] [LOG] [Fast Refresh] done in 57ms @ http://localhost:3001/_next/static/chunks/node_modules_next_dist_1e8vcs8._.js:776
[  244233ms] [LOG] [Fast Refresh] done in 57ms @ http://localhost:3001/_next/static/chunks/node_modules_next_dist_1e8vcs8._.js:776
[  244269ms] [LOG] [Fast Refresh] done in 57ms @ http://localhost:3001/_next/static/chunks/node_modules_next_dist_1e8vcs8._.js:776
[  244303ms] [LOG] [Fast Refresh] done in 57ms @ http://localhost:3001/_next/static/chunks/node_modules_next_dist_1e8vcs8._.js:776
[  244338ms] [LOG] [Fast Refresh] done in 57ms @ http://localhost:3001/_next/static/chunks/node_modules_next_dist_1e8vcs8._.js:776
[  244371ms] [LOG] [Fast Refresh] done in 57ms @ http://localhost:3001/_next/static/chunks/node_modules_next_dist_1e8vcs8._.js:776
[  244407ms] [LOG] [Fast Refresh] done in 57ms @ http://localhost:3001/_next/static/chunks/node_modules_next_dist_1e8vcs8._.js:776
[  244440ms] [LOG] [Fast Refresh] done in 57ms @ http://localhost:3001/_next/static/chunks/node_modules_next_dist_1e8vcs8._.js:776
[  244474ms] [LOG] [Fast Refresh] done in 57ms @ http://localhost:3001/_next/static/chunks/node_modules_next_dist_1e8vcs8._.js:776
[  244509ms] [LOG] [Fast Refresh] done in 57ms @ http://localhost:3001/_next/static/chunks/node_modules_next_dist_1e8vcs8._.js:776
[  244543ms] [LOG] [Fast Refresh] done in 57ms @ http://localhost:3001/_next/static/chunks/node_modules_next_dist_1e8vcs8._.js:776
[  244577ms] [LOG] [Fast Refresh] done in 57ms @ http://localhost:3001/_next/static/chunks/node_modules_next_dist_1e8vcs8._.js:776
[  244611ms] [LOG] [Fast Refresh] done in 57ms @ http://localhost:3001/_next/static/chunks/node_modules_next_dist_1e8vcs8._.js:776
[  244645ms] [LOG] [Fast Refresh] done in 57ms @ http://localhost:3001/_next/static/chunks/node_modules_next_dist_1e8vcs8._.js:776
[  244679ms] [LOG] [Fast Refresh] done in 57ms @ http://localhost:3001/_next/static/chunks/node_modules_next_dist_1e8vcs8._.js:776
[  244713ms] [LOG] [Fast Refresh] done in 57ms @ http://localhost:3001/_next/static/chunks/node_modules_next_dist_1e8vcs8._.js:776
[  244748ms] [LOG] [Fast Refresh] done in 57ms @ http://localhost:3001/_next/static/chunks/node_modules_next_dist_1e8vcs8._.js:776
[  244782ms] [LOG] [Fast Refresh] done in 57ms @ http://localhost:3001/_next/static/chunks/node_modules_next_dist_1e8vcs8._.js:776
[  244816ms] [LOG] [Fast Refresh] done in 57ms @ http://localhost:3001/_next/static/chunks/node_modules_next_dist_1e8vcs8._.js:776
[  244850ms] [LOG] [Fast Refresh] done in 57ms @ http://localhost:3001/_next/static/chunks/node_modules_next_dist_1e8vcs8._.js:776
[  244885ms] [LOG] [Fast Refresh] done in 57ms @ http://localhost:3001/_next/static/chunks/node_modules_next_dist_1e8vcs8._.js:776
[  244918ms] [LOG] [Fast Refresh] done in 57ms @ http://localhost:3001/_next/static/chunks/node_modules_next_dist_1e8vcs8._.js:776
[  244953ms] [LOG] [Fast Refresh] done in 57ms @ http://localhost:3001/_next/static/chunks/node_modules_next_dist_1e8vcs8._.js:776
[  244988ms] [LOG] [Fast Refresh] done in 57ms @ http://localhost:3001/_next/static/chunks/node_modules_next_dist_1e8vcs8._.js:776
[  245023ms] [LOG] [Fast Refresh] done in 57ms @ http://localhost:3001/_next/static/chunks/node_modules_next_dist_1e8vcs8._.js:776
[  245058ms] [LOG] [Fast Refresh] done in 57ms @ http://localhost:3001/_next/static/chunks/node_modules_next_dist_1e8vcs8._.js:776
[  245092ms] [LOG] [Fast Refresh] done in 57ms @ http://localhost:3001/_next/static/chunks/node_modules_next_dist_1e8vcs8._.js:776
[  245126ms] [LOG] [Fast Refresh] done in 57ms @ http://localhost:3001/_next/static/chunks/node_modules_next_dist_1e8vcs8._.js:776
[  245161ms] [LOG] [Fast Refresh] done in 57ms @ http://localhost:3001/_next/static/chunks/node_modules_next_dist_1e8vcs8._.js:776
[  245195ms] [LOG] [Fast Refresh] done in 57ms @ http://localhost:3001/_next/static/chunks/node_modules_next_dist_1e8vcs8._.js:776
[  245229ms] [LOG] [Fast Refresh] done in 57ms @ http://localhost:3001/_next/static/chunks/node_modules_next_dist_1e8vcs8._.js:776
[  245264ms] [LOG] [Fast Refresh] done in 57ms @ http://localhost:3001/_next/static/chunks/node_modules_next_dist_1e8vcs8._.js:776
[  245299ms] [LOG] [Fast Refresh] done in 57ms @ http://localhost:3001/_next/static/chunks/node_modules_next_dist_1e8vcs8._.js:776
[  245334ms] [LOG] [Fast Refresh] done in 57ms @ http://localhost:3001/_next/static/chunks/node_modules_next_dist_1e8vcs8._.js:776
[  245367ms] [LOG] [Fast Refresh] done in 57ms @ http://localhost:3001/_next/static/chunks/node_modules_next_dist_1e8vcs8._.js:776
[  245401ms] [LOG] [Fast Refresh] done in 57ms @ http://localhost:3001/_next/static/chunks/node_modules_next_dist_1e8vcs8._.js:776
[  245435ms] [LOG] [Fast Refresh] done in 57ms @ http://localhost:3001/_next/static/chunks/node_modules_next_dist_1e8vcs8._.js:776
[  245470ms] [LOG] [Fast Refresh] done in 57ms @ http://localhost:3001/_next/static/chunks/node_modules_next_dist_1e8vcs8._.js:776
[  245504ms] [LOG] [Fast Refresh] done in 57ms @ http://localhost:3001/_next/static/chunks/node_modules_next_dist_1e8vcs8._.js:776
[  245539ms] [LOG] [Fast Refresh] done in 57ms @ http://localhost:3001/_next/static/chunks/node_modules_next_dist_1e8vcs8._.js:776
[  245573ms] [LOG] [Fast Refresh] done in 57ms @ http://localhost:3001/_next/static/chunks/node_modules_next_dist_1e8vcs8._.js:776
[  245607ms] [LOG] [Fast Refresh] done in 57ms @ http://localhost:3001/_next/static/chunks/node_modules_next_dist_1e8vcs8._.js:776
[  245642ms] [LOG] [Fast Refresh] done in 57ms @ http://localhost:3001/_next/static/chunks/node_modules_next_dist_1e8vcs8._.js:776
[  245676ms] [LOG] [Fast Refresh] done in 57ms @ http://localhost:3001/_next/static/chunks/node_modules_next_dist_1e8vcs8._.js:776
[  245710ms] [LOG] [Fast Refresh] done in 57ms @ http://localhost:3001/_next/static/chunks/node_modules_next_dist_1e8vcs8._.js:776
[  245744ms] [LOG] [Fast Refresh] done in 57ms @ http://localhost:3001/_next/static/chunks/node_modules_next_dist_1e8vcs8._.js:776
[  245780ms] [LOG] [Fast Refresh] done in 57ms @ http://localhost:3001/_next/static/chunks/node_modules_next_dist_1e8vcs8._.js:776
[  245815ms] [LOG] [Fast Refresh] done in 57ms @ http://localhost:3001/_next/static/chunks/node_modules_next_dist_1e8vcs8._.js:776
[  245849ms] [LOG] [Fast Refresh] done in 57ms @ http://localhost:3001/_next/static/chunks/node_modules_next_dist_1e8vcs8._.js:776
[  245882ms] [LOG] [Fast Refresh] done in 57ms @ http://localhost:3001/_next/static/chunks/node_modules_next_dist_1e8vcs8._.js:776
[  245916ms] [LOG] [Fast Refresh] done in 57ms @ http://localhost:3001/_next/static/chunks/node_modules_next_dist_1e8vcs8._.js:776
[  245951ms] [LOG] [Fast Refresh] done in 57ms @ http://localhost:3001/_next/static/chunks/node_modules_next_dist_1e8vcs8._.js:776
[  245986ms] [LOG] [Fast Refresh] done in 57ms @ http://localhost:3001/_next/static/chunks/node_modules_next_dist_1e8vcs8._.js:776
[  246020ms] [LOG] [Fast Refresh] done in 57ms @ http://localhost:3001/_next/static/chunks/node_modules_next_dist_1e8vcs8._.js:776
[  246055ms] [LOG] [Fast Refresh] done in 57ms @ http://localhost:3001/_next/static/chunks/node_modules_next_dist_1e8vcs8._.js:776
[  246090ms] [LOG] [Fast Refresh] done in 57ms @ http://localhost:3001/_next/static/chunks/node_modules_next_dist_1e8vcs8._.js:776
[  246125ms] [LOG] [Fast Refresh] done in 57ms @ http://localhost:3001/_next/static/chunks/node_modules_next_dist_1e8vcs8._.js:776
[  246158ms] [LOG] [Fast Refresh] done in 57ms @ http://localhost:3001/_next/static/chunks/node_modules_next_dist_1e8vcs8._.js:776
[  246191ms] [LOG] [Fast Refresh] done in 57ms @ http://localhost:3001/_next/static/chunks/node_modules_next_dist_1e8vcs8._.js:776
[  246225ms] [LOG] [Fast Refresh] done in 57ms @ http://localhost:3001/_next/static/chunks/node_modules_next_dist_1e8vcs8._.js:776
[  246259ms] [LOG] [Fast Refresh] done in 57ms @ http://localhost:3001/_next/static/chunks/node_modules_next_dist_1e8vcs8._.js:776
[  246294ms] [LOG] [Fast Refresh] done in 57ms @ http://localhost:3001/_next/static/chunks/node_modules_next_dist_1e8vcs8._.js:776
[  246328ms] [LOG] [Fast Refresh] done in 57ms @ http://localhost:3001/_next/static/chunks/node_modules_next_dist_1e8vcs8._.js:776
[  246361ms] [LOG] [Fast Refresh] done in 57ms @ http://localhost:3001/_next/static/chunks/node_modules_next_dist_1e8vcs8._.js:776
[  246395ms] [LOG] [Fast Refresh] done in 57ms @ http://localhost:3001/_next/static/chunks/node_modules_next_dist_1e8vcs8._.js:776
[  246430ms] [LOG] [Fast Refresh] done in 57ms @ http://localhost:3001/_next/static/chunks/node_modules_next_dist_1e8vcs8._.js:776
[  246465ms] [LOG] [Fast Refresh] done in 57ms @ http://localhost:3001/_next/static/chunks/node_modules_next_dist_1e8vcs8._.js:776
[  246499ms] [LOG] [Fast Refresh] done in 57ms @ http://localhost:3001/_next/static/chunks/node_modules_next_dist_1e8vcs8._.js:776
[  246534ms] [LOG] [Fast Refresh] done in 57ms @ http://localhost:3001/_next/static/chunks/node_modules_next_dist_1e8vcs8._.js:776
[  246569ms] [LOG] [Fast Refresh] done in 57ms @ http://localhost:3001/_next/static/chunks/node_modules_next_dist_1e8vcs8._.js:776
[  246603ms] [LOG] [Fast Refresh] done in 57ms @ http://localhost:3001/_next/static/chunks/node_modules_next_dist_1e8vcs8._.js:776
[  246641ms] [LOG] [Fast Refresh] done in 57ms @ http://localhost:3001/_next/static/chunks/node_modules_next_dist_1e8vcs8._.js:776
[  246674ms] [LOG] [Fast Refresh] done in 57ms @ http://localhost:3001/_next/static/chunks/node_modules_next_dist_1e8vcs8._.js:776
[  246710ms] [LOG] [Fast Refresh] done in 57ms @ http://localhost:3001/_next/static/chunks/node_modules_next_dist_1e8vcs8._.js:776
[  246745ms] [LOG] [Fast Refresh] done in 57ms @ http://localhost:3001/_next/static/chunks/node_modules_next_dist_1e8vcs8._.js:776
[  246780ms] [LOG] [Fast Refresh] done in 57ms @ http://localhost:3001/_next/static/chunks/node_modules_next_dist_1e8vcs8._.js:776
[  246815ms] [LOG] [Fast Refresh] done in 57ms @ http://localhost:3001/_next/static/chunks/node_modules_next_dist_1e8vcs8._.js:776
[  246849ms] [LOG] [Fast Refresh] done in 57ms @ http://localhost:3001/_next/static/chunks/node_modules_next_dist_1e8vcs8._.js:776
[  246883ms] [LOG] [Fast Refresh] done in 57ms @ http://localhost:3001/_next/static/chunks/node_modules_next_dist_1e8vcs8._.js:776
[  246917ms] [LOG] [Fast Refresh] done in 57ms @ http://localhost:3001/_next/static/chunks/node_modules_next_dist_1e8vcs8._.js:776
[  246951ms] [LOG] [Fast Refresh] done in 57ms @ http://localhost:3001/_next/static/chunks/node_modules_next_dist_1e8vcs8._.js:776
[  246985ms] [LOG] [Fast Refresh] done in 57ms @ http://localhost:3001/_next/static/chunks/node_modules_next_dist_1e8vcs8._.js:776
[  247020ms] [LOG] [Fast Refresh] done in 57ms @ http://localhost:3001/_next/static/chunks/node_modules_next_dist_1e8vcs8._.js:776
[  247055ms] [LOG] [Fast Refresh] done in 57ms @ http://localhost:3001/_next/static/chunks/node_modules_next_dist_1e8vcs8._.js:776
[  247090ms] [LOG] [Fast Refresh] done in 57ms @ http://localhost:3001/_next/static/chunks/node_modules_next_dist_1e8vcs8._.js:776
[  247124ms] [LOG] [Fast Refresh] done in 57ms @ http://localhost:3001/_next/static/chunks/node_modules_next_dist_1e8vcs8._.js:776
[  247159ms] [LOG] [Fast Refresh] done in 57ms @ http://localhost:3001/_next/static/chunks/node_modules_next_dist_1e8vcs8._.js:776
[  247194ms] [LOG] [Fast Refresh] done in 57ms @ http://localhost:3001/_next/static/chunks/node_modules_next_dist_1e8vcs8._.js:776
[  247227ms] [LOG] [Fast Refresh] done in 57ms @ http://localhost:3001/_next/static/chunks/node_modules_next_dist_1e8vcs8._.js:776
[  247262ms] [LOG] [Fast Refresh] done in 57ms @ http://localhost:3001/_next/static/chunks/node_modules_next_dist_1e8vcs8._.js:776
[  247296ms] [LOG] [Fast Refresh] done in 57ms @ http://localhost:3001/_next/static/chunks/node_modules_next_dist_1e8vcs8._.js:776
[  247331ms] [LOG] [Fast Refresh] done in 57ms @ http://localhost:3001/_next/static/chunks/node_modules_next_dist_1e8vcs8._.js:776
[  247366ms] [LOG] [Fast Refresh] done in 57ms @ http://localhost:3001/_next/static/chunks/node_modules_next_dist_1e8vcs8._.js:776
[  247401ms] [LOG] [Fast Refresh] done in 57ms @ http://localhost:3001/_next/static/chunks/node_modules_next_dist_1e8vcs8._.js:776
[  247435ms] [LOG] [Fast Refresh] done in 57ms @ http://localhost:3001/_next/static/chunks/node_modules_next_dist_1e8vcs8._.js:776
[  247469ms] [LOG] [Fast Refresh] done in 57ms @ http://localhost:3001/_next/static/chunks/node_modules_next_dist_1e8vcs8._.js:776
[  247503ms] [LOG] [Fast Refresh] done in 57ms @ http://localhost:3001/_next/static/chunks/node_modules_next_dist_1e8vcs8._.js:776
[  247538ms] [LOG] [Fast Refresh] done in 57ms @ http://localhost:3001/_next/static/chunks/node_modules_next_dist_1e8vcs8._.js:776
[  247571ms] [LOG] [Fast Refresh] done in 57ms @ http://localhost:3001/_next/static/chunks/node_modules_next_dist_1e8vcs8._.js:776
[  247606ms] [LOG] [Fast Refresh] done in 57ms @ http://localhost:3001/_next/static/chunks/node_modules_next_dist_1e8vcs8._.js:776
[  247640ms] [LOG] [Fast Refresh] done in 57ms @ http://localhost:3001/_next/static/chunks/node_modules_next_dist_1e8vcs8._.js:776
[  247676ms] [LOG] [Fast Refresh] done in 57ms @ http://localhost:3001/_next/static/chunks/node_modules_next_dist_1e8vcs8._.js:776
[  247711ms] [LOG] [Fast Refresh] done in 57ms @ http://localhost:3001/_next/static/chunks/node_modules_next_dist_1e8vcs8._.js:776
[  247746ms] [LOG] [Fast Refresh] done in 57ms @ http://localhost:3001/_next/static/chunks/node_modules_next_dist_1e8vcs8._.js:776
[  247779ms] [LOG] [Fast Refresh] done in 57ms @ http://localhost:3001/_next/static/chunks/node_modules_next_dist_1e8vcs8._.js:776
[  247813ms] [LOG] [Fast Refresh] done in 57ms @ http://localhost:3001/_next/static/chunks/node_modules_next_dist_1e8vcs8._.js:776
[  247848ms] [LOG] [Fast Refresh] done in 57ms @ http://localhost:3001/_next/static/chunks/node_modules_next_dist_1e8vcs8._.js:776
[  247882ms] [LOG] [Fast Refresh] done in 57ms @ http://localhost:3001/_next/static/chunks/node_modules_next_dist_1e8vcs8._.js:776
[  247916ms] [LOG] [Fast Refresh] done in 57ms @ http://localhost:3001/_next/static/chunks/node_modules_next_dist_1e8vcs8._.js:776
[  247951ms] [LOG] [Fast Refresh] done in 57ms @ http://localhost:3001/_next/static/chunks/node_modules_next_dist_1e8vcs8._.js:776
[  247984ms] [LOG] [Fast Refresh] done in 57ms @ http://localhost:3001/_next/static/chunks/node_modules_next_dist_1e8vcs8._.js:776
[  248017ms] [LOG] [Fast Refresh] done in 57ms @ http://localhost:3001/_next/static/chunks/node_modules_next_dist_1e8vcs8._.js:776
[  248051ms] [LOG] [Fast Refresh] done in 57ms @ http://localhost:3001/_next/static/chunks/node_modules_next_dist_1e8vcs8._.js:776
[  248085ms] [LOG] [Fast Refresh] done in 57ms @ http://localhost:3001/_next/static/chunks/node_modules_next_dist_1e8vcs8._.js:776
[  248119ms] [LOG] [Fast Refresh] done in 57ms @ http://localhost:3001/_next/static/chunks/node_modules_next_dist_1e8vcs8._.js:776
[  248155ms] [LOG] [Fast Refresh] done in 57ms @ http://localhost:3001/_next/static/chunks/node_modules_next_dist_1e8vcs8._.js:776
[  248189ms] [LOG] [Fast Refresh] done in 57ms @ http://localhost:3001/_next/static/chunks/node_modules_next_dist_1e8vcs8._.js:776
[  248223ms] [LOG] [Fast Refresh] done in 57ms @ http://localhost:3001/_next/static/chunks/node_modules_next_dist_1e8vcs8._.js:776
[  248260ms] [LOG] [Fast Refresh] done in 57ms @ http://localhost:3001/_next/static/chunks/node_modules_next_dist_1e8vcs8._.js:776
[  248293ms] [LOG] [Fast Refresh] done in 57ms @ http://localhost:3001/_next/static/chunks/node_modules_next_dist_1e8vcs8._.js:776
[  248327ms] [LOG] [Fast Refresh] done in 57ms @ http://localhost:3001/_next/static/chunks/node_modules_next_dist_1e8vcs8._.js:776
[  248361ms] [LOG] [Fast Refresh] done in 57ms @ http://localhost:3001/_next/static/chunks/node_modules_next_dist_1e8vcs8._.js:776
[  248396ms] [LOG] [Fast Refresh] done in 57ms @ http://localhost:3001/_next/static/chunks/node_modules_next_dist_1e8vcs8._.js:776
[  248430ms] [LOG] [Fast Refresh] done in 57ms @ http://localhost:3001/_next/static/chunks/node_modules_next_dist_1e8vcs8._.js:776
[  248464ms] [LOG] [Fast Refresh] done in 57ms @ http://localhost:3001/_next/static/chunks/node_modules_next_dist_1e8vcs8._.js:776
[  248498ms] [LOG] [Fast Refresh] done in 57ms @ http://localhost:3001/_next/static/chunks/node_modules_next_dist_1e8vcs8._.js:776
[  248532ms] [LOG] [Fast Refresh] done in 57ms @ http://localhost:3001/_next/static/chunks/node_modules_next_dist_1e8vcs8._.js:776
[  248566ms] [LOG] [Fast Refresh] done in 57ms @ http://localhost:3001/_next/static/chunks/node_modules_next_dist_1e8vcs8._.js:776
[  248600ms] [LOG] [Fast Refresh] done in 57ms @ http://localhost:3001/_next/static/chunks/node_modules_next_dist_1e8vcs8._.js:776
[  248634ms] [LOG] [Fast Refresh] done in 57ms @ http://localhost:3001/_next/static/chunks/node_modules_next_dist_1e8vcs8._.js:776
[  248669ms] [LOG] [Fast Refresh] done in 57ms @ http://localhost:3001/_next/static/chunks/node_modules_next_dist_1e8vcs8._.js:776
[  248703ms] [LOG] [Fast Refresh] done in 57ms @ http://localhost:3001/_next/static/chunks/node_modules_next_dist_1e8vcs8._.js:776
[  248738ms] [LOG] [Fast Refresh] done in 57ms @ http://localhost:3001/_next/static/chunks/node_modules_next_dist_1e8vcs8._.js:776
[  248771ms] [LOG] [Fast Refresh] done in 57ms @ http://localhost:3001/_next/static/chunks/node_modules_next_dist_1e8vcs8._.js:776
[  248806ms] [LOG] [Fast Refresh] done in 57ms @ http://localhost:3001/_next/static/chunks/node_modules_next_dist_1e8vcs8._.js:776
[  248840ms] [LOG] [Fast Refresh] done in 57ms @ http://localhost:3001/_next/static/chunks/node_modules_next_dist_1e8vcs8._.js:776
[  248876ms] [LOG] [Fast Refresh] done in 57ms @ http://localhost:3001/_next/static/chunks/node_modules_next_dist_1e8vcs8._.js:776
[  248910ms] [LOG] [Fast Refresh] done in 57ms @ http://localhost:3001/_next/static/chunks/node_modules_next_dist_1e8vcs8._.js:776
[  248944ms] [LOG] [Fast Refresh] done in 57ms @ http://localhost:3001/_next/static/chunks/node_modules_next_dist_1e8vcs8._.js:776
[  248979ms] [LOG] [Fast Refresh] done in 57ms @ http://localhost:3001/_next/static/chunks/node_modules_next_dist_1e8vcs8._.js:776
[  249013ms] [LOG] [Fast Refresh] done in 57ms @ http://localhost:3001/_next/static/chunks/node_modules_next_dist_1e8vcs8._.js:776
[  249049ms] [LOG] [Fast Refresh] done in 57ms @ http://localhost:3001/_next/static/chunks/node_modules_next_dist_1e8vcs8._.js:776
[  249083ms] [LOG] [Fast Refresh] done in 57ms @ http://localhost:3001/_next/static/chunks/node_modules_next_dist_1e8vcs8._.js:776
[  249117ms] [LOG] [Fast Refresh] done in 57ms @ http://localhost:3001/_next/static/chunks/node_modules_next_dist_1e8vcs8._.js:776
[  249152ms] [LOG] [Fast Refresh] done in 57ms @ http://localhost:3001/_next/static/chunks/node_modules_next_dist_1e8vcs8._.js:776
[  249186ms] [LOG] [Fast Refresh] done in 57ms @ http://localhost:3001/_next/static/chunks/node_modules_next_dist_1e8vcs8._.js:776
[  249220ms] [LOG] [Fast Refresh] done in 57ms @ http://localhost:3001/_next/static/chunks/node_modules_next_dist_1e8vcs8._.js:776
[  249255ms] [LOG] [Fast Refresh] done in 57ms @ http://localhost:3001/_next/static/chunks/node_modules_next_dist_1e8vcs8._.js:776
[  249290ms] [LOG] [Fast Refresh] done in 57ms @ http://localhost:3001/_next/static/chunks/node_modules_next_dist_1e8vcs8._.js:776
[  249324ms] [LOG] [Fast Refresh] done in 57ms @ http://localhost:3001/_next/static/chunks/node_modules_next_dist_1e8vcs8._.js:776
[  249359ms] [LOG] [Fast Refresh] done in 57ms @ http://localhost:3001/_next/static/chunks/node_modules_next_dist_1e8vcs8._.js:776
[  249393ms] [LOG] [Fast Refresh] done in 57ms @ http://localhost:3001/_next/static/chunks/node_modules_next_dist_1e8vcs8._.js:776
[  249427ms] [LOG] [Fast Refresh] done in 57ms @ http://localhost:3001/_next/static/chunks/node_modules_next_dist_1e8vcs8._.js:776
[  249462ms] [LOG] [Fast Refresh] done in 57ms @ http://localhost:3001/_next/static/chunks/node_modules_next_dist_1e8vcs8._.js:776
[  249495ms] [LOG] [Fast Refresh] done in 57ms @ http://localhost:3001/_next/static/chunks/node_modules_next_dist_1e8vcs8._.js:776
[  249529ms] [LOG] [Fast Refresh] done in 57ms @ http://localhost:3001/_next/static/chunks/node_modules_next_dist_1e8vcs8._.js:776
[  249564ms] [LOG] [Fast Refresh] done in 57ms @ http://localhost:3001/_next/static/chunks/node_modules_next_dist_1e8vcs8._.js:776
[  249598ms] [LOG] [Fast Refresh] done in 57ms @ http://localhost:3001/_next/static/chunks/node_modules_next_dist_1e8vcs8._.js:776
[  249632ms] [LOG] [Fast Refresh] done in 57ms @ http://localhost:3001/_next/static/chunks/node_modules_next_dist_1e8vcs8._.js:776
[  249666ms] [LOG] [Fast Refresh] done in 57ms @ http://localhost:3001/_next/static/chunks/node_modules_next_dist_1e8vcs8._.js:776
[  249702ms] [LOG] [Fast Refresh] done in 57ms @ http://localhost:3001/_next/static/chunks/node_modules_next_dist_1e8vcs8._.js:776
[  249735ms] [LOG] [Fast Refresh] done in 57ms @ http://localhost:3001/_next/static/chunks/node_modules_next_dist_1e8vcs8._.js:776
[  249770ms] [LOG] [Fast Refresh] done in 57ms @ http://localhost:3001/_next/static/chunks/node_modules_next_dist_1e8vcs8._.js:776
[  249805ms] [LOG] [Fast Refresh] done in 57ms @ http://localhost:3001/_next/static/chunks/node_modules_next_dist_1e8vcs8._.js:776
[  249839ms] [LOG] [Fast Refresh] done in 57ms @ http://localhost:3001/_next/static/chunks/node_modules_next_dist_1e8vcs8._.js:776
[  249874ms] [LOG] [Fast Refresh] done in 57ms @ http://localhost:3001/_next/static/chunks/node_modules_next_dist_1e8vcs8._.js:776
[  249909ms] [LOG] [Fast Refresh] done in 57ms @ http://localhost:3001/_next/static/chunks/node_modules_next_dist_1e8vcs8._.js:776
[  249943ms] [LOG] [Fast Refresh] done in 57ms @ http://localhost:3001/_next/static/chunks/node_modules_next_dist_1e8vcs8._.js:776
[  249977ms] [LOG] [Fast Refresh] done in 57ms @ http://localhost:3001/_next/static/chunks/node_modules_next_dist_1e8vcs8._.js:776
[  250012ms] [LOG] [Fast Refresh] done in 57ms @ http://localhost:3001/_next/static/chunks/node_modules_next_dist_1e8vcs8._.js:776
[  250048ms] [LOG] [Fast Refresh] done in 57ms @ http://localhost:3001/_next/static/chunks/node_modules_next_dist_1e8vcs8._.js:776
[  250083ms] [LOG] [Fast Refresh] done in 57ms @ http://localhost:3001/_next/static/chunks/node_modules_next_dist_1e8vcs8._.js:776
[  250117ms] [LOG] [Fast Refresh] done in 57ms @ http://localhost:3001/_next/static/chunks/node_modules_next_dist_1e8vcs8._.js:776
[  250152ms] [LOG] [Fast Refresh] done in 57ms @ http://localhost:3001/_next/static/chunks/node_modules_next_dist_1e8vcs8._.js:776
[  250186ms] [LOG] [Fast Refresh] done in 57ms @ http://localhost:3001/_next/static/chunks/node_modules_next_dist_1e8vcs8._.js:776
[  250221ms] [LOG] [Fast Refresh] done in 57ms @ http://localhost:3001/_next/static/chunks/node_modules_next_dist_1e8vcs8._.js:776
[  250255ms] [LOG] [Fast Refresh] done in 57ms @ http://localhost:3001/_next/static/chunks/node_modules_next_dist_1e8vcs8._.js:776
[  250290ms] [LOG] [Fast Refresh] done in 57ms @ http://localhost:3001/_next/static/chunks/node_modules_next_dist_1e8vcs8._.js:776
[  250325ms] [LOG] [Fast Refresh] done in 57ms @ http://localhost:3001/_next/static/chunks/node_modules_next_dist_1e8vcs8._.js:776
[  250359ms] [LOG] [Fast Refresh] done in 57ms @ http://localhost:3001/_next/static/chunks/node_modules_next_dist_1e8vcs8._.js:776
[  250394ms] [LOG] [Fast Refresh] done in 57ms @ http://localhost:3001/_next/static/chunks/node_modules_next_dist_1e8vcs8._.js:776
[  250428ms] [LOG] [Fast Refresh] done in 57ms @ http://localhost:3001/_next/static/chunks/node_modules_next_dist_1e8vcs8._.js:776
[  250462ms] [LOG] [Fast Refresh] done in 57ms @ http://localhost:3001/_next/static/chunks/node_modules_next_dist_1e8vcs8._.js:776
[  250496ms] [LOG] [Fast Refresh] done in 57ms @ http://localhost:3001/_next/static/chunks/node_modules_next_dist_1e8vcs8._.js:776
[  250530ms] [LOG] [Fast Refresh] done in 57ms @ http://localhost:3001/_next/static/chunks/node_modules_next_dist_1e8vcs8._.js:776
[  250566ms] [LOG] [Fast Refresh] done in 57ms @ http://localhost:3001/_next/static/chunks/node_modules_next_dist_1e8vcs8._.js:776
[  250601ms] [LOG] [Fast Refresh] done in 57ms @ http://localhost:3001/_next/static/chunks/node_modules_next_dist_1e8vcs8._.js:776
[  250636ms] [LOG] [Fast Refresh] done in 57ms @ http://localhost:3001/_next/static/chunks/node_modules_next_dist_1e8vcs8._.js:776
[  250675ms] [LOG] [Fast Refresh] done in 57ms @ http://localhost:3001/_next/static/chunks/node_modules_next_dist_1e8vcs8._.js:776
[  250709ms] [LOG] [Fast Refresh] done in 57ms @ http://localhost:3001/_next/static/chunks/node_modules_next_dist_1e8vcs8._.js:776
[  250743ms] [LOG] [Fast Refresh] done in 57ms @ http://localhost:3001/_next/static/chunks/node_modules_next_dist_1e8vcs8._.js:776
[  250778ms] [LOG] [Fast Refresh] done in 57ms @ http://localhost:3001/_next/static/chunks/node_modules_next_dist_1e8vcs8._.js:776
[  250813ms] [LOG] [Fast Refresh] done in 57ms @ http://localhost:3001/_next/static/chunks/node_modules_next_dist_1e8vcs8._.js:776
[  250847ms] [LOG] [Fast Refresh] done in 57ms @ http://localhost:3001/_next/static/chunks/node_modules_next_dist_1e8vcs8._.js:776
[  250881ms] [LOG] [Fast Refresh] done in 57ms @ http://localhost:3001/_next/static/chunks/node_modules_next_dist_1e8vcs8._.js:776
[  250915ms] [LOG] [Fast Refresh] done in 57ms @ http://localhost:3001/_next/static/chunks/node_modules_next_dist_1e8vcs8._.js:776
[  250951ms] [LOG] [Fast Refresh] done in 57ms @ http://localhost:3001/_next/static/chunks/node_modules_next_dist_1e8vcs8._.js:776
[  250986ms] [LOG] [Fast Refresh] done in 57ms @ http://localhost:3001/_next/static/chunks/node_modules_next_dist_1e8vcs8._.js:776
[  251020ms] [LOG] [Fast Refresh] done in 57ms @ http://localhost:3001/_next/static/chunks/node_modules_next_dist_1e8vcs8._.js:776
[  251055ms] [LOG] [Fast Refresh] done in 57ms @ http://localhost:3001/_next/static/chunks/node_modules_next_dist_1e8vcs8._.js:776
[  251090ms] [LOG] [Fast Refresh] done in 57ms @ http://localhost:3001/_next/static/chunks/node_modules_next_dist_1e8vcs8._.js:776
[  251125ms] [LOG] [Fast Refresh] done in 57ms @ http://localhost:3001/_next/static/chunks/node_modules_next_dist_1e8vcs8._.js:776
[  251158ms] [LOG] [Fast Refresh] done in 57ms @ http://localhost:3001/_next/static/chunks/node_modules_next_dist_1e8vcs8._.js:776
[  251192ms] [LOG] [Fast Refresh] done in 57ms @ http://localhost:3001/_next/static/chunks/node_modules_next_dist_1e8vcs8._.js:776
[  251227ms] [LOG] [Fast Refresh] done in 57ms @ http://localhost:3001/_next/static/chunks/node_modules_next_dist_1e8vcs8._.js:776
[  251262ms] [LOG] [Fast Refresh] done in 57ms @ http://localhost:3001/_next/static/chunks/node_modules_next_dist_1e8vcs8._.js:776
[  251297ms] [LOG] [Fast Refresh] done in 57ms @ http://localhost:3001/_next/static/chunks/node_modules_next_dist_1e8vcs8._.js:776
[  251331ms] [LOG] [Fast Refresh] done in 57ms @ http://localhost:3001/_next/static/chunks/node_modules_next_dist_1e8vcs8._.js:776
[  251366ms] [LOG] [Fast Refresh] done in 57ms @ http://localhost:3001/_next/static/chunks/node_modules_next_dist_1e8vcs8._.js:776
[  251401ms] [LOG] [Fast Refresh] done in 57ms @ http://localhost:3001/_next/static/chunks/node_modules_next_dist_1e8vcs8._.js:776
[  251435ms] [LOG] [Fast Refresh] done in 57ms @ http://localhost:3001/_next/static/chunks/node_modules_next_dist_1e8vcs8._.js:776
[  251469ms] [LOG] [Fast Refresh] done in 57ms @ http://localhost:3001/_next/static/chunks/node_modules_next_dist_1e8vcs8._.js:776
[  251503ms] [LOG] [Fast Refresh] done in 57ms @ http://localhost:3001/_next/static/chunks/node_modules_next_dist_1e8vcs8._.js:776
[  251538ms] [LOG] [Fast Refresh] done in 57ms @ http://localhost:3001/_next/static/chunks/node_modules_next_dist_1e8vcs8._.js:776
[  251573ms] [LOG] [Fast Refresh] done in 57ms @ http://localhost:3001/_next/static/chunks/node_modules_next_dist_1e8vcs8._.js:776
[  251607ms] [LOG] [Fast Refresh] done in 57ms @ http://localhost:3001/_next/static/chunks/node_modules_next_dist_1e8vcs8._.js:776
[  251641ms] [LOG] [Fast Refresh] done in 57ms @ http://localhost:3001/_next/static/chunks/node_modules_next_dist_1e8vcs8._.js:776
[  251676ms] [LOG] [Fast Refresh] done in 57ms @ http://localhost:3001/_next/static/chunks/node_modules_next_dist_1e8vcs8._.js:776
[  251710ms] [LOG] [Fast Refresh] done in 57ms @ http://localhost:3001/_next/static/chunks/node_modules_next_dist_1e8vcs8._.js:776
[  251745ms] [LOG] [Fast Refresh] done in 57ms @ http://localhost:3001/_next/static/chunks/node_modules_next_dist_1e8vcs8._.js:776
[  251779ms] [LOG] [Fast Refresh] done in 57ms @ http://localhost:3001/_next/static/chunks/node_modules_next_dist_1e8vcs8._.js:776
[  251813ms] [LOG] [Fast Refresh] done in 57ms @ http://localhost:3001/_next/static/chunks/node_modules_next_dist_1e8vcs8._.js:776
[  251847ms] [LOG] [Fast Refresh] done in 57ms @ http://localhost:3001/_next/static/chunks/node_modules_next_dist_1e8vcs8._.js:776
[  251882ms] [LOG] [Fast Refresh] done in 57ms @ http://localhost:3001/_next/static/chunks/node_modules_next_dist_1e8vcs8._.js:776
[  251917ms] [LOG] [Fast Refresh] done in 57ms @ http://localhost:3001/_next/static/chunks/node_modules_next_dist_1e8vcs8._.js:776
[  251951ms] [LOG] [Fast Refresh] done in 57ms @ http://localhost:3001/_next/static/chunks/node_modules_next_dist_1e8vcs8._.js:776
[  251985ms] [LOG] [Fast Refresh] done in 57ms @ http://localhost:3001/_next/static/chunks/node_modules_next_dist_1e8vcs8._.js:776
[  252020ms] [LOG] [Fast Refresh] done in 57ms @ http://localhost:3001/_next/static/chunks/node_modules_next_dist_1e8vcs8._.js:776
[  252055ms] [LOG] [Fast Refresh] done in 57ms @ http://localhost:3001/_next/static/chunks/node_modules_next_dist_1e8vcs8._.js:776
[  252090ms] [LOG] [Fast Refresh] done in 57ms @ http://localhost:3001/_next/static/chunks/node_modules_next_dist_1e8vcs8._.js:776
[  252123ms] [LOG] [Fast Refresh] done in 57ms @ http://localhost:3001/_next/static/chunks/node_modules_next_dist_1e8vcs8._.js:776
[  252157ms] [LOG] [Fast Refresh] done in 57ms @ http://localhost:3001/_next/static/chunks/node_modules_next_dist_1e8vcs8._.js:776
[  252191ms] [LOG] [Fast Refresh] done in 57ms @ http://localhost:3001/_next/static/chunks/node_modules_next_dist_1e8vcs8._.js:776
[  252227ms] [LOG] [Fast Refresh] done in 57ms @ http://localhost:3001/_next/static/chunks/node_modules_next_dist_1e8vcs8._.js:776
[  252261ms] [LOG] [Fast Refresh] done in 57ms @ http://localhost:3001/_next/static/chunks/node_modules_next_dist_1e8vcs8._.js:776
[  252294ms] [LOG] [Fast Refresh] done in 57ms @ http://localhost:3001/_next/static/chunks/node_modules_next_dist_1e8vcs8._.js:776
[  252328ms] [LOG] [Fast Refresh] done in 57ms @ http://localhost:3001/_next/static/chunks/node_modules_next_dist_1e8vcs8._.js:776
[  252365ms] [LOG] [Fast Refresh] done in 57ms @ http://localhost:3001/_next/static/chunks/node_modules_next_dist_1e8vcs8._.js:776
[  252399ms] [LOG] [Fast Refresh] done in 57ms @ http://localhost:3001/_next/static/chunks/node_modules_next_dist_1e8vcs8._.js:776
[  252432ms] [LOG] [Fast Refresh] done in 57ms @ http://localhost:3001/_next/static/chunks/node_modules_next_dist_1e8vcs8._.js:776
[  252467ms] [LOG] [Fast Refresh] done in 57ms @ http://localhost:3001/_next/static/chunks/node_modules_next_dist_1e8vcs8._.js:776
[  252502ms] [LOG] [Fast Refresh] done in 57ms @ http://localhost:3001/_next/static/chunks/node_modules_next_dist_1e8vcs8._.js:776
[  252537ms] [LOG] [Fast Refresh] done in 57ms @ http://localhost:3001/_next/static/chunks/node_modules_next_dist_1e8vcs8._.js:776
[  252572ms] [LOG] [Fast Refresh] done in 57ms @ http://localhost:3001/_next/static/chunks/node_modules_next_dist_1e8vcs8._.js:776
[  252606ms] [LOG] [Fast Refresh] done in 57ms @ http://localhost:3001/_next/static/chunks/node_modules_next_dist_1e8vcs8._.js:776
[  252642ms] [LOG] [Fast Refresh] done in 57ms @ http://localhost:3001/_next/static/chunks/node_modules_next_dist_1e8vcs8._.js:776
[  252676ms] [LOG] [Fast Refresh] done in 57ms @ http://localhost:3001/_next/static/chunks/node_modules_next_dist_1e8vcs8._.js:776
[  252710ms] [LOG] [Fast Refresh] done in 57ms @ http://localhost:3001/_next/static/chunks/node_modules_next_dist_1e8vcs8._.js:776
[  252744ms] [LOG] [Fast Refresh] done in 57ms @ http://localhost:3001/_next/static/chunks/node_modules_next_dist_1e8vcs8._.js:776
[  252779ms] [LOG] [Fast Refresh] done in 57ms @ http://localhost:3001/_next/static/chunks/node_modules_next_dist_1e8vcs8._.js:776
[  252814ms] [LOG] [Fast Refresh] done in 57ms @ http://localhost:3001/_next/static/chunks/node_modules_next_dist_1e8vcs8._.js:776
[  252847ms] [LOG] [Fast Refresh] done in 57ms @ http://localhost:3001/_next/static/chunks/node_modules_next_dist_1e8vcs8._.js:776
[  252880ms] [LOG] [Fast Refresh] done in 57ms @ http://localhost:3001/_next/static/chunks/node_modules_next_dist_1e8vcs8._.js:776
[  252915ms] [LOG] [Fast Refresh] done in 57ms @ http://localhost:3001/_next/static/chunks/node_modules_next_dist_1e8vcs8._.js:776
[  252949ms] [LOG] [Fast Refresh] done in 57ms @ http://localhost:3001/_next/static/chunks/node_modules_next_dist_1e8vcs8._.js:776
[  252983ms] [LOG] [Fast Refresh] done in 57ms @ http://localhost:3001/_next/static/chunks/node_modules_next_dist_1e8vcs8._.js:776
[  253016ms] [LOG] [Fast Refresh] done in 57ms @ http://localhost:3001/_next/static/chunks/node_modules_next_dist_1e8vcs8._.js:776
[  253051ms] [LOG] [Fast Refresh] done in 57ms @ http://localhost:3001/_next/static/chunks/node_modules_next_dist_1e8vcs8._.js:776
[  253086ms] [LOG] [Fast Refresh] done in 57ms @ http://localhost:3001/_next/static/chunks/node_modules_next_dist_1e8vcs8._.js:776
[  253122ms] [LOG] [Fast Refresh] done in 57ms @ http://localhost:3001/_next/static/chunks/node_modules_next_dist_1e8vcs8._.js:776
[  253158ms] [LOG] [Fast Refresh] done in 57ms @ http://localhost:3001/_next/static/chunks/node_modules_next_dist_1e8vcs8._.js:776
[  253191ms] [LOG] [Fast Refresh] done in 57ms @ http://localhost:3001/_next/static/chunks/node_modules_next_dist_1e8vcs8._.js:776
[  253226ms] [LOG] [Fast Refresh] done in 57ms @ http://localhost:3001/_next/static/chunks/node_modules_next_dist_1e8vcs8._.js:776
[  253261ms] [LOG] [Fast Refresh] done in 57ms @ http://localhost:3001/_next/static/chunks/node_modules_next_dist_1e8vcs8._.js:776
[  253295ms] [LOG] [Fast Refresh] done in 57ms @ http://localhost:3001/_next/static/chunks/node_modules_next_dist_1e8vcs8._.js:776
[  253329ms] [LOG] [Fast Refresh] done in 57ms @ http://localhost:3001/_next/static/chunks/node_modules_next_dist_1e8vcs8._.js:776
[  253363ms] [LOG] [Fast Refresh] done in 57ms @ http://localhost:3001/_next/static/chunks/node_modules_next_dist_1e8vcs8._.js:776
[  253397ms] [LOG] [Fast Refresh] done in 57ms @ http://localhost:3001/_next/static/chunks/node_modules_next_dist_1e8vcs8._.js:776
[  253433ms] [LOG] [Fast Refresh] done in 57ms @ http://localhost:3001/_next/static/chunks/node_modules_next_dist_1e8vcs8._.js:776
[  253468ms] [LOG] [Fast Refresh] done in 57ms @ http://localhost:3001/_next/static/chunks/node_modules_next_dist_1e8vcs8._.js:776
[  253503ms] [LOG] [Fast Refresh] done in 57ms @ http://localhost:3001/_next/static/chunks/node_modules_next_dist_1e8vcs8._.js:776
[  253538ms] [LOG] [Fast Refresh] done in 57ms @ http://localhost:3001/_next/static/chunks/node_modules_next_dist_1e8vcs8._.js:776
[  253573ms] [LOG] [Fast Refresh] done in 57ms @ http://localhost:3001/_next/static/chunks/node_modules_next_dist_1e8vcs8._.js:776
[  253607ms] [LOG] [Fast Refresh] done in 57ms @ http://localhost:3001/_next/static/chunks/node_modules_next_dist_1e8vcs8._.js:776
[  253641ms] [LOG] [Fast Refresh] done in 57ms @ http://localhost:3001/_next/static/chunks/node_modules_next_dist_1e8vcs8._.js:776
[  253679ms] [LOG] [Fast Refresh] done in 57ms @ http://localhost:3001/_next/static/chunks/node_modules_next_dist_1e8vcs8._.js:776
[  253713ms] [LOG] [Fast Refresh] done in 57ms @ http://localhost:3001/_next/static/chunks/node_modules_next_dist_1e8vcs8._.js:776
[  253747ms] [LOG] [Fast Refresh] done in 57ms @ http://localhost:3001/_next/static/chunks/node_modules_next_dist_1e8vcs8._.js:776
[  253781ms] [LOG] [Fast Refresh] done in 57ms @ http://localhost:3001/_next/static/chunks/node_modules_next_dist_1e8vcs8._.js:776
[  253816ms] [LOG] [Fast Refresh] done in 57ms @ http://localhost:3001/_next/static/chunks/node_modules_next_dist_1e8vcs8._.js:776
[  253850ms] [LOG] [Fast Refresh] done in 57ms @ http://localhost:3001/_next/static/chunks/node_modules_next_dist_1e8vcs8._.js:776
[  253886ms] [LOG] [Fast Refresh] done in 57ms @ http://localhost:3001/_next/static/chunks/node_modules_next_dist_1e8vcs8._.js:776
[  253920ms] [LOG] [Fast Refresh] done in 57ms @ http://localhost:3001/_next/static/chunks/node_modules_next_dist_1e8vcs8._.js:776
[  253956ms] [LOG] [Fast Refresh] done in 57ms @ http://localhost:3001/_next/static/chunks/node_modules_next_dist_1e8vcs8._.js:776
[  253990ms] [LOG] [Fast Refresh] done in 57ms @ http://localhost:3001/_next/static/chunks/node_modules_next_dist_1e8vcs8._.js:776
[  254025ms] [LOG] [Fast Refresh] done in 57ms @ http://localhost:3001/_next/static/chunks/node_modules_next_dist_1e8vcs8._.js:776
[  254060ms] [LOG] [Fast Refresh] done in 57ms @ http://localhost:3001/_next/static/chunks/node_modules_next_dist_1e8vcs8._.js:776
[  254094ms] [LOG] [Fast Refresh] done in 57ms @ http://localhost:3001/_next/static/chunks/node_modules_next_dist_1e8vcs8._.js:776
[  254129ms] [LOG] [Fast Refresh] done in 57ms @ http://localhost:3001/_next/static/chunks/node_modules_next_dist_1e8vcs8._.js:776
[  254164ms] [LOG] [Fast Refresh] done in 57ms @ http://localhost:3001/_next/static/chunks/node_modules_next_dist_1e8vcs8._.js:776
[  254198ms] [LOG] [Fast Refresh] done in 57ms @ http://localhost:3001/_next/static/chunks/node_modules_next_dist_1e8vcs8._.js:776
[  254232ms] [LOG] [Fast Refresh] done in 57ms @ http://localhost:3001/_next/static/chunks/node_modules_next_dist_1e8vcs8._.js:776
[  254266ms] [LOG] [Fast Refresh] done in 57ms @ http://localhost:3001/_next/static/chunks/node_modules_next_dist_1e8vcs8._.js:776
[  254301ms] [LOG] [Fast Refresh] done in 57ms @ http://localhost:3001/_next/static/chunks/node_modules_next_dist_1e8vcs8._.js:776
[  254335ms] [LOG] [Fast Refresh] done in 57ms @ http://localhost:3001/_next/static/chunks/node_modules_next_dist_1e8vcs8._.js:776
[  254370ms] [LOG] [Fast Refresh] done in 57ms @ http://localhost:3001/_next/static/chunks/node_modules_next_dist_1e8vcs8._.js:776
[  254405ms] [LOG] [Fast Refresh] done in 57ms @ http://localhost:3001/_next/static/chunks/node_modules_next_dist_1e8vcs8._.js:776
[  254439ms] [LOG] [Fast Refresh] done in 57ms @ http://localhost:3001/_next/static/chunks/node_modules_next_dist_1e8vcs8._.js:776
[  254475ms] [LOG] [Fast Refresh] done in 57ms @ http://localhost:3001/_next/static/chunks/node_modules_next_dist_1e8vcs8._.js:776
[  254509ms] [LOG] [Fast Refresh] done in 57ms @ http://localhost:3001/_next/static/chunks/node_modules_next_dist_1e8vcs8._.js:776
[  254544ms] [LOG] [Fast Refresh] done in 57ms @ http://localhost:3001/_next/static/chunks/node_modules_next_dist_1e8vcs8._.js:776
[  254579ms] [LOG] [Fast Refresh] done in 57ms @ http://localhost:3001/_next/static/chunks/node_modules_next_dist_1e8vcs8._.js:776
[  254613ms] [LOG] [Fast Refresh] done in 57ms @ http://localhost:3001/_next/static/chunks/node_modules_next_dist_1e8vcs8._.js:776
[  254647ms] [LOG] [Fast Refresh] done in 57ms @ http://localhost:3001/_next/static/chunks/node_modules_next_dist_1e8vcs8._.js:776
[  254683ms] [LOG] [Fast Refresh] done in 57ms @ http://localhost:3001/_next/static/chunks/node_modules_next_dist_1e8vcs8._.js:776
[  254717ms] [LOG] [Fast Refresh] done in 57ms @ http://localhost:3001/_next/static/chunks/node_modules_next_dist_1e8vcs8._.js:776
[  254752ms] [LOG] [Fast Refresh] done in 57ms @ http://localhost:3001/_next/static/chunks/node_modules_next_dist_1e8vcs8._.js:776
[  254786ms] [LOG] [Fast Refresh] done in 57ms @ http://localhost:3001/_next/static/chunks/node_modules_next_dist_1e8vcs8._.js:776
[  254821ms] [LOG] [Fast Refresh] done in 57ms @ http://localhost:3001/_next/static/chunks/node_modules_next_dist_1e8vcs8._.js:776
[  254856ms] [LOG] [Fast Refresh] done in 57ms @ http://localhost:3001/_next/static/chunks/node_modules_next_dist_1e8vcs8._.js:776
[  254890ms] [LOG] [Fast Refresh] done in 57ms @ http://localhost:3001/_next/static/chunks/node_modules_next_dist_1e8vcs8._.js:776
[  254924ms] [LOG] [Fast Refresh] done in 57ms @ http://localhost:3001/_next/static/chunks/node_modules_next_dist_1e8vcs8._.js:776
[  254959ms] [LOG] [Fast Refresh] done in 57ms @ http://localhost:3001/_next/static/chunks/node_modules_next_dist_1e8vcs8._.js:776
[  254992ms] [LOG] [Fast Refresh] done in 57ms @ http://localhost:3001/_next/static/chunks/node_modules_next_dist_1e8vcs8._.js:776
[  255028ms] [LOG] [Fast Refresh] done in 57ms @ http://localhost:3001/_next/static/chunks/node_modules_next_dist_1e8vcs8._.js:776
[  255061ms] [LOG] [Fast Refresh] done in 57ms @ http://localhost:3001/_next/static/chunks/node_modules_next_dist_1e8vcs8._.js:776
[  255096ms] [LOG] [Fast Refresh] done in 57ms @ http://localhost:3001/_next/static/chunks/node_modules_next_dist_1e8vcs8._.js:776
[  255130ms] [LOG] [Fast Refresh] done in 57ms @ http://localhost:3001/_next/static/chunks/node_modules_next_dist_1e8vcs8._.js:776
[  255166ms] [LOG] [Fast Refresh] done in 57ms @ http://localhost:3001/_next/static/chunks/node_modules_next_dist_1e8vcs8._.js:776
[  255199ms] [LOG] [Fast Refresh] done in 57ms @ http://localhost:3001/_next/static/chunks/node_modules_next_dist_1e8vcs8._.js:776
[  255234ms] [LOG] [Fast Refresh] done in 57ms @ http://localhost:3001/_next/static/chunks/node_modules_next_dist_1e8vcs8._.js:776
[  255268ms] [LOG] [Fast Refresh] done in 57ms @ http://localhost:3001/_next/static/chunks/node_modules_next_dist_1e8vcs8._.js:776
[  255303ms] [LOG] [Fast Refresh] done in 57ms @ http://localhost:3001/_next/static/chunks/node_modules_next_dist_1e8vcs8._.js:776
[  255336ms] [LOG] [Fast Refresh] done in 57ms @ http://localhost:3001/_next/static/chunks/node_modules_next_dist_1e8vcs8._.js:776
[  255372ms] [LOG] [Fast Refresh] done in 57ms @ http://localhost:3001/_next/static/chunks/node_modules_next_dist_1e8vcs8._.js:776
[  255406ms] [LOG] [Fast Refresh] done in 57ms @ http://localhost:3001/_next/static/chunks/node_modules_next_dist_1e8vcs8._.js:776
[  255440ms] [LOG] [Fast Refresh] done in 57ms @ http://localhost:3001/_next/static/chunks/node_modules_next_dist_1e8vcs8._.js:776
[  255476ms] [LOG] [Fast Refresh] done in 57ms @ http://localhost:3001/_next/static/chunks/node_modules_next_dist_1e8vcs8._.js:776
[  255511ms] [LOG] [Fast Refresh] done in 57ms @ http://localhost:3001/_next/static/chunks/node_modules_next_dist_1e8vcs8._.js:776
[  255544ms] [LOG] [Fast Refresh] done in 57ms @ http://localhost:3001/_next/static/chunks/node_modules_next_dist_1e8vcs8._.js:776
[  255580ms] [LOG] [Fast Refresh] done in 57ms @ http://localhost:3001/_next/static/chunks/node_modules_next_dist_1e8vcs8._.js:776
[  255614ms] [LOG] [Fast Refresh] done in 57ms @ http://localhost:3001/_next/static/chunks/node_modules_next_dist_1e8vcs8._.js:776
[  255647ms] [LOG] [Fast Refresh] done in 57ms @ http://localhost:3001/_next/static/chunks/node_modules_next_dist_1e8vcs8._.js:776
[  255680ms] [LOG] [Fast Refresh] done in 57ms @ http://localhost:3001/_next/static/chunks/node_modules_next_dist_1e8vcs8._.js:776
[  255715ms] [LOG] [Fast Refresh] done in 57ms @ http://localhost:3001/_next/static/chunks/node_modules_next_dist_1e8vcs8._.js:776
[  255750ms] [LOG] [Fast Refresh] done in 57ms @ http://localhost:3001/_next/static/chunks/node_modules_next_dist_1e8vcs8._.js:776
[  255785ms] [LOG] [Fast Refresh] done in 57ms @ http://localhost:3001/_next/static/chunks/node_modules_next_dist_1e8vcs8._.js:776
[  255820ms] [LOG] [Fast Refresh] done in 57ms @ http://localhost:3001/_next/static/chunks/node_modules_next_dist_1e8vcs8._.js:776
[  255855ms] [LOG] [Fast Refresh] done in 57ms @ http://localhost:3001/_next/static/chunks/node_modules_next_dist_1e8vcs8._.js:776
[  255888ms] [LOG] [Fast Refresh] done in 57ms @ http://localhost:3001/_next/static/chunks/node_modules_next_dist_1e8vcs8._.js:776
[  255922ms] [LOG] [Fast Refresh] done in 57ms @ http://localhost:3001/_next/static/chunks/node_modules_next_dist_1e8vcs8._.js:776
[  255956ms] [LOG] [Fast Refresh] done in 57ms @ http://localhost:3001/_next/static/chunks/node_modules_next_dist_1e8vcs8._.js:776
[  255990ms] [LOG] [Fast Refresh] done in 57ms @ http://localhost:3001/_next/static/chunks/node_modules_next_dist_1e8vcs8._.js:776
[  256024ms] [LOG] [Fast Refresh] done in 57ms @ http://localhost:3001/_next/static/chunks/node_modules_next_dist_1e8vcs8._.js:776
[  256059ms] [LOG] [Fast Refresh] done in 57ms @ http://localhost:3001/_next/static/chunks/node_modules_next_dist_1e8vcs8._.js:776
[  256093ms] [LOG] [Fast Refresh] done in 57ms @ http://localhost:3001/_next/static/chunks/node_modules_next_dist_1e8vcs8._.js:776
[  256127ms] [LOG] [Fast Refresh] done in 57ms @ http://localhost:3001/_next/static/chunks/node_modules_next_dist_1e8vcs8._.js:776
[  256161ms] [LOG] [Fast Refresh] done in 57ms @ http://localhost:3001/_next/static/chunks/node_modules_next_dist_1e8vcs8._.js:776
[  256195ms] [LOG] [Fast Refresh] done in 57ms @ http://localhost:3001/_next/static/chunks/node_modules_next_dist_1e8vcs8._.js:776
[  256231ms] [LOG] [Fast Refresh] done in 57ms @ http://localhost:3001/_next/static/chunks/node_modules_next_dist_1e8vcs8._.js:776
[  256266ms] [LOG] [Fast Refresh] done in 57ms @ http://localhost:3001/_next/static/chunks/node_modules_next_dist_1e8vcs8._.js:776
[  256300ms] [LOG] [Fast Refresh] done in 57ms @ http://localhost:3001/_next/static/chunks/node_modules_next_dist_1e8vcs8._.js:776
[  256334ms] [LOG] [Fast Refresh] done in 57ms @ http://localhost:3001/_next/static/chunks/node_modules_next_dist_1e8vcs8._.js:776
[  256369ms] [LOG] [Fast Refresh] done in 57ms @ http://localhost:3001/_next/static/chunks/node_modules_next_dist_1e8vcs8._.js:776
[  256405ms] [LOG] [Fast Refresh] done in 57ms @ http://localhost:3001/_next/static/chunks/node_modules_next_dist_1e8vcs8._.js:776
[  256439ms] [LOG] [Fast Refresh] done in 57ms @ http://localhost:3001/_next/static/chunks/node_modules_next_dist_1e8vcs8._.js:776
[  256473ms] [LOG] [Fast Refresh] done in 57ms @ http://localhost:3001/_next/static/chunks/node_modules_next_dist_1e8vcs8._.js:776
[  256509ms] [LOG] [Fast Refresh] done in 57ms @ http://localhost:3001/_next/static/chunks/node_modules_next_dist_1e8vcs8._.js:776
[  256544ms] [LOG] [Fast Refresh] done in 57ms @ http://localhost:3001/_next/static/chunks/node_modules_next_dist_1e8vcs8._.js:776
[  256579ms] [LOG] [Fast Refresh] done in 57ms @ http://localhost:3001/_next/static/chunks/node_modules_next_dist_1e8vcs8._.js:776
[  256612ms] [LOG] [Fast Refresh] done in 57ms @ http://localhost:3001/_next/static/chunks/node_modules_next_dist_1e8vcs8._.js:776
[  256647ms] [LOG] [Fast Refresh] done in 57ms @ http://localhost:3001/_next/static/chunks/node_modules_next_dist_1e8vcs8._.js:776
[  256681ms] [LOG] [Fast Refresh] done in 57ms @ http://localhost:3001/_next/static/chunks/node_modules_next_dist_1e8vcs8._.js:776
[  256716ms] [LOG] [Fast Refresh] done in 57ms @ http://localhost:3001/_next/static/chunks/node_modules_next_dist_1e8vcs8._.js:776
[  256749ms] [LOG] [Fast Refresh] done in 57ms @ http://localhost:3001/_next/static/chunks/node_modules_next_dist_1e8vcs8._.js:776
[  256784ms] [LOG] [Fast Refresh] done in 57ms @ http://localhost:3001/_next/static/chunks/node_modules_next_dist_1e8vcs8._.js:776
[  256819ms] [LOG] [Fast Refresh] done in 57ms @ http://localhost:3001/_next/static/chunks/node_modules_next_dist_1e8vcs8._.js:776
[  256853ms] [LOG] [Fast Refresh] done in 57ms @ http://localhost:3001/_next/static/chunks/node_modules_next_dist_1e8vcs8._.js:776
[  256888ms] [LOG] [Fast Refresh] done in 57ms @ http://localhost:3001/_next/static/chunks/node_modules_next_dist_1e8vcs8._.js:776
[  256923ms] [LOG] [Fast Refresh] done in 57ms @ http://localhost:3001/_next/static/chunks/node_modules_next_dist_1e8vcs8._.js:776
[  256957ms] [LOG] [Fast Refresh] done in 57ms @ http://localhost:3001/_next/static/chunks/node_modules_next_dist_1e8vcs8._.js:776
[  256991ms] [LOG] [Fast Refresh] done in 57ms @ http://localhost:3001/_next/static/chunks/node_modules_next_dist_1e8vcs8._.js:776
[  257024ms] [LOG] [Fast Refresh] done in 57ms @ http://localhost:3001/_next/static/chunks/node_modules_next_dist_1e8vcs8._.js:776
[  257058ms] [LOG] [Fast Refresh] done in 57ms @ http://localhost:3001/_next/static/chunks/node_modules_next_dist_1e8vcs8._.js:776
[  257092ms] [LOG] [Fast Refresh] done in 57ms @ http://localhost:3001/_next/static/chunks/node_modules_next_dist_1e8vcs8._.js:776
[  257126ms] [LOG] [Fast Refresh] done in 57ms @ http://localhost:3001/_next/static/chunks/node_modules_next_dist_1e8vcs8._.js:776
[  257159ms] [LOG] [Fast Refresh] done in 57ms @ http://localhost:3001/_next/static/chunks/node_modules_next_dist_1e8vcs8._.js:776
[  257193ms] [LOG] [Fast Refresh] done in 57ms @ http://localhost:3001/_next/static/chunks/node_modules_next_dist_1e8vcs8._.js:776
[  257228ms] [LOG] [Fast Refresh] done in 57ms @ http://localhost:3001/_next/static/chunks/node_modules_next_dist_1e8vcs8._.js:776
[  257263ms] [LOG] [Fast Refresh] done in 57ms @ http://localhost:3001/_next/static/chunks/node_modules_next_dist_1e8vcs8._.js:776
[  257297ms] [LOG] [Fast Refresh] done in 57ms @ http://localhost:3001/_next/static/chunks/node_modules_next_dist_1e8vcs8._.js:776
[  257332ms] [LOG] [Fast Refresh] done in 57ms @ http://localhost:3001/_next/static/chunks/node_modules_next_dist_1e8vcs8._.js:776
[  257366ms] [LOG] [Fast Refresh] done in 57ms @ http://localhost:3001/_next/static/chunks/node_modules_next_dist_1e8vcs8._.js:776
[  257400ms] [LOG] [Fast Refresh] done in 57ms @ http://localhost:3001/_next/static/chunks/node_modules_next_dist_1e8vcs8._.js:776
[  257435ms] [LOG] [Fast Refresh] done in 57ms @ http://localhost:3001/_next/static/chunks/node_modules_next_dist_1e8vcs8._.js:776
[  257470ms] [LOG] [Fast Refresh] done in 57ms @ http://localhost:3001/_next/static/chunks/node_modules_next_dist_1e8vcs8._.js:776
[  257503ms] [LOG] [Fast Refresh] done in 57ms @ http://localhost:3001/_next/static/chunks/node_modules_next_dist_1e8vcs8._.js:776
[  257538ms] [LOG] [Fast Refresh] done in 57ms @ http://localhost:3001/_next/static/chunks/node_modules_next_dist_1e8vcs8._.js:776
[  257572ms] [LOG] [Fast Refresh] done in 57ms @ http://localhost:3001/_next/static/chunks/node_modules_next_dist_1e8vcs8._.js:776
[  257607ms] [LOG] [Fast Refresh] done in 57ms @ http://localhost:3001/_next/static/chunks/node_modules_next_dist_1e8vcs8._.js:776
[  257641ms] [LOG] [Fast Refresh] done in 57ms @ http://localhost:3001/_next/static/chunks/node_modules_next_dist_1e8vcs8._.js:776
[  257680ms] [LOG] [Fast Refresh] done in 57ms @ http://localhost:3001/_next/static/chunks/node_modules_next_dist_1e8vcs8._.js:776
[  257714ms] [LOG] [Fast Refresh] done in 57ms @ http://localhost:3001/_next/static/chunks/node_modules_next_dist_1e8vcs8._.js:776
[  257749ms] [LOG] [Fast Refresh] done in 57ms @ http://localhost:3001/_next/static/chunks/node_modules_next_dist_1e8vcs8._.js:776
[  257784ms] [LOG] [Fast Refresh] done in 57ms @ http://localhost:3001/_next/static/chunks/node_modules_next_dist_1e8vcs8._.js:776
[  257819ms] [LOG] [Fast Refresh] done in 57ms @ http://localhost:3001/_next/static/chunks/node_modules_next_dist_1e8vcs8._.js:776
[  257853ms] [LOG] [Fast Refresh] done in 57ms @ http://localhost:3001/_next/static/chunks/node_modules_next_dist_1e8vcs8._.js:776
[  257888ms] [LOG] [Fast Refresh] done in 57ms @ http://localhost:3001/_next/static/chunks/node_modules_next_dist_1e8vcs8._.js:776
[  257923ms] [LOG] [Fast Refresh] done in 57ms @ http://localhost:3001/_next/static/chunks/node_modules_next_dist_1e8vcs8._.js:776
[  257957ms] [LOG] [Fast Refresh] done in 57ms @ http://localhost:3001/_next/static/chunks/node_modules_next_dist_1e8vcs8._.js:776
[  257992ms] [LOG] [Fast Refresh] done in 57ms @ http://localhost:3001/_next/static/chunks/node_modules_next_dist_1e8vcs8._.js:776
[  258027ms] [LOG] [Fast Refresh] done in 57ms @ http://localhost:3001/_next/static/chunks/node_modules_next_dist_1e8vcs8._.js:776
[  258062ms] [LOG] [Fast Refresh] done in 57ms @ http://localhost:3001/_next/static/chunks/node_modules_next_dist_1e8vcs8._.js:776
[  258096ms] [LOG] [Fast Refresh] done in 57ms @ http://localhost:3001/_next/static/chunks/node_modules_next_dist_1e8vcs8._.js:776
[  258131ms] [LOG] [Fast Refresh] done in 57ms @ http://localhost:3001/_next/static/chunks/node_modules_next_dist_1e8vcs8._.js:776
[  258164ms] [LOG] [Fast Refresh] done in 57ms @ http://localhost:3001/_next/static/chunks/node_modules_next_dist_1e8vcs8._.js:776
[  258198ms] [LOG] [Fast Refresh] done in 57ms @ http://localhost:3001/_next/static/chunks/node_modules_next_dist_1e8vcs8._.js:776
[  258232ms] [LOG] [Fast Refresh] done in 57ms @ http://localhost:3001/_next/static/chunks/node_modules_next_dist_1e8vcs8._.js:776
[  258267ms] [LOG] [Fast Refresh] done in 57ms @ http://localhost:3001/_next/static/chunks/node_modules_next_dist_1e8vcs8._.js:776
[  258302ms] [LOG] [Fast Refresh] done in 57ms @ http://localhost:3001/_next/static/chunks/node_modules_next_dist_1e8vcs8._.js:776
[  258337ms] [LOG] [Fast Refresh] done in 57ms @ http://localhost:3001/_next/static/chunks/node_modules_next_dist_1e8vcs8._.js:776
[  258373ms] [LOG] [Fast Refresh] done in 57ms @ http://localhost:3001/_next/static/chunks/node_modules_next_dist_1e8vcs8._.js:776
[  258407ms] [LOG] [Fast Refresh] done in 57ms @ http://localhost:3001/_next/static/chunks/node_modules_next_dist_1e8vcs8._.js:776
[  258441ms] [LOG] [Fast Refresh] done in 57ms @ http://localhost:3001/_next/static/chunks/node_modules_next_dist_1e8vcs8._.js:776
[  258476ms] [LOG] [Fast Refresh] done in 57ms @ http://localhost:3001/_next/static/chunks/node_modules_next_dist_1e8vcs8._.js:776
[  258511ms] [LOG] [Fast Refresh] done in 57ms @ http://localhost:3001/_next/static/chunks/node_modules_next_dist_1e8vcs8._.js:776
[  258545ms] [LOG] [Fast Refresh] done in 57ms @ http://localhost:3001/_next/static/chunks/node_modules_next_dist_1e8vcs8._.js:776
[  258579ms] [LOG] [Fast Refresh] done in 57ms @ http://localhost:3001/_next/static/chunks/node_modules_next_dist_1e8vcs8._.js:776
[  258614ms] [LOG] [Fast Refresh] done in 57ms @ http://localhost:3001/_next/static/chunks/node_modules_next_dist_1e8vcs8._.js:776
[  258649ms] [LOG] [Fast Refresh] done in 57ms @ http://localhost:3001/_next/static/chunks/node_modules_next_dist_1e8vcs8._.js:776
[  258685ms] [LOG] [Fast Refresh] done in 57ms @ http://localhost:3001/_next/static/chunks/node_modules_next_dist_1e8vcs8._.js:776
[  258720ms] [LOG] [Fast Refresh] done in 57ms @ http://localhost:3001/_next/static/chunks/node_modules_next_dist_1e8vcs8._.js:776
[  258755ms] [LOG] [Fast Refresh] done in 57ms @ http://localhost:3001/_next/static/chunks/node_modules_next_dist_1e8vcs8._.js:776
[  258788ms] [LOG] [Fast Refresh] done in 57ms @ http://localhost:3001/_next/static/chunks/node_modules_next_dist_1e8vcs8._.js:776
[  258822ms] [LOG] [Fast Refresh] done in 57ms @ http://localhost:3001/_next/static/chunks/node_modules_next_dist_1e8vcs8._.js:776
[  258855ms] [LOG] [Fast Refresh] done in 57ms @ http://localhost:3001/_next/static/chunks/node_modules_next_dist_1e8vcs8._.js:776
[  258889ms] [LOG] [Fast Refresh] done in 57ms @ http://localhost:3001/_next/static/chunks/node_modules_next_dist_1e8vcs8._.js:776
[  258924ms] [LOG] [Fast Refresh] done in 57ms @ http://localhost:3001/_next/static/chunks/node_modules_next_dist_1e8vcs8._.js:776
[  258958ms] [LOG] [Fast Refresh] done in 57ms @ http://localhost:3001/_next/static/chunks/node_modules_next_dist_1e8vcs8._.js:776
[  258992ms] [LOG] [Fast Refresh] done in 57ms @ http://localhost:3001/_next/static/chunks/node_modules_next_dist_1e8vcs8._.js:776
[  259025ms] [LOG] [Fast Refresh] done in 57ms @ http://localhost:3001/_next/static/chunks/node_modules_next_dist_1e8vcs8._.js:776
[  259060ms] [LOG] [Fast Refresh] done in 57ms @ http://localhost:3001/_next/static/chunks/node_modules_next_dist_1e8vcs8._.js:776
[  259093ms] [LOG] [Fast Refresh] done in 57ms @ http://localhost:3001/_next/static/chunks/node_modules_next_dist_1e8vcs8._.js:776
[  259128ms] [LOG] [Fast Refresh] done in 57ms @ http://localhost:3001/_next/static/chunks/node_modules_next_dist_1e8vcs8._.js:776
[  259163ms] [LOG] [Fast Refresh] done in 57ms @ http://localhost:3001/_next/static/chunks/node_modules_next_dist_1e8vcs8._.js:776
[  259197ms] [LOG] [Fast Refresh] done in 57ms @ http://localhost:3001/_next/static/chunks/node_modules_next_dist_1e8vcs8._.js:776
[  259232ms] [LOG] [Fast Refresh] done in 57ms @ http://localhost:3001/_next/static/chunks/node_modules_next_dist_1e8vcs8._.js:776
[  259267ms] [LOG] [Fast Refresh] done in 57ms @ http://localhost:3001/_next/static/chunks/node_modules_next_dist_1e8vcs8._.js:776
[  259303ms] [LOG] [Fast Refresh] done in 57ms @ http://localhost:3001/_next/static/chunks/node_modules_next_dist_1e8vcs8._.js:776
[  259338ms] [LOG] [Fast Refresh] done in 57ms @ http://localhost:3001/_next/static/chunks/node_modules_next_dist_1e8vcs8._.js:776
[  259372ms] [LOG] [Fast Refresh] done in 57ms @ http://localhost:3001/_next/static/chunks/node_modules_next_dist_1e8vcs8._.js:776
[  259406ms] [LOG] [Fast Refresh] done in 57ms @ http://localhost:3001/_next/static/chunks/node_modules_next_dist_1e8vcs8._.js:776
[  259441ms] [LOG] [Fast Refresh] done in 57ms @ http://localhost:3001/_next/static/chunks/node_modules_next_dist_1e8vcs8._.js:776
[  259474ms] [LOG] [Fast Refresh] done in 57ms @ http://localhost:3001/_next/static/chunks/node_modules_next_dist_1e8vcs8._.js:776
[  259509ms] [LOG] [Fast Refresh] done in 57ms @ http://localhost:3001/_next/static/chunks/node_modules_next_dist_1e8vcs8._.js:776
[  259544ms] [LOG] [Fast Refresh] done in 57ms @ http://localhost:3001/_next/static/chunks/node_modules_next_dist_1e8vcs8._.js:776
[  259578ms] [LOG] [Fast Refresh] done in 57ms @ http://localhost:3001/_next/static/chunks/node_modules_next_dist_1e8vcs8._.js:776
[  259612ms] [LOG] [Fast Refresh] done in 57ms @ http://localhost:3001/_next/static/chunks/node_modules_next_dist_1e8vcs8._.js:776
[  259647ms] [LOG] [Fast Refresh] done in 57ms @ http://localhost:3001/_next/static/chunks/node_modules_next_dist_1e8vcs8._.js:776
[  259682ms] [LOG] [Fast Refresh] done in 57ms @ http://localhost:3001/_next/static/chunks/node_modules_next_dist_1e8vcs8._.js:776
[  259717ms] [LOG] [Fast Refresh] done in 57ms @ http://localhost:3001/_next/static/chunks/node_modules_next_dist_1e8vcs8._.js:776
[  259751ms] [LOG] [Fast Refresh] done in 57ms @ http://localhost:3001/_next/static/chunks/node_modules_next_dist_1e8vcs8._.js:776
[  259785ms] [LOG] [Fast Refresh] done in 57ms @ http://localhost:3001/_next/static/chunks/node_modules_next_dist_1e8vcs8._.js:776
[  259820ms] [LOG] [Fast Refresh] done in 57ms @ http://localhost:3001/_next/static/chunks/node_modules_next_dist_1e8vcs8._.js:776
[  259854ms] [LOG] [Fast Refresh] done in 57ms @ http://localhost:3001/_next/static/chunks/node_modules_next_dist_1e8vcs8._.js:776
[  259888ms] [LOG] [Fast Refresh] done in 57ms @ http://localhost:3001/_next/static/chunks/node_modules_next_dist_1e8vcs8._.js:776
[  259923ms] [LOG] [Fast Refresh] done in 57ms @ http://localhost:3001/_next/static/chunks/node_modules_next_dist_1e8vcs8._.js:776
[  259957ms] [LOG] [Fast Refresh] done in 57ms @ http://localhost:3001/_next/static/chunks/node_modules_next_dist_1e8vcs8._.js:776
[  259992ms] [LOG] [Fast Refresh] done in 57ms @ http://localhost:3001/_next/static/chunks/node_modules_next_dist_1e8vcs8._.js:776
[  260026ms] [LOG] [Fast Refresh] done in 57ms @ http://localhost:3001/_next/static/chunks/node_modules_next_dist_1e8vcs8._.js:776
[  260060ms] [LOG] [Fast Refresh] done in 57ms @ http://localhost:3001/_next/static/chunks/node_modules_next_dist_1e8vcs8._.js:776
[  260095ms] [LOG] [Fast Refresh] done in 57ms @ http://localhost:3001/_next/static/chunks/node_modules_next_dist_1e8vcs8._.js:776
[  260130ms] [LOG] [Fast Refresh] done in 57ms @ http://localhost:3001/_next/static/chunks/node_modules_next_dist_1e8vcs8._.js:776
[  260164ms] [LOG] [Fast Refresh] done in 57ms @ http://localhost:3001/_next/static/chunks/node_modules_next_dist_1e8vcs8._.js:776
[  260200ms] [LOG] [Fast Refresh] done in 57ms @ http://localhost:3001/_next/static/chunks/node_modules_next_dist_1e8vcs8._.js:776
[  260233ms] [LOG] [Fast Refresh] done in 57ms @ http://localhost:3001/_next/static/chunks/node_modules_next_dist_1e8vcs8._.js:776
[  260269ms] [LOG] [Fast Refresh] done in 57ms @ http://localhost:3001/_next/static/chunks/node_modules_next_dist_1e8vcs8._.js:776
[  260302ms] [LOG] [Fast Refresh] done in 57ms @ http://localhost:3001/_next/static/chunks/node_modules_next_dist_1e8vcs8._.js:776
[  260337ms] [LOG] [Fast Refresh] done in 57ms @ http://localhost:3001/_next/static/chunks/node_modules_next_dist_1e8vcs8._.js:776
[  260372ms] [LOG] [Fast Refresh] done in 57ms @ http://localhost:3001/_next/static/chunks/node_modules_next_dist_1e8vcs8._.js:776
[  260407ms] [LOG] [Fast Refresh] done in 57ms @ http://localhost:3001/_next/static/chunks/node_modules_next_dist_1e8vcs8._.js:776
[  260440ms] [LOG] [Fast Refresh] done in 57ms @ http://localhost:3001/_next/static/chunks/node_modules_next_dist_1e8vcs8._.js:776
[  260475ms] [LOG] [Fast Refresh] done in 57ms @ http://localhost:3001/_next/static/chunks/node_modules_next_dist_1e8vcs8._.js:776
[  260508ms] [LOG] [Fast Refresh] done in 57ms @ http://localhost:3001/_next/static/chunks/node_modules_next_dist_1e8vcs8._.js:776
[  260543ms] [LOG] [Fast Refresh] done in 57ms @ http://localhost:3001/_next/static/chunks/node_modules_next_dist_1e8vcs8._.js:776
[  260578ms] [LOG] [Fast Refresh] done in 57ms @ http://localhost:3001/_next/static/chunks/node_modules_next_dist_1e8vcs8._.js:776
[  260612ms] [LOG] [Fast Refresh] done in 57ms @ http://localhost:3001/_next/static/chunks/node_modules_next_dist_1e8vcs8._.js:776
[  260647ms] [LOG] [Fast Refresh] done in 57ms @ http://localhost:3001/_next/static/chunks/node_modules_next_dist_1e8vcs8._.js:776
[  260681ms] [LOG] [Fast Refresh] done in 57ms @ http://localhost:3001/_next/static/chunks/node_modules_next_dist_1e8vcs8._.js:776
[  260714ms] [LOG] [Fast Refresh] done in 57ms @ http://localhost:3001/_next/static/chunks/node_modules_next_dist_1e8vcs8._.js:776
[  260749ms] [LOG] [Fast Refresh] done in 57ms @ http://localhost:3001/_next/static/chunks/node_modules_next_dist_1e8vcs8._.js:776
[  260783ms] [LOG] [Fast Refresh] done in 57ms @ http://localhost:3001/_next/static/chunks/node_modules_next_dist_1e8vcs8._.js:776
[  260818ms] [LOG] [Fast Refresh] done in 57ms @ http://localhost:3001/_next/static/chunks/node_modules_next_dist_1e8vcs8._.js:776
[  260852ms] [LOG] [Fast Refresh] done in 57ms @ http://localhost:3001/_next/static/chunks/node_modules_next_dist_1e8vcs8._.js:776
[  260885ms] [LOG] [Fast Refresh] done in 57ms @ http://localhost:3001/_next/static/chunks/node_modules_next_dist_1e8vcs8._.js:776
[  260920ms] [LOG] [Fast Refresh] done in 57ms @ http://localhost:3001/_next/static/chunks/node_modules_next_dist_1e8vcs8._.js:776
[  260955ms] [LOG] [Fast Refresh] done in 57ms @ http://localhost:3001/_next/static/chunks/node_modules_next_dist_1e8vcs8._.js:776
[  260990ms] [LOG] [Fast Refresh] done in 57ms @ http://localhost:3001/_next/static/chunks/node_modules_next_dist_1e8vcs8._.js:776
[  261024ms] [LOG] [Fast Refresh] done in 57ms @ http://localhost:3001/_next/static/chunks/node_modules_next_dist_1e8vcs8._.js:776
[  261057ms] [LOG] [Fast Refresh] done in 57ms @ http://localhost:3001/_next/static/chunks/node_modules_next_dist_1e8vcs8._.js:776
[  261092ms] [LOG] [Fast Refresh] done in 57ms @ http://localhost:3001/_next/static/chunks/node_modules_next_dist_1e8vcs8._.js:776
[  261127ms] [LOG] [Fast Refresh] done in 57ms @ http://localhost:3001/_next/static/chunks/node_modules_next_dist_1e8vcs8._.js:776
[  261161ms] [LOG] [Fast Refresh] done in 57ms @ http://localhost:3001/_next/static/chunks/node_modules_next_dist_1e8vcs8._.js:776
[  261196ms] [LOG] [Fast Refresh] done in 57ms @ http://localhost:3001/_next/static/chunks/node_modules_next_dist_1e8vcs8._.js:776
[  261230ms] [LOG] [Fast Refresh] done in 57ms @ http://localhost:3001/_next/static/chunks/node_modules_next_dist_1e8vcs8._.js:776
[  261264ms] [LOG] [Fast Refresh] done in 57ms @ http://localhost:3001/_next/static/chunks/node_modules_next_dist_1e8vcs8._.js:776
[  261299ms] [LOG] [Fast Refresh] done in 57ms @ http://localhost:3001/_next/static/chunks/node_modules_next_dist_1e8vcs8._.js:776
[  261334ms] [LOG] [Fast Refresh] done in 57ms @ http://localhost:3001/_next/static/chunks/node_modules_next_dist_1e8vcs8._.js:776
[  261371ms] [LOG] [Fast Refresh] done in 57ms @ http://localhost:3001/_next/static/chunks/node_modules_next_dist_1e8vcs8._.js:776
[  261405ms] [LOG] [Fast Refresh] done in 57ms @ http://localhost:3001/_next/static/chunks/node_modules_next_dist_1e8vcs8._.js:776
[  261440ms] [LOG] [Fast Refresh] done in 57ms @ http://localhost:3001/_next/static/chunks/node_modules_next_dist_1e8vcs8._.js:776
[  261476ms] [LOG] [Fast Refresh] done in 57ms @ http://localhost:3001/_next/static/chunks/node_modules_next_dist_1e8vcs8._.js:776
[  261509ms] [LOG] [Fast Refresh] done in 57ms @ http://localhost:3001/_next/static/chunks/node_modules_next_dist_1e8vcs8._.js:776
[  261544ms] [LOG] [Fast Refresh] done in 57ms @ http://localhost:3001/_next/static/chunks/node_modules_next_dist_1e8vcs8._.js:776
[  261577ms] [LOG] [Fast Refresh] done in 57ms @ http://localhost:3001/_next/static/chunks/node_modules_next_dist_1e8vcs8._.js:776
[  261610ms] [LOG] [Fast Refresh] done in 57ms @ http://localhost:3001/_next/static/chunks/node_modules_next_dist_1e8vcs8._.js:776
[  261645ms] [LOG] [Fast Refresh] done in 57ms @ http://localhost:3001/_next/static/chunks/node_modules_next_dist_1e8vcs8._.js:776
[  261680ms] [LOG] [Fast Refresh] done in 57ms @ http://localhost:3001/_next/static/chunks/node_modules_next_dist_1e8vcs8._.js:776
[  261714ms] [LOG] [Fast Refresh] done in 57ms @ http://localhost:3001/_next/static/chunks/node_modules_next_dist_1e8vcs8._.js:776
[  261749ms] [LOG] [Fast Refresh] done in 57ms @ http://localhost:3001/_next/static/chunks/node_modules_next_dist_1e8vcs8._.js:776
[  261785ms] [LOG] [Fast Refresh] done in 57ms @ http://localhost:3001/_next/static/chunks/node_modules_next_dist_1e8vcs8._.js:776
[  261820ms] [LOG] [Fast Refresh] done in 57ms @ http://localhost:3001/_next/static/chunks/node_modules_next_dist_1e8vcs8._.js:776
[  261854ms] [LOG] [Fast Refresh] done in 57ms @ http://localhost:3001/_next/static/chunks/node_modules_next_dist_1e8vcs8._.js:776
[  261888ms] [LOG] [Fast Refresh] done in 57ms @ http://localhost:3001/_next/static/chunks/node_modules_next_dist_1e8vcs8._.js:776
[  261923ms] [LOG] [Fast Refresh] done in 57ms @ http://localhost:3001/_next/static/chunks/node_modules_next_dist_1e8vcs8._.js:776
[  261957ms] [LOG] [Fast Refresh] done in 57ms @ http://localhost:3001/_next/static/chunks/node_modules_next_dist_1e8vcs8._.js:776
[  261992ms] [LOG] [Fast Refresh] done in 57ms @ http://localhost:3001/_next/static/chunks/node_modules_next_dist_1e8vcs8._.js:776
[  262026ms] [LOG] [Fast Refresh] done in 57ms @ http://localhost:3001/_next/static/chunks/node_modules_next_dist_1e8vcs8._.js:776
[  262060ms] [LOG] [Fast Refresh] done in 57ms @ http://localhost:3001/_next/static/chunks/node_modules_next_dist_1e8vcs8._.js:776
[  262095ms] [LOG] [Fast Refresh] done in 57ms @ http://localhost:3001/_next/static/chunks/node_modules_next_dist_1e8vcs8._.js:776
[  262130ms] [LOG] [Fast Refresh] done in 57ms @ http://localhost:3001/_next/static/chunks/node_modules_next_dist_1e8vcs8._.js:776
[  262164ms] [LOG] [Fast Refresh] done in 57ms @ http://localhost:3001/_next/static/chunks/node_modules_next_dist_1e8vcs8._.js:776
[  262199ms] [LOG] [Fast Refresh] done in 57ms @ http://localhost:3001/_next/static/chunks/node_modules_next_dist_1e8vcs8._.js:776
[  262233ms] [LOG] [Fast Refresh] done in 57ms @ http://localhost:3001/_next/static/chunks/node_modules_next_dist_1e8vcs8._.js:776
[  262268ms] [LOG] [Fast Refresh] done in 57ms @ http://localhost:3001/_next/static/chunks/node_modules_next_dist_1e8vcs8._.js:776
[  262303ms] [LOG] [Fast Refresh] done in 57ms @ http://localhost:3001/_next/static/chunks/node_modules_next_dist_1e8vcs8._.js:776
[  262337ms] [LOG] [Fast Refresh] done in 57ms @ http://localhost:3001/_next/static/chunks/node_modules_next_dist_1e8vcs8._.js:776
[  262372ms] [LOG] [Fast Refresh] done in 57ms @ http://localhost:3001/_next/static/chunks/node_modules_next_dist_1e8vcs8._.js:776
[  262407ms] [LOG] [Fast Refresh] done in 57ms @ http://localhost:3001/_next/static/chunks/node_modules_next_dist_1e8vcs8._.js:776
[  262441ms] [LOG] [Fast Refresh] done in 57ms @ http://localhost:3001/_next/static/chunks/node_modules_next_dist_1e8vcs8._.js:776
[  262475ms] [LOG] [Fast Refresh] done in 57ms @ http://localhost:3001/_next/static/chunks/node_modules_next_dist_1e8vcs8._.js:776
[  262509ms] [LOG] [Fast Refresh] done in 57ms @ http://localhost:3001/_next/static/chunks/node_modules_next_dist_1e8vcs8._.js:776
[  262543ms] [LOG] [Fast Refresh] done in 57ms @ http://localhost:3001/_next/static/chunks/node_modules_next_dist_1e8vcs8._.js:776
[  262578ms] [LOG] [Fast Refresh] done in 57ms @ http://localhost:3001/_next/static/chunks/node_modules_next_dist_1e8vcs8._.js:776
[  262612ms] [LOG] [Fast Refresh] done in 57ms @ http://localhost:3001/_next/static/chunks/node_modules_next_dist_1e8vcs8._.js:776
[  262646ms] [LOG] [Fast Refresh] done in 57ms @ http://localhost:3001/_next/static/chunks/node_modules_next_dist_1e8vcs8._.js:776
[  262680ms] [LOG] [Fast Refresh] done in 57ms @ http://localhost:3001/_next/static/chunks/node_modules_next_dist_1e8vcs8._.js:776
[  262714ms] [LOG] [Fast Refresh] done in 57ms @ http://localhost:3001/_next/static/chunks/node_modules_next_dist_1e8vcs8._.js:776
[  262750ms] [LOG] [Fast Refresh] done in 57ms @ http://localhost:3001/_next/static/chunks/node_modules_next_dist_1e8vcs8._.js:776
[  262784ms] [LOG] [Fast Refresh] done in 57ms @ http://localhost:3001/_next/static/chunks/node_modules_next_dist_1e8vcs8._.js:776
[  262819ms] [LOG] [Fast Refresh] done in 57ms @ http://localhost:3001/_next/static/chunks/node_modules_next_dist_1e8vcs8._.js:776
[  262852ms] [LOG] [Fast Refresh] done in 57ms @ http://localhost:3001/_next/static/chunks/node_modules_next_dist_1e8vcs8._.js:776
[  262887ms] [LOG] [Fast Refresh] done in 57ms @ http://localhost:3001/_next/static/chunks/node_modules_next_dist_1e8vcs8._.js:776
[  262920ms] [LOG] [Fast Refresh] done in 57ms @ http://localhost:3001/_next/static/chunks/node_modules_next_dist_1e8vcs8._.js:776
[  262954ms] [LOG] [Fast Refresh] done in 57ms @ http://localhost:3001/_next/static/chunks/node_modules_next_dist_1e8vcs8._.js:776
[  262990ms] [LOG] [Fast Refresh] done in 57ms @ http://localhost:3001/_next/static/chunks/node_modules_next_dist_1e8vcs8._.js:776
[  263024ms] [LOG] [Fast Refresh] done in 57ms @ http://localhost:3001/_next/static/chunks/node_modules_next_dist_1e8vcs8._.js:776
[  263058ms] [LOG] [Fast Refresh] done in 57ms @ http://localhost:3001/_next/static/chunks/node_modules_next_dist_1e8vcs8._.js:776
[  263092ms] [LOG] [Fast Refresh] done in 57ms @ http://localhost:3001/_next/static/chunks/node_modules_next_dist_1e8vcs8._.js:776
[  263127ms] [LOG] [Fast Refresh] done in 57ms @ http://localhost:3001/_next/static/chunks/node_modules_next_dist_1e8vcs8._.js:776
[  263161ms] [LOG] [Fast Refresh] done in 57ms @ http://localhost:3001/_next/static/chunks/node_modules_next_dist_1e8vcs8._.js:776
[  263195ms] [LOG] [Fast Refresh] done in 57ms @ http://localhost:3001/_next/static/chunks/node_modules_next_dist_1e8vcs8._.js:776
[  263229ms] [LOG] [Fast Refresh] done in 57ms @ http://localhost:3001/_next/static/chunks/node_modules_next_dist_1e8vcs8._.js:776
[  263263ms] [LOG] [Fast Refresh] done in 57ms @ http://localhost:3001/_next/static/chunks/node_modules_next_dist_1e8vcs8._.js:776
[  263298ms] [LOG] [Fast Refresh] done in 57ms @ http://localhost:3001/_next/static/chunks/node_modules_next_dist_1e8vcs8._.js:776
[  263333ms] [LOG] [Fast Refresh] done in 57ms @ http://localhost:3001/_next/static/chunks/node_modules_next_dist_1e8vcs8._.js:776
[  263366ms] [LOG] [Fast Refresh] done in 57ms @ http://localhost:3001/_next/static/chunks/node_modules_next_dist_1e8vcs8._.js:776
[  263401ms] [LOG] [Fast Refresh] done in 57ms @ http://localhost:3001/_next/static/chunks/node_modules_next_dist_1e8vcs8._.js:776
[  263435ms] [LOG] [Fast Refresh] done in 57ms @ http://localhost:3001/_next/static/chunks/node_modules_next_dist_1e8vcs8._.js:776
[  263470ms] [LOG] [Fast Refresh] done in 57ms @ http://localhost:3001/_next/static/chunks/node_modules_next_dist_1e8vcs8._.js:776
[  263504ms] [LOG] [Fast Refresh] done in 57ms @ http://localhost:3001/_next/static/chunks/node_modules_next_dist_1e8vcs8._.js:776
[  263539ms] [LOG] [Fast Refresh] done in 57ms @ http://localhost:3001/_next/static/chunks/node_modules_next_dist_1e8vcs8._.js:776
[  263574ms] [LOG] [Fast Refresh] done in 57ms @ http://localhost:3001/_next/static/chunks/node_modules_next_dist_1e8vcs8._.js:776
[  263608ms] [LOG] [Fast Refresh] done in 57ms @ http://localhost:3001/_next/static/chunks/node_modules_next_dist_1e8vcs8._.js:776
[  263644ms] [LOG] [Fast Refresh] done in 57ms @ http://localhost:3001/_next/static/chunks/node_modules_next_dist_1e8vcs8._.js:776
[  263679ms] [LOG] [Fast Refresh] done in 57ms @ http://localhost:3001/_next/static/chunks/node_modules_next_dist_1e8vcs8._.js:776
[  263715ms] [LOG] [Fast Refresh] done in 57ms @ http://localhost:3001/_next/static/chunks/node_modules_next_dist_1e8vcs8._.js:776
[  263750ms] [LOG] [Fast Refresh] done in 57ms @ http://localhost:3001/_next/static/chunks/node_modules_next_dist_1e8vcs8._.js:776
[  263785ms] [LOG] [Fast Refresh] done in 57ms @ http://localhost:3001/_next/static/chunks/node_modules_next_dist_1e8vcs8._.js:776
[  263818ms] [LOG] [Fast Refresh] done in 57ms @ http://localhost:3001/_next/static/chunks/node_modules_next_dist_1e8vcs8._.js:776
[  263853ms] [LOG] [Fast Refresh] done in 57ms @ http://localhost:3001/_next/static/chunks/node_modules_next_dist_1e8vcs8._.js:776
[  263888ms] [LOG] [Fast Refresh] done in 57ms @ http://localhost:3001/_next/static/chunks/node_modules_next_dist_1e8vcs8._.js:776
[  263922ms] [LOG] [Fast Refresh] done in 57ms @ http://localhost:3001/_next/static/chunks/node_modules_next_dist_1e8vcs8._.js:776
[  263955ms] [LOG] [Fast Refresh] done in 57ms @ http://localhost:3001/_next/static/chunks/node_modules_next_dist_1e8vcs8._.js:776
[  263990ms] [LOG] [Fast Refresh] done in 57ms @ http://localhost:3001/_next/static/chunks/node_modules_next_dist_1e8vcs8._.js:776
[  264024ms] [LOG] [Fast Refresh] done in 57ms @ http://localhost:3001/_next/static/chunks/node_modules_next_dist_1e8vcs8._.js:776
[  264059ms] [LOG] [Fast Refresh] done in 57ms @ http://localhost:3001/_next/static/chunks/node_modules_next_dist_1e8vcs8._.js:776
[  264094ms] [LOG] [Fast Refresh] done in 57ms @ http://localhost:3001/_next/static/chunks/node_modules_next_dist_1e8vcs8._.js:776
[  264129ms] [LOG] [Fast Refresh] done in 57ms @ http://localhost:3001/_next/static/chunks/node_modules_next_dist_1e8vcs8._.js:776
[  264164ms] [LOG] [Fast Refresh] done in 57ms @ http://localhost:3001/_next/static/chunks/node_modules_next_dist_1e8vcs8._.js:776
[  264199ms] [LOG] [Fast Refresh] done in 57ms @ http://localhost:3001/_next/static/chunks/node_modules_next_dist_1e8vcs8._.js:776
[  264233ms] [LOG] [Fast Refresh] done in 57ms @ http://localhost:3001/_next/static/chunks/node_modules_next_dist_1e8vcs8._.js:776
[  264268ms] [LOG] [Fast Refresh] done in 57ms @ http://localhost:3001/_next/static/chunks/node_modules_next_dist_1e8vcs8._.js:776
[  264303ms] [LOG] [Fast Refresh] done in 57ms @ http://localhost:3001/_next/static/chunks/node_modules_next_dist_1e8vcs8._.js:776
[  264338ms] [LOG] [Fast Refresh] done in 57ms @ http://localhost:3001/_next/static/chunks/node_modules_next_dist_1e8vcs8._.js:776
[  264372ms] [LOG] [Fast Refresh] done in 57ms @ http://localhost:3001/_next/static/chunks/node_modules_next_dist_1e8vcs8._.js:776
[  264406ms] [LOG] [Fast Refresh] done in 57ms @ http://localhost:3001/_next/static/chunks/node_modules_next_dist_1e8vcs8._.js:776
[  264440ms] [LOG] [Fast Refresh] done in 57ms @ http://localhost:3001/_next/static/chunks/node_modules_next_dist_1e8vcs8._.js:776
[  264475ms] [LOG] [Fast Refresh] done in 57ms @ http://localhost:3001/_next/static/chunks/node_modules_next_dist_1e8vcs8._.js:776
[  264509ms] [LOG] [Fast Refresh] done in 57ms @ http://localhost:3001/_next/static/chunks/node_modules_next_dist_1e8vcs8._.js:776
[  264543ms] [LOG] [Fast Refresh] done in 57ms @ http://localhost:3001/_next/static/chunks/node_modules_next_dist_1e8vcs8._.js:776
[  264577ms] [LOG] [Fast Refresh] done in 57ms @ http://localhost:3001/_next/static/chunks/node_modules_next_dist_1e8vcs8._.js:776
[  264611ms] [LOG] [Fast Refresh] done in 57ms @ http://localhost:3001/_next/static/chunks/node_modules_next_dist_1e8vcs8._.js:776
[  264644ms] [LOG] [Fast Refresh] done in 57ms @ http://localhost:3001/_next/static/chunks/node_modules_next_dist_1e8vcs8._.js:776
[  264679ms] [LOG] [Fast Refresh] done in 57ms @ http://localhost:3001/_next/static/chunks/node_modules_next_dist_1e8vcs8._.js:776
[  264713ms] [LOG] [Fast Refresh] done in 57ms @ http://localhost:3001/_next/static/chunks/node_modules_next_dist_1e8vcs8._.js:776
[  264747ms] [LOG] [Fast Refresh] done in 57ms @ http://localhost:3001/_next/static/chunks/node_modules_next_dist_1e8vcs8._.js:776
[  264784ms] [LOG] [Fast Refresh] done in 57ms @ http://localhost:3001/_next/static/chunks/node_modules_next_dist_1e8vcs8._.js:776
[  264820ms] [LOG] [Fast Refresh] done in 57ms @ http://localhost:3001/_next/static/chunks/node_modules_next_dist_1e8vcs8._.js:776
[  264855ms] [LOG] [Fast Refresh] done in 57ms @ http://localhost:3001/_next/static/chunks/node_modules_next_dist_1e8vcs8._.js:776
[  264891ms] [LOG] [Fast Refresh] done in 57ms @ http://localhost:3001/_next/static/chunks/node_modules_next_dist_1e8vcs8._.js:776
[  264925ms] [LOG] [Fast Refresh] done in 57ms @ http://localhost:3001/_next/static/chunks/node_modules_next_dist_1e8vcs8._.js:776
[  264960ms] [LOG] [Fast Refresh] done in 57ms @ http://localhost:3001/_next/static/chunks/node_modules_next_dist_1e8vcs8._.js:776
[  264996ms] [LOG] [Fast Refresh] done in 57ms @ http://localhost:3001/_next/static/chunks/node_modules_next_dist_1e8vcs8._.js:776
[  265031ms] [LOG] [Fast Refresh] done in 57ms @ http://localhost:3001/_next/static/chunks/node_modules_next_dist_1e8vcs8._.js:776
[  265065ms] [LOG] [Fast Refresh] done in 57ms @ http://localhost:3001/_next/static/chunks/node_modules_next_dist_1e8vcs8._.js:776
[  265099ms] [LOG] [Fast Refresh] done in 57ms @ http://localhost:3001/_next/static/chunks/node_modules_next_dist_1e8vcs8._.js:776
[  265133ms] [LOG] [Fast Refresh] done in 57ms @ http://localhost:3001/_next/static/chunks/node_modules_next_dist_1e8vcs8._.js:776
[  265168ms] [LOG] [Fast Refresh] done in 57ms @ http://localhost:3001/_next/static/chunks/node_modules_next_dist_1e8vcs8._.js:776
[  265203ms] [LOG] [Fast Refresh] done in 57ms @ http://localhost:3001/_next/static/chunks/node_modules_next_dist_1e8vcs8._.js:776
[  265238ms] [LOG] [Fast Refresh] done in 57ms @ http://localhost:3001/_next/static/chunks/node_modules_next_dist_1e8vcs8._.js:776
[  265272ms] [LOG] [Fast Refresh] done in 57ms @ http://localhost:3001/_next/static/chunks/node_modules_next_dist_1e8vcs8._.js:776
[  265306ms] [LOG] [Fast Refresh] done in 57ms @ http://localhost:3001/_next/static/chunks/node_modules_next_dist_1e8vcs8._.js:776
[  265342ms] [LOG] [Fast Refresh] done in 57ms @ http://localhost:3001/_next/static/chunks/node_modules_next_dist_1e8vcs8._.js:776
[  265377ms] [LOG] [Fast Refresh] done in 57ms @ http://localhost:3001/_next/static/chunks/node_modules_next_dist_1e8vcs8._.js:776
[  265412ms] [LOG] [Fast Refresh] done in 57ms @ http://localhost:3001/_next/static/chunks/node_modules_next_dist_1e8vcs8._.js:776
[  265447ms] [LOG] [Fast Refresh] done in 57ms @ http://localhost:3001/_next/static/chunks/node_modules_next_dist_1e8vcs8._.js:776
[  265482ms] [LOG] [Fast Refresh] done in 57ms @ http://localhost:3001/_next/static/chunks/node_modules_next_dist_1e8vcs8._.js:776
[  265517ms] [LOG] [Fast Refresh] done in 57ms @ http://localhost:3001/_next/static/chunks/node_modules_next_dist_1e8vcs8._.js:776
[  265551ms] [LOG] [Fast Refresh] done in 57ms @ http://localhost:3001/_next/static/chunks/node_modules_next_dist_1e8vcs8._.js:776
[  265585ms] [LOG] [Fast Refresh] done in 57ms @ http://localhost:3001/_next/static/chunks/node_modules_next_dist_1e8vcs8._.js:776
[  265619ms] [LOG] [Fast Refresh] done in 57ms @ http://localhost:3001/_next/static/chunks/node_modules_next_dist_1e8vcs8._.js:776
[  265654ms] [LOG] [Fast Refresh] done in 57ms @ http://localhost:3001/_next/static/chunks/node_modules_next_dist_1e8vcs8._.js:776
[  265689ms] [LOG] [Fast Refresh] done in 57ms @ http://localhost:3001/_next/static/chunks/node_modules_next_dist_1e8vcs8._.js:776
[  265724ms] [LOG] [Fast Refresh] done in 57ms @ http://localhost:3001/_next/static/chunks/node_modules_next_dist_1e8vcs8._.js:776
[  265758ms] [LOG] [Fast Refresh] done in 57ms @ http://localhost:3001/_next/static/chunks/node_modules_next_dist_1e8vcs8._.js:776
[  265795ms] [LOG] [Fast Refresh] done in 57ms @ http://localhost:3001/_next/static/chunks/node_modules_next_dist_1e8vcs8._.js:776
[  265830ms] [LOG] [Fast Refresh] done in 57ms @ http://localhost:3001/_next/static/chunks/node_modules_next_dist_1e8vcs8._.js:776
[  265863ms] [LOG] [Fast Refresh] done in 57ms @ http://localhost:3001/_next/static/chunks/node_modules_next_dist_1e8vcs8._.js:776
[  265898ms] [LOG] [Fast Refresh] done in 57ms @ http://localhost:3001/_next/static/chunks/node_modules_next_dist_1e8vcs8._.js:776
[  265932ms] [LOG] [Fast Refresh] done in 57ms @ http://localhost:3001/_next/static/chunks/node_modules_next_dist_1e8vcs8._.js:776
[  265965ms] [LOG] [Fast Refresh] done in 57ms @ http://localhost:3001/_next/static/chunks/node_modules_next_dist_1e8vcs8._.js:776
[  265999ms] [LOG] [Fast Refresh] done in 57ms @ http://localhost:3001/_next/static/chunks/node_modules_next_dist_1e8vcs8._.js:776
[  266035ms] [LOG] [Fast Refresh] done in 57ms @ http://localhost:3001/_next/static/chunks/node_modules_next_dist_1e8vcs8._.js:776
[  266068ms] [LOG] [Fast Refresh] done in 57ms @ http://localhost:3001/_next/static/chunks/node_modules_next_dist_1e8vcs8._.js:776
[  266103ms] [LOG] [Fast Refresh] done in 57ms @ http://localhost:3001/_next/static/chunks/node_modules_next_dist_1e8vcs8._.js:776
[  266137ms] [LOG] [Fast Refresh] done in 57ms @ http://localhost:3001/_next/static/chunks/node_modules_next_dist_1e8vcs8._.js:776
[  266172ms] [LOG] [Fast Refresh] done in 57ms @ http://localhost:3001/_next/static/chunks/node_modules_next_dist_1e8vcs8._.js:776
[  266206ms] [LOG] [Fast Refresh] done in 57ms @ http://localhost:3001/_next/static/chunks/node_modules_next_dist_1e8vcs8._.js:776
[  266240ms] [LOG] [Fast Refresh] done in 57ms @ http://localhost:3001/_next/static/chunks/node_modules_next_dist_1e8vcs8._.js:776
[  266275ms] [LOG] [Fast Refresh] done in 57ms @ http://localhost:3001/_next/static/chunks/node_modules_next_dist_1e8vcs8._.js:776
[  266310ms] [LOG] [Fast Refresh] done in 57ms @ http://localhost:3001/_next/static/chunks/node_modules_next_dist_1e8vcs8._.js:776
[  266344ms] [LOG] [Fast Refresh] done in 57ms @ http://localhost:3001/_next/static/chunks/node_modules_next_dist_1e8vcs8._.js:776
[  266379ms] [LOG] [Fast Refresh] done in 57ms @ http://localhost:3001/_next/static/chunks/node_modules_next_dist_1e8vcs8._.js:776
[  266414ms] [LOG] [Fast Refresh] done in 57ms @ http://localhost:3001/_next/static/chunks/node_modules_next_dist_1e8vcs8._.js:776
[  266450ms] [LOG] [Fast Refresh] done in 57ms @ http://localhost:3001/_next/static/chunks/node_modules_next_dist_1e8vcs8._.js:776
[  266485ms] [LOG] [Fast Refresh] done in 57ms @ http://localhost:3001/_next/static/chunks/node_modules_next_dist_1e8vcs8._.js:776
[  266520ms] [LOG] [Fast Refresh] done in 57ms @ http://localhost:3001/_next/static/chunks/node_modules_next_dist_1e8vcs8._.js:776
[  266555ms] [LOG] [Fast Refresh] done in 57ms @ http://localhost:3001/_next/static/chunks/node_modules_next_dist_1e8vcs8._.js:776
[  266589ms] [LOG] [Fast Refresh] done in 57ms @ http://localhost:3001/_next/static/chunks/node_modules_next_dist_1e8vcs8._.js:776
[  266625ms] [LOG] [Fast Refresh] done in 57ms @ http://localhost:3001/_next/static/chunks/node_modules_next_dist_1e8vcs8._.js:776
[  266659ms] [LOG] [Fast Refresh] done in 57ms @ http://localhost:3001/_next/static/chunks/node_modules_next_dist_1e8vcs8._.js:776
[  266694ms] [LOG] [Fast Refresh] done in 57ms @ http://localhost:3001/_next/static/chunks/node_modules_next_dist_1e8vcs8._.js:776
[  266729ms] [LOG] [Fast Refresh] done in 57ms @ http://localhost:3001/_next/static/chunks/node_modules_next_dist_1e8vcs8._.js:776
[  266762ms] [LOG] [Fast Refresh] done in 57ms @ http://localhost:3001/_next/static/chunks/node_modules_next_dist_1e8vcs8._.js:776
[  266796ms] [LOG] [Fast Refresh] done in 57ms @ http://localhost:3001/_next/static/chunks/node_modules_next_dist_1e8vcs8._.js:776
[  266830ms] [LOG] [Fast Refresh] done in 57ms @ http://localhost:3001/_next/static/chunks/node_modules_next_dist_1e8vcs8._.js:776
[  266866ms] [LOG] [Fast Refresh] done in 57ms @ http://localhost:3001/_next/static/chunks/node_modules_next_dist_1e8vcs8._.js:776
[  266901ms] [LOG] [Fast Refresh] done in 57ms @ http://localhost:3001/_next/static/chunks/node_modules_next_dist_1e8vcs8._.js:776
[  266936ms] [LOG] [Fast Refresh] done in 57ms @ http://localhost:3001/_next/static/chunks/node_modules_next_dist_1e8vcs8._.js:776
[  266970ms] [LOG] [Fast Refresh] done in 57ms @ http://localhost:3001/_next/static/chunks/node_modules_next_dist_1e8vcs8._.js:776
[  267004ms] [LOG] [Fast Refresh] done in 57ms @ http://localhost:3001/_next/static/chunks/node_modules_next_dist_1e8vcs8._.js:776
[  267040ms] [LOG] [Fast Refresh] done in 57ms @ http://localhost:3001/_next/static/chunks/node_modules_next_dist_1e8vcs8._.js:776
[  267075ms] [LOG] [Fast Refresh] done in 57ms @ http://localhost:3001/_next/static/chunks/node_modules_next_dist_1e8vcs8._.js:776
[  267110ms] [LOG] [Fast Refresh] done in 57ms @ http://localhost:3001/_next/static/chunks/node_modules_next_dist_1e8vcs8._.js:776
[  267145ms] [LOG] [Fast Refresh] done in 57ms @ http://localhost:3001/_next/static/chunks/node_modules_next_dist_1e8vcs8._.js:776
[  267181ms] [LOG] [Fast Refresh] done in 57ms @ http://localhost:3001/_next/static/chunks/node_modules_next_dist_1e8vcs8._.js:776
[  267215ms] [LOG] [Fast Refresh] done in 57ms @ http://localhost:3001/_next/static/chunks/node_modules_next_dist_1e8vcs8._.js:776
[  267250ms] [LOG] [Fast Refresh] done in 57ms @ http://localhost:3001/_next/static/chunks/node_modules_next_dist_1e8vcs8._.js:776
[  267285ms] [LOG] [Fast Refresh] done in 57ms @ http://localhost:3001/_next/static/chunks/node_modules_next_dist_1e8vcs8._.js:776
[  267319ms] [LOG] [Fast Refresh] done in 57ms @ http://localhost:3001/_next/static/chunks/node_modules_next_dist_1e8vcs8._.js:776
[  267354ms] [LOG] [Fast Refresh] done in 57ms @ http://localhost:3001/_next/static/chunks/node_modules_next_dist_1e8vcs8._.js:776
[  267390ms] [LOG] [Fast Refresh] done in 57ms @ http://localhost:3001/_next/static/chunks/node_modules_next_dist_1e8vcs8._.js:776
[  267425ms] [LOG] [Fast Refresh] done in 57ms @ http://localhost:3001/_next/static/chunks/node_modules_next_dist_1e8vcs8._.js:776
[  267459ms] [LOG] [Fast Refresh] done in 57ms @ http://localhost:3001/_next/static/chunks/node_modules_next_dist_1e8vcs8._.js:776
[  267494ms] [LOG] [Fast Refresh] done in 57ms @ http://localhost:3001/_next/static/chunks/node_modules_next_dist_1e8vcs8._.js:776
[  267529ms] [LOG] [Fast Refresh] done in 57ms @ http://localhost:3001/_next/static/chunks/node_modules_next_dist_1e8vcs8._.js:776
[  267563ms] [LOG] [Fast Refresh] done in 57ms @ http://localhost:3001/_next/static/chunks/node_modules_next_dist_1e8vcs8._.js:776
[  267597ms] [LOG] [Fast Refresh] done in 57ms @ http://localhost:3001/_next/static/chunks/node_modules_next_dist_1e8vcs8._.js:776
[  267632ms] [LOG] [Fast Refresh] done in 57ms @ http://localhost:3001/_next/static/chunks/node_modules_next_dist_1e8vcs8._.js:776
[  267666ms] [LOG] [Fast Refresh] done in 57ms @ http://localhost:3001/_next/static/chunks/node_modules_next_dist_1e8vcs8._.js:776
[  267700ms] [LOG] [Fast Refresh] done in 57ms @ http://localhost:3001/_next/static/chunks/node_modules_next_dist_1e8vcs8._.js:776
[  267734ms] [LOG] [Fast Refresh] done in 57ms @ http://localhost:3001/_next/static/chunks/node_modules_next_dist_1e8vcs8._.js:776
[  267769ms] [LOG] [Fast Refresh] done in 57ms @ http://localhost:3001/_next/static/chunks/node_modules_next_dist_1e8vcs8._.js:776
[  267803ms] [LOG] [Fast Refresh] done in 57ms @ http://localhost:3001/_next/static/chunks/node_modules_next_dist_1e8vcs8._.js:776
[  267838ms] [LOG] [Fast Refresh] done in 57ms @ http://localhost:3001/_next/static/chunks/node_modules_next_dist_1e8vcs8._.js:776
[  267872ms] [LOG] [Fast Refresh] done in 57ms @ http://localhost:3001/_next/static/chunks/node_modules_next_dist_1e8vcs8._.js:776
[  267906ms] [LOG] [Fast Refresh] done in 57ms @ http://localhost:3001/_next/static/chunks/node_modules_next_dist_1e8vcs8._.js:776
[  267941ms] [LOG] [Fast Refresh] done in 57ms @ http://localhost:3001/_next/static/chunks/node_modules_next_dist_1e8vcs8._.js:776
[  267975ms] [LOG] [Fast Refresh] done in 57ms @ http://localhost:3001/_next/static/chunks/node_modules_next_dist_1e8vcs8._.js:776
[  268009ms] [LOG] [Fast Refresh] done in 57ms @ http://localhost:3001/_next/static/chunks/node_modules_next_dist_1e8vcs8._.js:776
[  268044ms] [LOG] [Fast Refresh] done in 57ms @ http://localhost:3001/_next/static/chunks/node_modules_next_dist_1e8vcs8._.js:776
[  268079ms] [LOG] [Fast Refresh] done in 57ms @ http://localhost:3001/_next/static/chunks/node_modules_next_dist_1e8vcs8._.js:776
[  268114ms] [LOG] [Fast Refresh] done in 57ms @ http://localhost:3001/_next/static/chunks/node_modules_next_dist_1e8vcs8._.js:776
[  268148ms] [LOG] [Fast Refresh] done in 57ms @ http://localhost:3001/_next/static/chunks/node_modules_next_dist_1e8vcs8._.js:776
[  268181ms] [LOG] [Fast Refresh] done in 57ms @ http://localhost:3001/_next/static/chunks/node_modules_next_dist_1e8vcs8._.js:776
[  268216ms] [LOG] [Fast Refresh] done in 57ms @ http://localhost:3001/_next/static/chunks/node_modules_next_dist_1e8vcs8._.js:776
[  268251ms] [LOG] [Fast Refresh] done in 57ms @ http://localhost:3001/_next/static/chunks/node_modules_next_dist_1e8vcs8._.js:776
[  268286ms] [LOG] [Fast Refresh] done in 57ms @ http://localhost:3001/_next/static/chunks/node_modules_next_dist_1e8vcs8._.js:776
[  268320ms] [LOG] [Fast Refresh] done in 57ms @ http://localhost:3001/_next/static/chunks/node_modules_next_dist_1e8vcs8._.js:776
[  268354ms] [LOG] [Fast Refresh] done in 57ms @ http://localhost:3001/_next/static/chunks/node_modules_next_dist_1e8vcs8._.js:776
[  268388ms] [LOG] [Fast Refresh] done in 57ms @ http://localhost:3001/_next/static/chunks/node_modules_next_dist_1e8vcs8._.js:776
[  268422ms] [LOG] [Fast Refresh] done in 57ms @ http://localhost:3001/_next/static/chunks/node_modules_next_dist_1e8vcs8._.js:776
[  268457ms] [LOG] [Fast Refresh] done in 57ms @ http://localhost:3001/_next/static/chunks/node_modules_next_dist_1e8vcs8._.js:776
[  268492ms] [LOG] [Fast Refresh] done in 57ms @ http://localhost:3001/_next/static/chunks/node_modules_next_dist_1e8vcs8._.js:776
[  268526ms] [LOG] [Fast Refresh] done in 57ms @ http://localhost:3001/_next/static/chunks/node_modules_next_dist_1e8vcs8._.js:776
[  268560ms] [LOG] [Fast Refresh] done in 57ms @ http://localhost:3001/_next/static/chunks/node_modules_next_dist_1e8vcs8._.js:776
[  268595ms] [LOG] [Fast Refresh] done in 57ms @ http://localhost:3001/_next/static/chunks/node_modules_next_dist_1e8vcs8._.js:776
[  268629ms] [LOG] [Fast Refresh] done in 57ms @ http://localhost:3001/_next/static/chunks/node_modules_next_dist_1e8vcs8._.js:776
[  268664ms] [LOG] [Fast Refresh] done in 57ms @ http://localhost:3001/_next/static/chunks/node_modules_next_dist_1e8vcs8._.js:776
[  268699ms] [LOG] [Fast Refresh] done in 57ms @ http://localhost:3001/_next/static/chunks/node_modules_next_dist_1e8vcs8._.js:776
[  268734ms] [LOG] [Fast Refresh] done in 57ms @ http://localhost:3001/_next/static/chunks/node_modules_next_dist_1e8vcs8._.js:776
[  268769ms] [LOG] [Fast Refresh] done in 57ms @ http://localhost:3001/_next/static/chunks/node_modules_next_dist_1e8vcs8._.js:776
[  268804ms] [LOG] [Fast Refresh] done in 57ms @ http://localhost:3001/_next/static/chunks/node_modules_next_dist_1e8vcs8._.js:776
[  268840ms] [LOG] [Fast Refresh] done in 57ms @ http://localhost:3001/_next/static/chunks/node_modules_next_dist_1e8vcs8._.js:776
[  268874ms] [LOG] [Fast Refresh] done in 57ms @ http://localhost:3001/_next/static/chunks/node_modules_next_dist_1e8vcs8._.js:776
[  268908ms] [LOG] [Fast Refresh] done in 57ms @ http://localhost:3001/_next/static/chunks/node_modules_next_dist_1e8vcs8._.js:776
[  268943ms] [LOG] [Fast Refresh] done in 57ms @ http://localhost:3001/_next/static/chunks/node_modules_next_dist_1e8vcs8._.js:776
[  268977ms] [LOG] [Fast Refresh] done in 57ms @ http://localhost:3001/_next/static/chunks/node_modules_next_dist_1e8vcs8._.js:776
[  269012ms] [LOG] [Fast Refresh] done in 57ms @ http://localhost:3001/_next/static/chunks/node_modules_next_dist_1e8vcs8._.js:776
[  269049ms] [LOG] [Fast Refresh] done in 57ms @ http://localhost:3001/_next/static/chunks/node_modules_next_dist_1e8vcs8._.js:776
[  269083ms] [LOG] [Fast Refresh] done in 57ms @ http://localhost:3001/_next/static/chunks/node_modules_next_dist_1e8vcs8._.js:776
[  269117ms] [LOG] [Fast Refresh] done in 57ms @ http://localhost:3001/_next/static/chunks/node_modules_next_dist_1e8vcs8._.js:776
[  269152ms] [LOG] [Fast Refresh] done in 57ms @ http://localhost:3001/_next/static/chunks/node_modules_next_dist_1e8vcs8._.js:776
[  269186ms] [LOG] [Fast Refresh] done in 57ms @ http://localhost:3001/_next/static/chunks/node_modules_next_dist_1e8vcs8._.js:776
[  269221ms] [LOG] [Fast Refresh] done in 57ms @ http://localhost:3001/_next/static/chunks/node_modules_next_dist_1e8vcs8._.js:776
[  269255ms] [LOG] [Fast Refresh] done in 57ms @ http://localhost:3001/_next/static/chunks/node_modules_next_dist_1e8vcs8._.js:776
[  269289ms] [LOG] [Fast Refresh] done in 57ms @ http://localhost:3001/_next/static/chunks/node_modules_next_dist_1e8vcs8._.js:776
[  269323ms] [LOG] [Fast Refresh] done in 57ms @ http://localhost:3001/_next/static/chunks/node_modules_next_dist_1e8vcs8._.js:776
[  269357ms] [LOG] [Fast Refresh] done in 57ms @ http://localhost:3001/_next/static/chunks/node_modules_next_dist_1e8vcs8._.js:776
[  269392ms] [LOG] [Fast Refresh] done in 57ms @ http://localhost:3001/_next/static/chunks/node_modules_next_dist_1e8vcs8._.js:776
[  269426ms] [LOG] [Fast Refresh] done in 57ms @ http://localhost:3001/_next/static/chunks/node_modules_next_dist_1e8vcs8._.js:776
[  269460ms] [LOG] [Fast Refresh] done in 57ms @ http://localhost:3001/_next/static/chunks/node_modules_next_dist_1e8vcs8._.js:776
[  269494ms] [LOG] [Fast Refresh] done in 57ms @ http://localhost:3001/_next/static/chunks/node_modules_next_dist_1e8vcs8._.js:776
[  269527ms] [LOG] [Fast Refresh] done in 57ms @ http://localhost:3001/_next/static/chunks/node_modules_next_dist_1e8vcs8._.js:776
[  269561ms] [LOG] [Fast Refresh] done in 57ms @ http://localhost:3001/_next/static/chunks/node_modules_next_dist_1e8vcs8._.js:776
[  269596ms] [LOG] [Fast Refresh] done in 57ms @ http://localhost:3001/_next/static/chunks/node_modules_next_dist_1e8vcs8._.js:776
[  269631ms] [LOG] [Fast Refresh] done in 57ms @ http://localhost:3001/_next/static/chunks/node_modules_next_dist_1e8vcs8._.js:776
[  269666ms] [LOG] [Fast Refresh] done in 57ms @ http://localhost:3001/_next/static/chunks/node_modules_next_dist_1e8vcs8._.js:776
[  269702ms] [LOG] [Fast Refresh] done in 57ms @ http://localhost:3001/_next/static/chunks/node_modules_next_dist_1e8vcs8._.js:776
[  269740ms] [LOG] [Fast Refresh] done in 57ms @ http://localhost:3001/_next/static/chunks/node_modules_next_dist_1e8vcs8._.js:776
[  269775ms] [LOG] [Fast Refresh] done in 57ms @ http://localhost:3001/_next/static/chunks/node_modules_next_dist_1e8vcs8._.js:776
[  269809ms] [LOG] [Fast Refresh] done in 57ms @ http://localhost:3001/_next/static/chunks/node_modules_next_dist_1e8vcs8._.js:776
[  269845ms] [LOG] [Fast Refresh] done in 57ms @ http://localhost:3001/_next/static/chunks/node_modules_next_dist_1e8vcs8._.js:776
[  269880ms] [LOG] [Fast Refresh] done in 57ms @ http://localhost:3001/_next/static/chunks/node_modules_next_dist_1e8vcs8._.js:776
[  269916ms] [LOG] [Fast Refresh] done in 57ms @ http://localhost:3001/_next/static/chunks/node_modules_next_dist_1e8vcs8._.js:776
[  269952ms] [LOG] [Fast Refresh] done in 57ms @ http://localhost:3001/_next/static/chunks/node_modules_next_dist_1e8vcs8._.js:776
[  269988ms] [LOG] [Fast Refresh] done in 57ms @ http://localhost:3001/_next/static/chunks/node_modules_next_dist_1e8vcs8._.js:776
[  270024ms] [LOG] [Fast Refresh] done in 57ms @ http://localhost:3001/_next/static/chunks/node_modules_next_dist_1e8vcs8._.js:776
[  270059ms] [LOG] [Fast Refresh] done in 57ms @ http://localhost:3001/_next/static/chunks/node_modules_next_dist_1e8vcs8._.js:776
[  270094ms] [LOG] [Fast Refresh] done in 57ms @ http://localhost:3001/_next/static/chunks/node_modules_next_dist_1e8vcs8._.js:776
[  270129ms] [LOG] [Fast Refresh] done in 57ms @ http://localhost:3001/_next/static/chunks/node_modules_next_dist_1e8vcs8._.js:776
[  270164ms] [LOG] [Fast Refresh] done in 57ms @ http://localhost:3001/_next/static/chunks/node_modules_next_dist_1e8vcs8._.js:776
[  270199ms] [LOG] [Fast Refresh] done in 57ms @ http://localhost:3001/_next/static/chunks/node_modules_next_dist_1e8vcs8._.js:776
[  270234ms] [LOG] [Fast Refresh] done in 57ms @ http://localhost:3001/_next/static/chunks/node_modules_next_dist_1e8vcs8._.js:776
[  270267ms] [LOG] [Fast Refresh] done in 57ms @ http://localhost:3001/_next/static/chunks/node_modules_next_dist_1e8vcs8._.js:776
[  270302ms] [LOG] [Fast Refresh] done in 57ms @ http://localhost:3001/_next/static/chunks/node_modules_next_dist_1e8vcs8._.js:776
[  270337ms] [LOG] [Fast Refresh] done in 57ms @ http://localhost:3001/_next/static/chunks/node_modules_next_dist_1e8vcs8._.js:776
[  270371ms] [LOG] [Fast Refresh] done in 57ms @ http://localhost:3001/_next/static/chunks/node_modules_next_dist_1e8vcs8._.js:776
[  270405ms] [LOG] [Fast Refresh] done in 57ms @ http://localhost:3001/_next/static/chunks/node_modules_next_dist_1e8vcs8._.js:776
[  270440ms] [LOG] [Fast Refresh] done in 57ms @ http://localhost:3001/_next/static/chunks/node_modules_next_dist_1e8vcs8._.js:776
[  270474ms] [LOG] [Fast Refresh] done in 57ms @ http://localhost:3001/_next/static/chunks/node_modules_next_dist_1e8vcs8._.js:776
[  270509ms] [LOG] [Fast Refresh] done in 57ms @ http://localhost:3001/_next/static/chunks/node_modules_next_dist_1e8vcs8._.js:776
[  270546ms] [LOG] [Fast Refresh] done in 57ms @ http://localhost:3001/_next/static/chunks/node_modules_next_dist_1e8vcs8._.js:776
[  270581ms] [LOG] [Fast Refresh] done in 57ms @ http://localhost:3001/_next/static/chunks/node_modules_next_dist_1e8vcs8._.js:776
[  270616ms] [LOG] [Fast Refresh] done in 57ms @ http://localhost:3001/_next/static/chunks/node_modules_next_dist_1e8vcs8._.js:776
[  270650ms] [LOG] [Fast Refresh] done in 57ms @ http://localhost:3001/_next/static/chunks/node_modules_next_dist_1e8vcs8._.js:776
[  270685ms] [LOG] [Fast Refresh] done in 57ms @ http://localhost:3001/_next/static/chunks/node_modules_next_dist_1e8vcs8._.js:776
[  270720ms] [LOG] [Fast Refresh] done in 57ms @ http://localhost:3001/_next/static/chunks/node_modules_next_dist_1e8vcs8._.js:776
[  270755ms] [LOG] [Fast Refresh] done in 57ms @ http://localhost:3001/_next/static/chunks/node_modules_next_dist_1e8vcs8._.js:776
[  270790ms] [LOG] [Fast Refresh] done in 57ms @ http://localhost:3001/_next/static/chunks/node_modules_next_dist_1e8vcs8._.js:776
[  270825ms] [LOG] [Fast Refresh] done in 57ms @ http://localhost:3001/_next/static/chunks/node_modules_next_dist_1e8vcs8._.js:776
[  270860ms] [LOG] [Fast Refresh] done in 57ms @ http://localhost:3001/_next/static/chunks/node_modules_next_dist_1e8vcs8._.js:776
[  270896ms] [LOG] [Fast Refresh] done in 57ms @ http://localhost:3001/_next/static/chunks/node_modules_next_dist_1e8vcs8._.js:776
[  270932ms] [LOG] [Fast Refresh] done in 57ms @ http://localhost:3001/_next/static/chunks/node_modules_next_dist_1e8vcs8._.js:776
[  270966ms] [LOG] [Fast Refresh] done in 57ms @ http://localhost:3001/_next/static/chunks/node_modules_next_dist_1e8vcs8._.js:776
[  271000ms] [LOG] [Fast Refresh] done in 57ms @ http://localhost:3001/_next/static/chunks/node_modules_next_dist_1e8vcs8._.js:776
[  271034ms] [LOG] [Fast Refresh] done in 57ms @ http://localhost:3001/_next/static/chunks/node_modules_next_dist_1e8vcs8._.js:776
[  271070ms] [LOG] [Fast Refresh] done in 57ms @ http://localhost:3001/_next/static/chunks/node_modules_next_dist_1e8vcs8._.js:776
[  271106ms] [LOG] [Fast Refresh] done in 57ms @ http://localhost:3001/_next/static/chunks/node_modules_next_dist_1e8vcs8._.js:776
[  271141ms] [LOG] [Fast Refresh] done in 57ms @ http://localhost:3001/_next/static/chunks/node_modules_next_dist_1e8vcs8._.js:776
[  271174ms] [LOG] [Fast Refresh] done in 57ms @ http://localhost:3001/_next/static/chunks/node_modules_next_dist_1e8vcs8._.js:776
[  271210ms] [LOG] [Fast Refresh] done in 57ms @ http://localhost:3001/_next/static/chunks/node_modules_next_dist_1e8vcs8._.js:776
[  271244ms] [LOG] [Fast Refresh] done in 57ms @ http://localhost:3001/_next/static/chunks/node_modules_next_dist_1e8vcs8._.js:776
[  271280ms] [LOG] [Fast Refresh] done in 57ms @ http://localhost:3001/_next/static/chunks/node_modules_next_dist_1e8vcs8._.js:776
[  271314ms] [LOG] [Fast Refresh] done in 57ms @ http://localhost:3001/_next/static/chunks/node_modules_next_dist_1e8vcs8._.js:776
[  271349ms] [LOG] [Fast Refresh] done in 57ms @ http://localhost:3001/_next/static/chunks/node_modules_next_dist_1e8vcs8._.js:776
[  271383ms] [LOG] [Fast Refresh] done in 57ms @ http://localhost:3001/_next/static/chunks/node_modules_next_dist_1e8vcs8._.js:776
[  271418ms] [LOG] [Fast Refresh] done in 57ms @ http://localhost:3001/_next/static/chunks/node_modules_next_dist_1e8vcs8._.js:776
[  271454ms] [LOG] [Fast Refresh] done in 57ms @ http://localhost:3001/_next/static/chunks/node_modules_next_dist_1e8vcs8._.js:776
[  271489ms] [LOG] [Fast Refresh] done in 57ms @ http://localhost:3001/_next/static/chunks/node_modules_next_dist_1e8vcs8._.js:776
[  271524ms] [LOG] [Fast Refresh] done in 57ms @ http://localhost:3001/_next/static/chunks/node_modules_next_dist_1e8vcs8._.js:776
[  271558ms] [LOG] [Fast Refresh] done in 57ms @ http://localhost:3001/_next/static/chunks/node_modules_next_dist_1e8vcs8._.js:776
[  271594ms] [LOG] [Fast Refresh] done in 57ms @ http://localhost:3001/_next/static/chunks/node_modules_next_dist_1e8vcs8._.js:776
[  271628ms] [LOG] [Fast Refresh] done in 57ms @ http://localhost:3001/_next/static/chunks/node_modules_next_dist_1e8vcs8._.js:776
[  271663ms] [LOG] [Fast Refresh] done in 57ms @ http://localhost:3001/_next/static/chunks/node_modules_next_dist_1e8vcs8._.js:776
[  271698ms] [LOG] [Fast Refresh] done in 57ms @ http://localhost:3001/_next/static/chunks/node_modules_next_dist_1e8vcs8._.js:776
[  271735ms] [LOG] [Fast Refresh] done in 57ms @ http://localhost:3001/_next/static/chunks/node_modules_next_dist_1e8vcs8._.js:776
[  271770ms] [LOG] [Fast Refresh] done in 57ms @ http://localhost:3001/_next/static/chunks/node_modules_next_dist_1e8vcs8._.js:776
[  271805ms] [LOG] [Fast Refresh] done in 57ms @ http://localhost:3001/_next/static/chunks/node_modules_next_dist_1e8vcs8._.js:776
[  271842ms] [LOG] [Fast Refresh] done in 57ms @ http://localhost:3001/_next/static/chunks/node_modules_next_dist_1e8vcs8._.js:776
[  271877ms] [LOG] [Fast Refresh] done in 57ms @ http://localhost:3001/_next/static/chunks/node_modules_next_dist_1e8vcs8._.js:776
[  271913ms] [LOG] [Fast Refresh] done in 57ms @ http://localhost:3001/_next/static/chunks/node_modules_next_dist_1e8vcs8._.js:776
[  271949ms] [LOG] [Fast Refresh] done in 57ms @ http://localhost:3001/_next/static/chunks/node_modules_next_dist_1e8vcs8._.js:776
[  271984ms] [LOG] [Fast Refresh] done in 57ms @ http://localhost:3001/_next/static/chunks/node_modules_next_dist_1e8vcs8._.js:776
[  272019ms] [LOG] [Fast Refresh] done in 57ms @ http://localhost:3001/_next/static/chunks/node_modules_next_dist_1e8vcs8._.js:776
[  272053ms] [LOG] [Fast Refresh] done in 57ms @ http://localhost:3001/_next/static/chunks/node_modules_next_dist_1e8vcs8._.js:776
[  272089ms] [LOG] [Fast Refresh] done in 57ms @ http://localhost:3001/_next/static/chunks/node_modules_next_dist_1e8vcs8._.js:776
[  272124ms] [LOG] [Fast Refresh] done in 57ms @ http://localhost:3001/_next/static/chunks/node_modules_next_dist_1e8vcs8._.js:776
[  272159ms] [LOG] [Fast Refresh] done in 57ms @ http://localhost:3001/_next/static/chunks/node_modules_next_dist_1e8vcs8._.js:776
[  272194ms] [LOG] [Fast Refresh] done in 57ms @ http://localhost:3001/_next/static/chunks/node_modules_next_dist_1e8vcs8._.js:776
[  272229ms] [LOG] [Fast Refresh] done in 57ms @ http://localhost:3001/_next/static/chunks/node_modules_next_dist_1e8vcs8._.js:776
[  272263ms] [LOG] [Fast Refresh] done in 57ms @ http://localhost:3001/_next/static/chunks/node_modules_next_dist_1e8vcs8._.js:776
[  272299ms] [LOG] [Fast Refresh] done in 57ms @ http://localhost:3001/_next/static/chunks/node_modules_next_dist_1e8vcs8._.js:776
[  272334ms] [LOG] [Fast Refresh] done in 57ms @ http://localhost:3001/_next/static/chunks/node_modules_next_dist_1e8vcs8._.js:776
[  272370ms] [LOG] [Fast Refresh] done in 57ms @ http://localhost:3001/_next/static/chunks/node_modules_next_dist_1e8vcs8._.js:776
[  272405ms] [LOG] [Fast Refresh] done in 57ms @ http://localhost:3001/_next/static/chunks/node_modules_next_dist_1e8vcs8._.js:776
[  272440ms] [LOG] [Fast Refresh] done in 57ms @ http://localhost:3001/_next/static/chunks/node_modules_next_dist_1e8vcs8._.js:776
[  272476ms] [LOG] [Fast Refresh] done in 57ms @ http://localhost:3001/_next/static/chunks/node_modules_next_dist_1e8vcs8._.js:776
[  272511ms] [LOG] [Fast Refresh] done in 57ms @ http://localhost:3001/_next/static/chunks/node_modules_next_dist_1e8vcs8._.js:776
[  272546ms] [LOG] [Fast Refresh] done in 57ms @ http://localhost:3001/_next/static/chunks/node_modules_next_dist_1e8vcs8._.js:776
[  272580ms] [LOG] [Fast Refresh] done in 57ms @ http://localhost:3001/_next/static/chunks/node_modules_next_dist_1e8vcs8._.js:776
[  272614ms] [LOG] [Fast Refresh] done in 57ms @ http://localhost:3001/_next/static/chunks/node_modules_next_dist_1e8vcs8._.js:776
[  272648ms] [LOG] [Fast Refresh] done in 57ms @ http://localhost:3001/_next/static/chunks/node_modules_next_dist_1e8vcs8._.js:776
[  272685ms] [LOG] [Fast Refresh] done in 57ms @ http://localhost:3001/_next/static/chunks/node_modules_next_dist_1e8vcs8._.js:776
[  272720ms] [LOG] [Fast Refresh] done in 57ms @ http://localhost:3001/_next/static/chunks/node_modules_next_dist_1e8vcs8._.js:776
[  272756ms] [LOG] [Fast Refresh] done in 57ms @ http://localhost:3001/_next/static/chunks/node_modules_next_dist_1e8vcs8._.js:776
[  272791ms] [LOG] [Fast Refresh] done in 57ms @ http://localhost:3001/_next/static/chunks/node_modules_next_dist_1e8vcs8._.js:776
[  272826ms] [LOG] [Fast Refresh] done in 57ms @ http://localhost:3001/_next/static/chunks/node_modules_next_dist_1e8vcs8._.js:776
[  272861ms] [LOG] [Fast Refresh] done in 57ms @ http://localhost:3001/_next/static/chunks/node_modules_next_dist_1e8vcs8._.js:776
[  272898ms] [LOG] [Fast Refresh] done in 57ms @ http://localhost:3001/_next/static/chunks/node_modules_next_dist_1e8vcs8._.js:776
[  272934ms] [LOG] [Fast Refresh] done in 57ms @ http://localhost:3001/_next/static/chunks/node_modules_next_dist_1e8vcs8._.js:776
[  272970ms] [LOG] [Fast Refresh] done in 57ms @ http://localhost:3001/_next/static/chunks/node_modules_next_dist_1e8vcs8._.js:776
[  273006ms] [LOG] [Fast Refresh] done in 57ms @ http://localhost:3001/_next/static/chunks/node_modules_next_dist_1e8vcs8._.js:776
[  273040ms] [LOG] [Fast Refresh] done in 57ms @ http://localhost:3001/_next/static/chunks/node_modules_next_dist_1e8vcs8._.js:776
[  273076ms] [LOG] [Fast Refresh] done in 57ms @ http://localhost:3001/_next/static/chunks/node_modules_next_dist_1e8vcs8._.js:776
[  273110ms] [LOG] [Fast Refresh] done in 57ms @ http://localhost:3001/_next/static/chunks/node_modules_next_dist_1e8vcs8._.js:776
[  273145ms] [LOG] [Fast Refresh] done in 57ms @ http://localhost:3001/_next/static/chunks/node_modules_next_dist_1e8vcs8._.js:776
[  273181ms] [LOG] [Fast Refresh] done in 57ms @ http://localhost:3001/_next/static/chunks/node_modules_next_dist_1e8vcs8._.js:776
[  273215ms] [LOG] [Fast Refresh] done in 57ms @ http://localhost:3001/_next/static/chunks/node_modules_next_dist_1e8vcs8._.js:776
[  273250ms] [LOG] [Fast Refresh] done in 57ms @ http://localhost:3001/_next/static/chunks/node_modules_next_dist_1e8vcs8._.js:776
[  273285ms] [LOG] [Fast Refresh] done in 57ms @ http://localhost:3001/_next/static/chunks/node_modules_next_dist_1e8vcs8._.js:776
[  273320ms] [LOG] [Fast Refresh] done in 57ms @ http://localhost:3001/_next/static/chunks/node_modules_next_dist_1e8vcs8._.js:776
[  273355ms] [LOG] [Fast Refresh] done in 57ms @ http://localhost:3001/_next/static/chunks/node_modules_next_dist_1e8vcs8._.js:776
[  273389ms] [LOG] [Fast Refresh] done in 57ms @ http://localhost:3001/_next/static/chunks/node_modules_next_dist_1e8vcs8._.js:776
[  273424ms] [LOG] [Fast Refresh] done in 57ms @ http://localhost:3001/_next/static/chunks/node_modules_next_dist_1e8vcs8._.js:776
[  273460ms] [LOG] [Fast Refresh] done in 57ms @ http://localhost:3001/_next/static/chunks/node_modules_next_dist_1e8vcs8._.js:776
[  273494ms] [LOG] [Fast Refresh] done in 57ms @ http://localhost:3001/_next/static/chunks/node_modules_next_dist_1e8vcs8._.js:776
[  273529ms] [LOG] [Fast Refresh] done in 57ms @ http://localhost:3001/_next/static/chunks/node_modules_next_dist_1e8vcs8._.js:776
[  273564ms] [LOG] [Fast Refresh] done in 57ms @ http://localhost:3001/_next/static/chunks/node_modules_next_dist_1e8vcs8._.js:776
[  273599ms] [LOG] [Fast Refresh] done in 57ms @ http://localhost:3001/_next/static/chunks/node_modules_next_dist_1e8vcs8._.js:776
[  273633ms] [LOG] [Fast Refresh] done in 57ms @ http://localhost:3001/_next/static/chunks/node_modules_next_dist_1e8vcs8._.js:776
[  273668ms] [LOG] [Fast Refresh] done in 57ms @ http://localhost:3001/_next/static/chunks/node_modules_next_dist_1e8vcs8._.js:776
[  273704ms] [LOG] [Fast Refresh] done in 57ms @ http://localhost:3001/_next/static/chunks/node_modules_next_dist_1e8vcs8._.js:776
[  273741ms] [LOG] [Fast Refresh] done in 57ms @ http://localhost:3001/_next/static/chunks/node_modules_next_dist_1e8vcs8._.js:776
[  273776ms] [LOG] [Fast Refresh] done in 57ms @ http://localhost:3001/_next/static/chunks/node_modules_next_dist_1e8vcs8._.js:776
[  273810ms] [LOG] [Fast Refresh] done in 57ms @ http://localhost:3001/_next/static/chunks/node_modules_next_dist_1e8vcs8._.js:776
[  273844ms] [LOG] [Fast Refresh] done in 57ms @ http://localhost:3001/_next/static/chunks/node_modules_next_dist_1e8vcs8._.js:776
[  273879ms] [LOG] [Fast Refresh] done in 57ms @ http://localhost:3001/_next/static/chunks/node_modules_next_dist_1e8vcs8._.js:776
[  273913ms] [LOG] [Fast Refresh] done in 57ms @ http://localhost:3001/_next/static/chunks/node_modules_next_dist_1e8vcs8._.js:776
[  273948ms] [LOG] [Fast Refresh] done in 57ms @ http://localhost:3001/_next/static/chunks/node_modules_next_dist_1e8vcs8._.js:776
[  273983ms] [LOG] [Fast Refresh] done in 57ms @ http://localhost:3001/_next/static/chunks/node_modules_next_dist_1e8vcs8._.js:776
[  274017ms] [LOG] [Fast Refresh] done in 57ms @ http://localhost:3001/_next/static/chunks/node_modules_next_dist_1e8vcs8._.js:776
[  274052ms] [LOG] [Fast Refresh] done in 57ms @ http://localhost:3001/_next/static/chunks/node_modules_next_dist_1e8vcs8._.js:776
[  274087ms] [LOG] [Fast Refresh] done in 57ms @ http://localhost:3001/_next/static/chunks/node_modules_next_dist_1e8vcs8._.js:776
[  274122ms] [LOG] [Fast Refresh] done in 57ms @ http://localhost:3001/_next/static/chunks/node_modules_next_dist_1e8vcs8._.js:776
[  274156ms] [LOG] [Fast Refresh] done in 57ms @ http://localhost:3001/_next/static/chunks/node_modules_next_dist_1e8vcs8._.js:776
[  274194ms] [LOG] [Fast Refresh] done in 57ms @ http://localhost:3001/_next/static/chunks/node_modules_next_dist_1e8vcs8._.js:776
[  274229ms] [LOG] [Fast Refresh] done in 57ms @ http://localhost:3001/_next/static/chunks/node_modules_next_dist_1e8vcs8._.js:776
[  274265ms] [LOG] [Fast Refresh] done in 57ms @ http://localhost:3001/_next/static/chunks/node_modules_next_dist_1e8vcs8._.js:776
[  274300ms] [LOG] [Fast Refresh] done in 57ms @ http://localhost:3001/_next/static/chunks/node_modules_next_dist_1e8vcs8._.js:776
[  274335ms] [LOG] [Fast Refresh] done in 57ms @ http://localhost:3001/_next/static/chunks/node_modules_next_dist_1e8vcs8._.js:776
[  274370ms] [LOG] [Fast Refresh] done in 57ms @ http://localhost:3001/_next/static/chunks/node_modules_next_dist_1e8vcs8._.js:776
[  274406ms] [LOG] [Fast Refresh] done in 57ms @ http://localhost:3001/_next/static/chunks/node_modules_next_dist_1e8vcs8._.js:776
[  274440ms] [LOG] [Fast Refresh] done in 57ms @ http://localhost:3001/_next/static/chunks/node_modules_next_dist_1e8vcs8._.js:776
[  274475ms] [LOG] [Fast Refresh] done in 57ms @ http://localhost:3001/_next/static/chunks/node_modules_next_dist_1e8vcs8._.js:776
[  274510ms] [LOG] [Fast Refresh] done in 57ms @ http://localhost:3001/_next/static/chunks/node_modules_next_dist_1e8vcs8._.js:776
[  274546ms] [LOG] [Fast Refresh] done in 57ms @ http://localhost:3001/_next/static/chunks/node_modules_next_dist_1e8vcs8._.js:776
[  274583ms] [LOG] [Fast Refresh] done in 57ms @ http://localhost:3001/_next/static/chunks/node_modules_next_dist_1e8vcs8._.js:776
[  274618ms] [LOG] [Fast Refresh] done in 57ms @ http://localhost:3001/_next/static/chunks/node_modules_next_dist_1e8vcs8._.js:776
[  274653ms] [LOG] [Fast Refresh] done in 57ms @ http://localhost:3001/_next/static/chunks/node_modules_next_dist_1e8vcs8._.js:776
[  274687ms] [LOG] [Fast Refresh] done in 57ms @ http://localhost:3001/_next/static/chunks/node_modules_next_dist_1e8vcs8._.js:776
[  274723ms] [LOG] [Fast Refresh] done in 57ms @ http://localhost:3001/_next/static/chunks/node_modules_next_dist_1e8vcs8._.js:776
[  274758ms] [LOG] [Fast Refresh] done in 57ms @ http://localhost:3001/_next/static/chunks/node_modules_next_dist_1e8vcs8._.js:776
[  274793ms] [LOG] [Fast Refresh] done in 57ms @ http://localhost:3001/_next/static/chunks/node_modules_next_dist_1e8vcs8._.js:776
[  274827ms] [LOG] [Fast Refresh] done in 57ms @ http://localhost:3001/_next/static/chunks/node_modules_next_dist_1e8vcs8._.js:776
[  274863ms] [LOG] [Fast Refresh] done in 57ms @ http://localhost:3001/_next/static/chunks/node_modules_next_dist_1e8vcs8._.js:776
[  274898ms] [LOG] [Fast Refresh] done in 57ms @ http://localhost:3001/_next/static/chunks/node_modules_next_dist_1e8vcs8._.js:776
[  274932ms] [LOG] [Fast Refresh] done in 57ms @ http://localhost:3001/_next/static/chunks/node_modules_next_dist_1e8vcs8._.js:776
[  274968ms] [LOG] [Fast Refresh] done in 57ms @ http://localhost:3001/_next/static/chunks/node_modules_next_dist_1e8vcs8._.js:776
[  275002ms] [LOG] [Fast Refresh] done in 57ms @ http://localhost:3001/_next/static/chunks/node_modules_next_dist_1e8vcs8._.js:776
[  275037ms] [LOG] [Fast Refresh] done in 57ms @ http://localhost:3001/_next/static/chunks/node_modules_next_dist_1e8vcs8._.js:776
[  275072ms] [LOG] [Fast Refresh] done in 57ms @ http://localhost:3001/_next/static/chunks/node_modules_next_dist_1e8vcs8._.js:776
[  275107ms] [LOG] [Fast Refresh] done in 57ms @ http://localhost:3001/_next/static/chunks/node_modules_next_dist_1e8vcs8._.js:776
[  275142ms] [LOG] [Fast Refresh] done in 57ms @ http://localhost:3001/_next/static/chunks/node_modules_next_dist_1e8vcs8._.js:776
[  275177ms] [LOG] [Fast Refresh] done in 57ms @ http://localhost:3001/_next/static/chunks/node_modules_next_dist_1e8vcs8._.js:776
[  275212ms] [LOG] [Fast Refresh] done in 57ms @ http://localhost:3001/_next/static/chunks/node_modules_next_dist_1e8vcs8._.js:776
[  275246ms] [LOG] [Fast Refresh] done in 57ms @ http://localhost:3001/_next/static/chunks/node_modules_next_dist_1e8vcs8._.js:776
[  275281ms] [LOG] [Fast Refresh] done in 57ms @ http://localhost:3001/_next/static/chunks/node_modules_next_dist_1e8vcs8._.js:776
[  275316ms] [LOG] [Fast Refresh] done in 57ms @ http://localhost:3001/_next/static/chunks/node_modules_next_dist_1e8vcs8._.js:776
[  275352ms] [LOG] [Fast Refresh] done in 57ms @ http://localhost:3001/_next/static/chunks/node_modules_next_dist_1e8vcs8._.js:776
[  275386ms] [LOG] [Fast Refresh] done in 57ms @ http://localhost:3001/_next/static/chunks/node_modules_next_dist_1e8vcs8._.js:776
[  275421ms] [LOG] [Fast Refresh] done in 57ms @ http://localhost:3001/_next/static/chunks/node_modules_next_dist_1e8vcs8._.js:776
[  275455ms] [LOG] [Fast Refresh] done in 57ms @ http://localhost:3001/_next/static/chunks/node_modules_next_dist_1e8vcs8._.js:776
[  275492ms] [LOG] [Fast Refresh] done in 57ms @ http://localhost:3001/_next/static/chunks/node_modules_next_dist_1e8vcs8._.js:776
[  275525ms] [LOG] [Fast Refresh] done in 57ms @ http://localhost:3001/_next/static/chunks/node_modules_next_dist_1e8vcs8._.js:776
[  275560ms] [LOG] [Fast Refresh] done in 57ms @ http://localhost:3001/_next/static/chunks/node_modules_next_dist_1e8vcs8._.js:776
[  275595ms] [LOG] [Fast Refresh] done in 57ms @ http://localhost:3001/_next/static/chunks/node_modules_next_dist_1e8vcs8._.js:776
[  275630ms] [LOG] [Fast Refresh] done in 57ms @ http://localhost:3001/_next/static/chunks/node_modules_next_dist_1e8vcs8._.js:776
[  275664ms] [LOG] [Fast Refresh] done in 57ms @ http://localhost:3001/_next/static/chunks/node_modules_next_dist_1e8vcs8._.js:776
[  275699ms] [LOG] [Fast Refresh] done in 57ms @ http://localhost:3001/_next/static/chunks/node_modules_next_dist_1e8vcs8._.js:776
[  275734ms] [LOG] [Fast Refresh] done in 57ms @ http://localhost:3001/_next/static/chunks/node_modules_next_dist_1e8vcs8._.js:776
[  275768ms] [LOG] [Fast Refresh] done in 57ms @ http://localhost:3001/_next/static/chunks/node_modules_next_dist_1e8vcs8._.js:776
[  275804ms] [LOG] [Fast Refresh] done in 57ms @ http://localhost:3001/_next/static/chunks/node_modules_next_dist_1e8vcs8._.js:776
[  275838ms] [LOG] [Fast Refresh] done in 57ms @ http://localhost:3001/_next/static/chunks/node_modules_next_dist_1e8vcs8._.js:776
[  275873ms] [LOG] [Fast Refresh] done in 57ms @ http://localhost:3001/_next/static/chunks/node_modules_next_dist_1e8vcs8._.js:776
[  275907ms] [LOG] [Fast Refresh] done in 57ms @ http://localhost:3001/_next/static/chunks/node_modules_next_dist_1e8vcs8._.js:776
[  275942ms] [LOG] [Fast Refresh] done in 57ms @ http://localhost:3001/_next/static/chunks/node_modules_next_dist_1e8vcs8._.js:776
[  275976ms] [LOG] [Fast Refresh] done in 57ms @ http://localhost:3001/_next/static/chunks/node_modules_next_dist_1e8vcs8._.js:776
[  276011ms] [LOG] [Fast Refresh] done in 57ms @ http://localhost:3001/_next/static/chunks/node_modules_next_dist_1e8vcs8._.js:776
[  276046ms] [LOG] [Fast Refresh] done in 57ms @ http://localhost:3001/_next/static/chunks/node_modules_next_dist_1e8vcs8._.js:776
[  276080ms] [LOG] [Fast Refresh] done in 57ms @ http://localhost:3001/_next/static/chunks/node_modules_next_dist_1e8vcs8._.js:776
[  276115ms] [LOG] [Fast Refresh] done in 57ms @ http://localhost:3001/_next/static/chunks/node_modules_next_dist_1e8vcs8._.js:776
[  276150ms] [LOG] [Fast Refresh] done in 57ms @ http://localhost:3001/_next/static/chunks/node_modules_next_dist_1e8vcs8._.js:776
[  276186ms] [LOG] [Fast Refresh] done in 57ms @ http://localhost:3001/_next/static/chunks/node_modules_next_dist_1e8vcs8._.js:776
[  276221ms] [LOG] [Fast Refresh] done in 57ms @ http://localhost:3001/_next/static/chunks/node_modules_next_dist_1e8vcs8._.js:776
[  276255ms] [LOG] [Fast Refresh] done in 57ms @ http://localhost:3001/_next/static/chunks/node_modules_next_dist_1e8vcs8._.js:776
[  276290ms] [LOG] [Fast Refresh] done in 57ms @ http://localhost:3001/_next/static/chunks/node_modules_next_dist_1e8vcs8._.js:776
[  276324ms] [LOG] [Fast Refresh] done in 57ms @ http://localhost:3001/_next/static/chunks/node_modules_next_dist_1e8vcs8._.js:776
[  276358ms] [LOG] [Fast Refresh] done in 57ms @ http://localhost:3001/_next/static/chunks/node_modules_next_dist_1e8vcs8._.js:776
[  276393ms] [LOG] [Fast Refresh] done in 57ms @ http://localhost:3001/_next/static/chunks/node_modules_next_dist_1e8vcs8._.js:776
[  276427ms] [LOG] [Fast Refresh] done in 57ms @ http://localhost:3001/_next/static/chunks/node_modules_next_dist_1e8vcs8._.js:776
[  276461ms] [LOG] [Fast Refresh] done in 57ms @ http://localhost:3001/_next/static/chunks/node_modules_next_dist_1e8vcs8._.js:776
[  276496ms] [LOG] [Fast Refresh] done in 57ms @ http://localhost:3001/_next/static/chunks/node_modules_next_dist_1e8vcs8._.js:776
[  276530ms] [LOG] [Fast Refresh] done in 57ms @ http://localhost:3001/_next/static/chunks/node_modules_next_dist_1e8vcs8._.js:776
[  276564ms] [LOG] [Fast Refresh] done in 57ms @ http://localhost:3001/_next/static/chunks/node_modules_next_dist_1e8vcs8._.js:776
[  276599ms] [LOG] [Fast Refresh] done in 57ms @ http://localhost:3001/_next/static/chunks/node_modules_next_dist_1e8vcs8._.js:776
[  276634ms] [LOG] [Fast Refresh] done in 57ms @ http://localhost:3001/_next/static/chunks/node_modules_next_dist_1e8vcs8._.js:776
[  276669ms] [LOG] [Fast Refresh] done in 57ms @ http://localhost:3001/_next/static/chunks/node_modules_next_dist_1e8vcs8._.js:776
[  276705ms] [LOG] [Fast Refresh] done in 57ms @ http://localhost:3001/_next/static/chunks/node_modules_next_dist_1e8vcs8._.js:776
[  276740ms] [LOG] [Fast Refresh] done in 57ms @ http://localhost:3001/_next/static/chunks/node_modules_next_dist_1e8vcs8._.js:776
[  276775ms] [LOG] [Fast Refresh] done in 57ms @ http://localhost:3001/_next/static/chunks/node_modules_next_dist_1e8vcs8._.js:776
[  276810ms] [LOG] [Fast Refresh] done in 57ms @ http://localhost:3001/_next/static/chunks/node_modules_next_dist_1e8vcs8._.js:776
[  276844ms] [LOG] [Fast Refresh] done in 57ms @ http://localhost:3001/_next/static/chunks/node_modules_next_dist_1e8vcs8._.js:776
[  276879ms] [LOG] [Fast Refresh] done in 57ms @ http://localhost:3001/_next/static/chunks/node_modules_next_dist_1e8vcs8._.js:776
[  276915ms] [LOG] [Fast Refresh] done in 57ms @ http://localhost:3001/_next/static/chunks/node_modules_next_dist_1e8vcs8._.js:776
[  276950ms] [LOG] [Fast Refresh] done in 57ms @ http://localhost:3001/_next/static/chunks/node_modules_next_dist_1e8vcs8._.js:776
[  276986ms] [LOG] [Fast Refresh] done in 57ms @ http://localhost:3001/_next/static/chunks/node_modules_next_dist_1e8vcs8._.js:776
[  277021ms] [LOG] [Fast Refresh] done in 57ms @ http://localhost:3001/_next/static/chunks/node_modules_next_dist_1e8vcs8._.js:776
[  277055ms] [LOG] [Fast Refresh] done in 57ms @ http://localhost:3001/_next/static/chunks/node_modules_next_dist_1e8vcs8._.js:776
[  277092ms] [LOG] [Fast Refresh] done in 57ms @ http://localhost:3001/_next/static/chunks/node_modules_next_dist_1e8vcs8._.js:776
[  277127ms] [LOG] [Fast Refresh] done in 57ms @ http://localhost:3001/_next/static/chunks/node_modules_next_dist_1e8vcs8._.js:776
[  277162ms] [LOG] [Fast Refresh] done in 57ms @ http://localhost:3001/_next/static/chunks/node_modules_next_dist_1e8vcs8._.js:776
[  277196ms] [LOG] [Fast Refresh] done in 57ms @ http://localhost:3001/_next/static/chunks/node_modules_next_dist_1e8vcs8._.js:776
[  277231ms] [LOG] [Fast Refresh] done in 57ms @ http://localhost:3001/_next/static/chunks/node_modules_next_dist_1e8vcs8._.js:776
[  277267ms] [LOG] [Fast Refresh] done in 57ms @ http://localhost:3001/_next/static/chunks/node_modules_next_dist_1e8vcs8._.js:776
[  277302ms] [LOG] [Fast Refresh] done in 57ms @ http://localhost:3001/_next/static/chunks/node_modules_next_dist_1e8vcs8._.js:776
[  277338ms] [LOG] [Fast Refresh] done in 57ms @ http://localhost:3001/_next/static/chunks/node_modules_next_dist_1e8vcs8._.js:776
[  277372ms] [LOG] [Fast Refresh] done in 57ms @ http://localhost:3001/_next/static/chunks/node_modules_next_dist_1e8vcs8._.js:776
[  277408ms] [LOG] [Fast Refresh] done in 57ms @ http://localhost:3001/_next/static/chunks/node_modules_next_dist_1e8vcs8._.js:776
[  277443ms] [LOG] [Fast Refresh] done in 57ms @ http://localhost:3001/_next/static/chunks/node_modules_next_dist_1e8vcs8._.js:776
[  277478ms] [LOG] [Fast Refresh] done in 57ms @ http://localhost:3001/_next/static/chunks/node_modules_next_dist_1e8vcs8._.js:776
[  277513ms] [LOG] [Fast Refresh] done in 57ms @ http://localhost:3001/_next/static/chunks/node_modules_next_dist_1e8vcs8._.js:776
[  277547ms] [LOG] [Fast Refresh] done in 57ms @ http://localhost:3001/_next/static/chunks/node_modules_next_dist_1e8vcs8._.js:776
[  277581ms] [LOG] [Fast Refresh] done in 57ms @ http://localhost:3001/_next/static/chunks/node_modules_next_dist_1e8vcs8._.js:776
[  277616ms] [LOG] [Fast Refresh] done in 57ms @ http://localhost:3001/_next/static/chunks/node_modules_next_dist_1e8vcs8._.js:776
[  277650ms] [LOG] [Fast Refresh] done in 57ms @ http://localhost:3001/_next/static/chunks/node_modules_next_dist_1e8vcs8._.js:776
[  277685ms] [LOG] [Fast Refresh] done in 57ms @ http://localhost:3001/_next/static/chunks/node_modules_next_dist_1e8vcs8._.js:776
[  277721ms] [LOG] [Fast Refresh] done in 57ms @ http://localhost:3001/_next/static/chunks/node_modules_next_dist_1e8vcs8._.js:776
[  277756ms] [LOG] [Fast Refresh] done in 57ms @ http://localhost:3001/_next/static/chunks/node_modules_next_dist_1e8vcs8._.js:776
[  277790ms] [LOG] [Fast Refresh] done in 57ms @ http://localhost:3001/_next/static/chunks/node_modules_next_dist_1e8vcs8._.js:776
[  277826ms] [LOG] [Fast Refresh] done in 57ms @ http://localhost:3001/_next/static/chunks/node_modules_next_dist_1e8vcs8._.js:776
[  277860ms] [LOG] [Fast Refresh] done in 57ms @ http://localhost:3001/_next/static/chunks/node_modules_next_dist_1e8vcs8._.js:776
[  277894ms] [LOG] [Fast Refresh] done in 57ms @ http://localhost:3001/_next/static/chunks/node_modules_next_dist_1e8vcs8._.js:776
[  277929ms] [LOG] [Fast Refresh] done in 57ms @ http://localhost:3001/_next/static/chunks/node_modules_next_dist_1e8vcs8._.js:776
[  277964ms] [LOG] [Fast Refresh] done in 57ms @ http://localhost:3001/_next/static/chunks/node_modules_next_dist_1e8vcs8._.js:776
[  277998ms] [LOG] [Fast Refresh] done in 57ms @ http://localhost:3001/_next/static/chunks/node_modules_next_dist_1e8vcs8._.js:776
[  278034ms] [LOG] [Fast Refresh] done in 57ms @ http://localhost:3001/_next/static/chunks/node_modules_next_dist_1e8vcs8._.js:776
[  278069ms] [LOG] [Fast Refresh] done in 57ms @ http://localhost:3001/_next/static/chunks/node_modules_next_dist_1e8vcs8._.js:776
[  278104ms] [LOG] [Fast Refresh] done in 57ms @ http://localhost:3001/_next/static/chunks/node_modules_next_dist_1e8vcs8._.js:776
[  278140ms] [LOG] [Fast Refresh] done in 57ms @ http://localhost:3001/_next/static/chunks/node_modules_next_dist_1e8vcs8._.js:776
[  278176ms] [LOG] [Fast Refresh] done in 57ms @ http://localhost:3001/_next/static/chunks/node_modules_next_dist_1e8vcs8._.js:776
[  278210ms] [LOG] [Fast Refresh] done in 57ms @ http://localhost:3001/_next/static/chunks/node_modules_next_dist_1e8vcs8._.js:776
[  278245ms] [LOG] [Fast Refresh] done in 57ms @ http://localhost:3001/_next/static/chunks/node_modules_next_dist_1e8vcs8._.js:776
[  278279ms] [LOG] [Fast Refresh] done in 57ms @ http://localhost:3001/_next/static/chunks/node_modules_next_dist_1e8vcs8._.js:776
[  278315ms] [LOG] [Fast Refresh] done in 57ms @ http://localhost:3001/_next/static/chunks/node_modules_next_dist_1e8vcs8._.js:776
[  278351ms] [LOG] [Fast Refresh] done in 57ms @ http://localhost:3001/_next/static/chunks/node_modules_next_dist_1e8vcs8._.js:776
[  278386ms] [LOG] [Fast Refresh] done in 57ms @ http://localhost:3001/_next/static/chunks/node_modules_next_dist_1e8vcs8._.js:776
[  278421ms] [LOG] [Fast Refresh] done in 57ms @ http://localhost:3001/_next/static/chunks/node_modules_next_dist_1e8vcs8._.js:776
[  278456ms] [LOG] [Fast Refresh] done in 57ms @ http://localhost:3001/_next/static/chunks/node_modules_next_dist_1e8vcs8._.js:776
[  278491ms] [LOG] [Fast Refresh] done in 57ms @ http://localhost:3001/_next/static/chunks/node_modules_next_dist_1e8vcs8._.js:776
[  278526ms] [LOG] [Fast Refresh] done in 57ms @ http://localhost:3001/_next/static/chunks/node_modules_next_dist_1e8vcs8._.js:776
[  278561ms] [LOG] [Fast Refresh] done in 57ms @ http://localhost:3001/_next/static/chunks/node_modules_next_dist_1e8vcs8._.js:776
[  278596ms] [LOG] [Fast Refresh] done in 57ms @ http://localhost:3001/_next/static/chunks/node_modules_next_dist_1e8vcs8._.js:776
[  278631ms] [LOG] [Fast Refresh] done in 57ms @ http://localhost:3001/_next/static/chunks/node_modules_next_dist_1e8vcs8._.js:776
[  278666ms] [LOG] [Fast Refresh] done in 57ms @ http://localhost:3001/_next/static/chunks/node_modules_next_dist_1e8vcs8._.js:776
[  278701ms] [LOG] [Fast Refresh] done in 57ms @ http://localhost:3001/_next/static/chunks/node_modules_next_dist_1e8vcs8._.js:776
[  278735ms] [LOG] [Fast Refresh] done in 57ms @ http://localhost:3001/_next/static/chunks/node_modules_next_dist_1e8vcs8._.js:776
[  278771ms] [LOG] [Fast Refresh] done in 57ms @ http://localhost:3001/_next/static/chunks/node_modules_next_dist_1e8vcs8._.js:776
[  278819ms] [LOG] [Fast Refresh] done in 57ms @ http://localhost:3001/_next/static/chunks/node_modules_next_dist_1e8vcs8._.js:776
[  278854ms] [LOG] [Fast Refresh] done in 57ms @ http://localhost:3001/_next/static/chunks/node_modules_next_dist_1e8vcs8._.js:776
[  278889ms] [LOG] [Fast Refresh] done in 57ms @ http://localhost:3001/_next/static/chunks/node_modules_next_dist_1e8vcs8._.js:776
[  278923ms] [LOG] [Fast Refresh] done in 57ms @ http://localhost:3001/_next/static/chunks/node_modules_next_dist_1e8vcs8._.js:776
[  279169ms] [LOG] [Fast Refresh] done in 57ms @ http://localhost:3001/_next/static/chunks/node_modules_next_dist_1e8vcs8._.js:776
[  279205ms] [LOG] [Fast Refresh] done in 57ms @ http://localhost:3001/_next/static/chunks/node_modules_next_dist_1e8vcs8._.js:776
[  279240ms] [LOG] [Fast Refresh] done in 57ms @ http://localhost:3001/_next/static/chunks/node_modules_next_dist_1e8vcs8._.js:776
[  279275ms] [LOG] [Fast Refresh] done in 57ms @ http://localhost:3001/_next/static/chunks/node_modules_next_dist_1e8vcs8._.js:776
[  279310ms] [LOG] [Fast Refresh] done in 57ms @ http://localhost:3001/_next/static/chunks/node_modules_next_dist_1e8vcs8._.js:776
[  279346ms] [LOG] [Fast Refresh] done in 57ms @ http://localhost:3001/_next/static/chunks/node_modules_next_dist_1e8vcs8._.js:776
[  279381ms] [LOG] [Fast Refresh] done in 57ms @ http://localhost:3001/_next/static/chunks/node_modules_next_dist_1e8vcs8._.js:776
[  279417ms] [LOG] [Fast Refresh] done in 57ms @ http://localhost:3001/_next/static/chunks/node_modules_next_dist_1e8vcs8._.js:776
[  279452ms] [LOG] [Fast Refresh] done in 57ms @ http://localhost:3001/_next/static/chunks/node_modules_next_dist_1e8vcs8._.js:776
[  279486ms] [LOG] [Fast Refresh] done in 57ms @ http://localhost:3001/_next/static/chunks/node_modules_next_dist_1e8vcs8._.js:776
[  279521ms] [LOG] [Fast Refresh] done in 57ms @ http://localhost:3001/_next/static/chunks/node_modules_next_dist_1e8vcs8._.js:776
[  279556ms] [LOG] [Fast Refresh] done in 57ms @ http://localhost:3001/_next/static/chunks/node_modules_next_dist_1e8vcs8._.js:776
[  279591ms] [LOG] [Fast Refresh] done in 57ms @ http://localhost:3001/_next/static/chunks/node_modules_next_dist_1e8vcs8._.js:776
[  279626ms] [LOG] [Fast Refresh] done in 57ms @ http://localhost:3001/_next/static/chunks/node_modules_next_dist_1e8vcs8._.js:776
[  279661ms] [LOG] [Fast Refresh] done in 57ms @ http://localhost:3001/_next/static/chunks/node_modules_next_dist_1e8vcs8._.js:776
[  279695ms] [LOG] [Fast Refresh] done in 57ms @ http://localhost:3001/_next/static/chunks/node_modules_next_dist_1e8vcs8._.js:776
[  279730ms] [LOG] [Fast Refresh] done in 57ms @ http://localhost:3001/_next/static/chunks/node_modules_next_dist_1e8vcs8._.js:776
[  279765ms] [LOG] [Fast Refresh] done in 57ms @ http://localhost:3001/_next/static/chunks/node_modules_next_dist_1e8vcs8._.js:776
[  279800ms] [LOG] [Fast Refresh] done in 57ms @ http://localhost:3001/_next/static/chunks/node_modules_next_dist_1e8vcs8._.js:776
[  279834ms] [LOG] [Fast Refresh] done in 57ms @ http://localhost:3001/_next/static/chunks/node_modules_next_dist_1e8vcs8._.js:776
[  279870ms] [LOG] [Fast Refresh] done in 57ms @ http://localhost:3001/_next/static/chunks/node_modules_next_dist_1e8vcs8._.js:776
[  279904ms] [LOG] [Fast Refresh] done in 57ms @ http://localhost:3001/_next/static/chunks/node_modules_next_dist_1e8vcs8._.js:776
[  279939ms] [LOG] [Fast Refresh] done in 57ms @ http://localhost:3001/_next/static/chunks/node_modules_next_dist_1e8vcs8._.js:776
[  279974ms] [LOG] [Fast Refresh] done in 57ms @ http://localhost:3001/_next/static/chunks/node_modules_next_dist_1e8vcs8._.js:776
[  280009ms] [LOG] [Fast Refresh] done in 57ms @ http://localhost:3001/_next/static/chunks/node_modules_next_dist_1e8vcs8._.js:776
[  280044ms] [LOG] [Fast Refresh] done in 57ms @ http://localhost:3001/_next/static/chunks/node_modules_next_dist_1e8vcs8._.js:776
[  280078ms] [LOG] [Fast Refresh] done in 57ms @ http://localhost:3001/_next/static/chunks/node_modules_next_dist_1e8vcs8._.js:776
[  280112ms] [LOG] [Fast Refresh] done in 57ms @ http://localhost:3001/_next/static/chunks/node_modules_next_dist_1e8vcs8._.js:776
[  280204ms] [LOG] [Fast Refresh] done in 57ms @ http://localhost:3001/_next/static/chunks/node_modules_next_dist_1e8vcs8._.js:776
[  280240ms] [LOG] [Fast Refresh] done in 57ms @ http://localhost:3001/_next/static/chunks/node_modules_next_dist_1e8vcs8._.js:776
[  280275ms] [LOG] [Fast Refresh] done in 57ms @ http://localhost:3001/_next/static/chunks/node_modules_next_dist_1e8vcs8._.js:776
